{
    "best_params": {
        "num_leaves": 54,
        "learning_rate": 0.03097217172553969,
        "min_child_samples": 68,
        "subsample": 0.8786262711511896,
        "colsample_bytree": 0.5851956998764561
    },
    "best_score": 0.5954583683767872
}