{
    "best_params": {
        "num_leaves": 47,
        "learning_rate": 0.11378176981078691,
        "min_child_samples": 87,
        "subsample": 0.6823513869314841,
        "colsample_bytree": 0.6434112814435224
    },
    "best_score": 0.6038687973086627
}