{
    "best_params": {
        "num_leaves": 58,
        "learning_rate": 0.048859061344763206,
        "min_child_samples": 16,
        "subsample": 0.5619774082790465,
        "colsample_bytree": 0.9945863237579918
    },
    "best_score": 0.607232968881413
}