{
    "best_params": {
        "num_leaves": 36,
        "learning_rate": 0.03558409333364868,
        "min_child_samples": 85,
        "subsample": 0.53395959694028,
        "colsample_bytree": 0.5919638397496819
    },
    "best_score": 0.7201351989712093
}