{"predict_data": [{"fighter_kd_differential": 0.3571428571428571, "fighter_str_differential": 38.46428571428572, "fighter_td_differential": -0.5714285714285714, "fighter_sub_differential": 0.25, "fighter_winrate": 0.75, "fighter_winstreak": 2, "fighter_totalfights": 28, "fighter_totalwins": 21, "fighter_titlefights": 9, "opponent_kd_differential": -0.1428571428571428, "opponent_str_differential": -7.285714285714286, "opponent_td_differential": -0.2857142857142857, "opponent_sub_differential": 0.4285714285714285, "opponent_winrate": 0.5, "opponent_winstreak": 0, "opponent_totalfights": 14, "opponent_totalwins": 7, "opponent_titlefights": 2, "fighter_dob": 1991, "opponent_dob": 1987, "result": "unknown", "predicted_result": "win", "probability_draw": 1.780325086588448e-06, "probability_loss": 0.07940613725220412, "probability_nc": 0.0001915237385377064, "probability_win": 0.9204005586841717}], "class_probabilities": [[1.780325086588448e-06, 0.07940613725220412, 0.0001915237385377064, 0.9204005586841717]]}