{"predict_data": [{"fighter_kd_differential": 0.8571428571428571, "fighter_str_differential": 5.357142857142857, "fighter_td_differential": -0.4285714285714285, "fighter_sub_differential": -0.2142857142857142, "fighter_winrate": 0.7142857142857143, "fighter_winstreak": 0, "fighter_totalfights": 14, "fighter_totalwins": 10, "fighter_titlefights": 4, "opponent_kd_differential": 0.1538461538461538, "opponent_str_differential": 31.07692307692308, "opponent_td_differential": 4.538461538461538, "opponent_sub_differential": 0.5384615384615384, "opponent_winrate": 1.0, "opponent_winstreak": 13, "opponent_totalfights": 13, "opponent_totalwins": 13, "opponent_titlefights": 4, "fighter_dob": 1988, "opponent_dob": 1988, "result": "unknown", "predicted_result": "loss", "probability_draw": 2.6622610160215015e-06, "probability_loss": 0.9276991131812664, "probability_nc": 5.5029733541013865e-05, "probability_win": 0.07224319482417657}], "class_probabilities": [[2.6622610160215015e-06, 0.9276991131812664, 5.5029733541013865e-05, 0.07224319482417657]]}