{"predict_data": [{"fighter_kd_differential": 0.8571428571428571, "fighter_str_differential": 5.357142857142857, "fighter_td_differential": -0.4285714285714285, "fighter_sub_differential": -0.2142857142857142, "fighter_winrate": 0.7142857142857143, "fighter_winstreak": 0, "fighter_totalfights": 14, "fighter_totalwins": 10, "fighter_titlefights": 4, "opponent_kd_differential": 0.3225806451612903, "opponent_str_differential": 11.838709677419354, "opponent_td_differential": -0.032258064516129, "opponent_sub_differential": -0.064516129032258, "opponent_winrate": 0.7096774193548387, "opponent_winstreak": 0, "opponent_totalfights": 31, "opponent_totalwins": 22, "opponent_titlefights": 3, "fighter_dob": 1988, "opponent_dob": 1989, "result": "unknown", "predicted_result": "loss", "probability_draw": 1.0683619301856265e-05, "probability_loss": 0.7756749603261118, "probability_nc": 1.3406169727698074e-05, "probability_win": 0.22430094988485869}], "class_probabilities": [[1.0683619301856265e-05, 0.7756749603261118, 1.3406169727698074e-05, 0.22430094988485869]]}