{"predict_data": [{"fighter_kd_differential": 0.3225806451612903, "fighter_str_differential": 11.838709677419354, "fighter_td_differential": -0.032258064516129, "fighter_sub_differential": -0.064516129032258, "fighter_winrate": 0.7096774193548387, "fighter_winstreak": 0, "fighter_totalfights": 31, "fighter_totalwins": 22, "fighter_titlefights": 3, "opponent_kd_differential": 0.3333333333333333, "opponent_str_differential": -1.5, "opponent_td_differential": -0.3333333333333333, "opponent_sub_differential": -0.25, "opponent_winrate": 0.6666666666666666, "opponent_winstreak": 2, "opponent_totalfights": 12, "opponent_totalwins": 8, "opponent_titlefights": 2, "fighter_dob": 1989, "opponent_dob": 1988, "result": "unknown", "predicted_result": "win", "probability_draw": 3.85305399429706e-06, "probability_loss": 0.48402469823922584, "probability_nc": 1.5319799681400997e-05, "probability_win": 0.5159561289070985}], "class_probabilities": [[3.85305399429706e-06, 0.48402469823922584, 1.5319799681400997e-05, 0.5159561289070985]]}