{"predict_data": [{"fighter_kd_differential": -0.2631578947368421, "fighter_str_differential": 30.63157894736842, "fighter_td_differential": 0.5263157894736842, "fighter_sub_differential": 0.631578947368421, "fighter_winrate": 0.7894736842105263, "fighter_winstreak": 4, "fighter_totalfights": 19, "fighter_totalwins": 15, "fighter_titlefights": 5, "opponent_kd_differential": 0.6666666666666666, "opponent_str_differential": 32.75, "opponent_td_differential": -0.75, "opponent_sub_differential": 0.25, "opponent_winrate": 0.8333333333333334, "opponent_winstreak": 5, "opponent_totalfights": 12, "opponent_totalwins": 10, "opponent_titlefights": 1, "result": "not needed", "predicted_result": "loss", "probability_draw": 8.719093520781084e-06, "probability_loss": 0.6506507284818722, "probability_nc": 0.00045705837179272376, "probability_win": 0.3488834940528142}], "class_probabilities": [[8.719093520781084e-06, 0.6506507284818722, 0.00045705837179272376, 0.3488834940528142]]}