{
    "best_params": {
        "num_leaves": 43,
        "learning_rate": 0.037057491407298825,
        "min_child_samples": 75,
        "subsample": 0.9319516044673508,
        "colsample_bytree": 0.5282113374149477
    },
    "best_score": 0.7202803028284378
}