{
    "best_params": {
        "num_leaves": 21,
        "learning_rate": 0.034373279962978065,
        "min_child_samples": 23,
        "subsample": 0.8904281345560258,
        "colsample_bytree": 0.5832169621454542
    },
    "best_score": 0.6437309964554798
}