{
    "best_params": {
        "num_leaves": 95,
        "learning_rate": 0.05361372245283482,
        "min_child_samples": 54,
        "subsample": 0.9113065767809554,
        "colsample_bytree": 0.77178538425265
    },
    "best_score": 0.6521101874174369
}