{
    "best_params": {
        "num_leaves": 90,
        "learning_rate": 0.05106557603697708,
        "min_child_samples": 49,
        "subsample": 0.7666031174559069,
        "colsample_bytree": 0.7253523025886238
    },
    "best_score": 0.6495990444507501
}