{
    "best_params": {
        "num_leaves": 22,
        "learning_rate": 0.09794594937671783,
        "min_child_samples": 39,
        "subsample": 0.7530046101141099,
        "colsample_bytree": 0.7164175297716303
    },
    "best_score": 0.7114345038010319
}