{
    "best_params": {
        "num_leaves": 89,
        "learning_rate": 0.023300134381256048,
        "min_child_samples": 55,
        "subsample": 0.5381706630931947,
        "colsample_bytree": 0.6603873811767258
    },
    "best_score": 0.6649080638798633
}