{
    "best_params": {
        "num_leaves": 86,
        "learning_rate": 0.03274772150928221,
        "min_child_samples": 95,
        "subsample": 0.5210206865951623,
        "colsample_bytree": 0.5130640524919233
    },
    "best_score": 0.7197860376133022
}