Red Fighter,Blue Fighter,Probability Win,Probability Lose
Roman Dolidze,Nassourdine Imavov,0.4436285110808232,0.5563714889191769
Nassourdine Imavov,Roman Dolidze,0.5673496883594484,0.4326503116405517
Renato Moicano,Drew Dober,0.4955840912640451,0.5044159087359548
Drew Dober,Renato Moicano,0.5170341629721028,0.4829658370278972
Randy Brown,Muslim Salikhov,0.6941433244880144,0.3058566755119856
Muslim Salikhov,Randy Brown,0.31895343849125835,0.6810465615087417
Themba Gorimbo,Pete Rodriguez,0.3671347824601623,0.6328652175398377
Pete Rodriguez,Themba Gorimbo,0.6397666302580032,0.36023336974199693
