Red Fighter,Blue Fighter,Probability Win,Probability Lose,Probability Draw
Arnold Allen,Movsar Evloev,0.5148364229977487,0.47831813497461545,0.006845442027635958
Movsar Evloev,Arnold Allen,0.4588439973247169,0.5273081244501324,0.01384787822515065
