event_name,event_date,fighter1_name,fighter2_name,winner_name,fighter1_odds,fighter2_odds
ufc-fight-night-may-13-2020,May 13 2020,Anthony Smith,Glover Teixeira,Glover Teixeira,-190,+160
ufc-fight-night-may-13-2020,May 13 2020,Ben Rothwell,Ovince Saint Preux,Ben Rothwell,+105,-135
ufc-fight-night-may-13-2020,May 13 2020,Alexander Hernandez,Drew Dober,Drew Dober,+110,-140
ufc-fight-night-may-13-2020,May 13 2020,Ricky Simon,Ray Borg,Ricky Simon,-160,+130
ufc-fight-night-may-13-2020,May 13 2020,Andrei Arlovski,Philipe Lins,Andrei Arlovski,+160,-190
ufc-fight-night-may-13-2020,May 13 2020,Michael Johnson,Thiago Moises,Thiago Moises,-110,-120
ufc-fight-night-may-13-2020,May 13 2020,Sijara Eubanks,Sarah Moras,Sijara Eubanks,-370,+290
ufc-fight-night-may-13-2020,May 13 2020,Gabriel Benitez,Omar Morales,Omar Morales,+140,-170
ufc-fight-night-may-13-2020,May 13 2020,Hunter Azure,Brian Kelleher,Brian Kelleher,-,-
ufc-fight-night-may-13-2020,May 13 2020,Chase Sherman,Ike Villanueva,Chase Sherman,-,-
ufc-fight-night-may-16-2020,May 16 2020,Alistair Overeem,Walt Harris,Alistair Overeem,+120,-150
ufc-fight-night-may-16-2020,May 16 2020,Claudia Gadelha,Angela Hill,Claudia Gadelha,-210,+175
ufc-fight-night-may-16-2020,May 16 2020,Dan Ige,Edson Barboza,Dan Ige,+110,-140
ufc-fight-night-may-16-2020,May 16 2020,Eryk Anders,Krzysztof Jotko,Krzysztof Jotko,+115,-145
ufc-fight-night-may-16-2020,May 16 2020,Song Yadong,Marlon Vera,Song Yadong,-190,+160
ufc-fight-night-may-16-2020,May 16 2020,Matt Brown,Miguel Baeza,Miguel Baeza,-,-
ufc-fight-night-may-16-2020,May 16 2020,Anthony Hernandez,Kevin Holland,Kevin Holland,-,-
ufc-fight-night-may-16-2020,May 16 2020,Giga Chikadze,Irwin Rivera,Giga Chikadze,-,-
ufc-fight-night-may-16-2020,May 16 2020,Darren Elkins,Nate Landwehr,Nate Landwehr,-,-
ufc-fight-night-may-16-2020,May 16 2020,Cortney Casey,Mara Romero Borella,Cortney Casey,-,-
ufc-fight-night-may-16-2020,May 16 2020,Rodrigo Nascimento,Don'Tale Mayes,Rodrigo Nascimento,-,-
ufc-fight-night-may-30-2020,May 30 2020,Tyron Woodley,Gilbert Burns,Gilbert Burns,-165,+145
ufc-fight-night-may-30-2020,May 30 2020,Blagoy Ivanov,Augusto Sakai,Augusto Sakai,-105,-115
ufc-fight-night-may-30-2020,May 30 2020,Billy Quarantillo,Spike Carlyle,Billy Quarantillo,-130,+110
ufc-fight-night-may-30-2020,May 30 2020,Roosevelt Roberts,Brok Weaver,Roosevelt Roberts,-340,+280
ufc-fight-night-may-30-2020,May 30 2020,Mackenzie Dern,Hannah Cifers,Mackenzie Dern,-440,+350
ufc-fight-night-may-30-2020,May 30 2020,Katlyn Chookagian,Antonina Shevchenko,Katlyn Chookagian,+115,-135
ufc-fight-night-may-30-2020,May 30 2020,Daniel Rodriguez,Gabe Green,Daniel Rodriguez,-310,+255
ufc-fight-night-may-30-2020,May 30 2020,Jamahal Hill,Klidson Abreu,Jamahal Hill,-120,+100
ufc-fight-night-may-30-2020,May 30 2020,Tim Elliott,Brandon Royval,Brandon Royval,-155,+135
ufc-fight-night-may-30-2020,May 30 2020,Louis Smolka,Casey Kenney,Casey Kenney,+240,-280
ufc-fight-night-may-30-2020,May 30 2020,Chris Gutierrez,Vince Morales,Chris Gutierrez,-115,-105
ufc-250,Jun 6 2020,Amanda Nunes,Felicia Spencer,Amanda Nunes,-600,+450
ufc-250,Jun 6 2020,Raphael Assunção,Cody Garbrandt,Cody Garbrandt,-145,+125
ufc-250,Jun 6 2020,Aljamain Sterling,Cory Sandhagen,Aljamain Sterling,-115,-105
ufc-250,Jun 6 2020,Neil Magny,Anthony Rocco Martin,Neil Magny,-135,+115
ufc-250,Jun 6 2020,Eddie Wineland,Sean O'Malley,Sean O'Malley,+400,-500
ufc-250,Jun 6 2020,Alex Caceres,Chase Hooper,Alex Caceres,+165,-185
ufc-250,Jun 6 2020,Ian Heinisch,Gerald Meerschaert,Ian Heinisch,-130,+110
ufc-250,Jun 6 2020,Cody Stamann,Brian Kelleher,Cody Stamann,-240,+200
ufc-250,Jun 6 2020,Charles Byrd,Maki Pitolo,Maki Pitolo,-175,+155
ufc-250,Jun 6 2020,Jussier Formiga,Alex Perez,Alex Perez,+115,-135
ufc-250,Jun 6 2020,Alonzo Menifield,Devin Clark,Devin Clark,-220,+190
ufc-250,Jun 6 2020,Evan Dunham,Herbert Burns,Herbert Burns,+185,-215
ufc-fight-night-june-13-2020,Jun 13 2020,Jessica Eye,Cynthia Calvillo,Cynthia Calvillo,+120,-140
ufc-fight-night-june-13-2020,Jun 13 2020,Karl Roberson,Marvin Vettori,Marvin Vettori,+200,-240
ufc-fight-night-june-13-2020,Jun 13 2020,Charles Rosa,Kevin Aguilar,Charles Rosa,+160,-180
ufc-fight-night-june-13-2020,Jun 13 2020,Andre Fili,Charles Jourdain,Andre Fili,-230,+190
ufc-fight-night-june-13-2020,Jun 13 2020,Jordan Espinosa,Mark De La Rosa,Jordan Espinosa,-165,+145
ufc-fight-night-june-13-2020,Jun 13 2020,Mariya Agapova,Hannah Cifers,Mariya Agapova,-350,+285
ufc-fight-night-june-13-2020,Jun 13 2020,Merab Dvalishvili,Gustavo Lopez,Merab Dvalishvili,-900,+600
ufc-fight-night-june-13-2020,Jun 13 2020,Julia Avila,Gina Mazany,Julia Avila,-650,+475
ufc-fight-night-june-13-2020,Jun 13 2020,Tyson Nam,Zarrukh Adashev,Tyson Nam,-145,+125
ufc-fight-night-june-13-2020,Jun 13 2020,Anthony Ivy,Christian Aguilera,Christian Aguilera,-185,+165
ufc-fight-night-2020,Jun 20 2020,Curtis Blaydes,Alexander Volkov,Curtis Blaydes,-,-
ufc-fight-night-2020,Jun 20 2020,Josh Emmett,Shane Burgos,Josh Emmett,-,-
ufc-fight-night-2020,Jun 20 2020,Raquel Pennington,Marion Reneau,Raquel Pennington,-,-
ufc-fight-night-2020,Jun 20 2020,Belal Muhammad,Lyman Good,Belal Muhammad,-,-
ufc-fight-night-2020,Jun 20 2020,Jim Miller,Roosevelt Roberts,Jim Miller,-,-
ufc-fight-night-2020,Jun 20 2020,Clay Guida,Bobby Green,Bobby Green,-,-
ufc-fight-night-2020,Jun 20 2020,Tecia Torres,Brianna Fortino,Tecia Torres,-,-
ufc-fight-night-2020,Jun 20 2020,Marc-Andre Barriault,Oskar Piechota,,-,-
ufc-fight-night-2020,Jun 20 2020,Cortney Casey,Gillian Robertson,Gillian Robertson,-,-
ufc-fight-night-2020,Jun 20 2020,Frank Camacho,Justin Jaynes,Justin Jaynes,-,-
ufc-fight-night-2020,Jun 20 2020,Roxanne Modafferi,Lauren Murphy,Lauren Murphy,-,-
ufc-fight-night-2020,Jun 20 2020,Austin Hubbard,Max Rohskopf,Austin Hubbard,-,-
ufc-fight-night-june-27-2020,Jun 27 2020,Dustin Poirier,Dan Hooker,Dustin Poirier,-240,+200
ufc-fight-night-june-27-2020,Jun 27 2020,Mike Perry,Mickey Gall,Mike Perry,-320,+260
ufc-fight-night-june-27-2020,Jun 27 2020,Gian Villante,Maurice Greene,Maurice Greene,+200,-240
ufc-fight-night-june-27-2020,Jun 27 2020,Brendan Allen,Kyle Daukaus,Brendan Allen,-300,+250
ufc-fight-night-june-27-2020,Jun 27 2020,Takashi Sato,Jason Witt,Takashi Sato,-250,+210
ufc-fight-night-june-27-2020,Jun 27 2020,Sean Woodson,Julian Erosa,Julian Erosa,-500,+400
ufc-fight-night-june-27-2020,Jun 27 2020,Luis Pena,Khama Worthy,Khama Worthy,-240,+200
ufc-fight-night-june-27-2020,Jun 27 2020,Philipe Lins,Tanner Boser,Tanner Boser,-115,-105
ufc-fight-night-june-27-2020,Jun 27 2020,Kay Hansen,Jinh Yu Frey,Kay Hansen,-200,+175
ufc-fight-night-june-27-2020,Jun 27 2020,Jordan Griffin,Youssef Zalal,Youssef Zalal,+115,-135
ufc-251,Jul 11 2020,Kamaru Usman,Jorge Masvidal,Kamaru Usman,-270,+230
ufc-251,Jul 11 2020,Alexander Volkanovski,Max Holloway,Alexander Volkanovski,-200,+175
ufc-251,Jul 11 2020,Petr Yan,José Aldo,Petr Yan,-250,+210
ufc-251,Jul 11 2020,Jéssica Andrade,Rose Namajunas,Rose Namajunas,+175,-200
ufc-251,Jul 11 2020,Amanda Ribas,Paige VanZant,Amanda Ribas,-800,+550
ufc-251,Jul 11 2020,Volkan Oezdemir,Jiří Procházka,Jiří Procházka,-170,+150
ufc-251,Jul 11 2020,Elizeu Zaleski dos Santos,Muslim Salikhov,Muslim Salikhov,+115,-135
ufc-251,Jul 11 2020,Makwan Amirkhani,Danny Henry,Makwan Amirkhani,-190,+170
ufc-251,Jul 11 2020,Leonardo Santos,Roman Bogatov,Leonardo Santos,-175,+155
ufc-251,Jul 11 2020,Marcin Tybura,Max Grishin,Marcin Tybura,-130,+110
ufc-251,Jul 11 2020,Raulian Paiva,Zhalgas Zhumagulov,Raulian Paiva,-170,+150
ufc-251,Jul 11 2020,Karol Rosa,Vanessa Melo,Karol Rosa,-260,+220
ufc-251,Jul 11 2020,Martin Day,Davey Grant,Davey Grant,-155,+135
ufc-fight-night-july-15-2020,Jul 15 2020,Calvin Kattar,Dan Ige,Calvin Kattar,-,-
ufc-fight-night-july-15-2020,Jul 15 2020,Tim Elliott,Ryan Benoit,Tim Elliott,-,-
ufc-fight-night-july-15-2020,Jul 15 2020,Jimmie Rivera,Cody Stamann,Jimmie Rivera,-,-
ufc-fight-night-july-15-2020,Jul 15 2020,Molly McCann,Taila Santos,Taila Santos,-,-
ufc-fight-night-july-15-2020,Jul 15 2020,Abdul Razak Alhassan,Mounir Lazzez,Mounir Lazzez,-,-
ufc-fight-night-july-15-2020,Jul 15 2020,John Phillips,Khamzat Chimaev,Khamzat Chimaev,-,-
ufc-fight-night-july-15-2020,Jul 15 2020,Ricardo Ramos,Lerone Murphy,Lerone Murphy,-,-
ufc-fight-night-july-15-2020,Jul 15 2020,Modestas Bukauskas,Andreas Michailidis,Modestas Bukauskas,-,-
ufc-fight-night-july-15-2020,Jul 15 2020,Jared Gordon,Chris Fishgold,Jared Gordon,-,-
ufc-fight-night-july-15-2020,Jul 15 2020,Diana Belbita,Liana Jojua,Liana Jojua,-,-
ufc-fight-night-july-15-2020,Jul 15 2020,Jack Shore,Aaron Phillips,Jack Shore,-,-
ufc-fight-night-july-18-2020,Jul 18 2020,Deiveson Figueiredo,Joseph Benavidez,Deiveson Figueiredo,-,-
ufc-fight-night-july-18-2020,Jul 18 2020,Jack Hermansson,Kelvin Gastelum,Jack Hermansson,-,-
ufc-fight-night-july-18-2020,Jul 18 2020,Marc Diakiese,Rafael Fiziev,Rafael Fiziev,-,-
ufc-fight-night-july-18-2020,Jul 18 2020,Ariane Lipski,Luana Carolina,Ariane Lipski,-,-
ufc-fight-night-july-18-2020,Jul 18 2020,Alexandre Pantoja,Askar Askarov,Askar Askarov,-,-
ufc-fight-night-july-18-2020,Jul 18 2020,Roman Dolidze,Khadis Ibragimov,Roman Dolidze,-,-
ufc-fight-night-july-18-2020,Jul 18 2020,Grant Dawson,Nad Narimani,Grant Dawson,-,-
ufc-fight-night-july-18-2020,Jul 18 2020,Joe Duffy,Joel Álvarez,Joel Álvarez,-,-
ufc-fight-night-july-18-2020,Jul 18 2020,Brett Johns,Montel Jackson,Brett Johns,-,-
ufc-fight-night-july-18-2020,Jul 18 2020,Malcolm Gordon,Amir Albazi,Amir Albazi,-,-
ufc-fight-night-july-18-2020,Jul 18 2020,Davi Ramos,Arman Tsarukyan,Arman Tsarukyan,-,-
ufc-fight-night-july-18-2020,Jul 18 2020,Carlos Felipe,Serghei Spivac,Serghei Spivac,-,-
ufc-fight-night-july-25-2020,Jul 25 2020,Robert Whittaker,Darren Till,Robert Whittaker,-,-
ufc-fight-night-july-25-2020,Jul 25 2020,Mauricio Rua,Antonio Rogerio Nogueira,Mauricio Rua,-,-
ufc-fight-night-july-25-2020,Jul 25 2020,Fabricio Werdum,Alexander Gustafsson,Fabricio Werdum,-,-
ufc-fight-night-july-25-2020,Jul 25 2020,Carla Esparza,Marina Rodriguez,Carla Esparza,-,-
ufc-fight-night-july-25-2020,Jul 25 2020,Paul Craig,Gadzhimurad Antigulov,Paul Craig,-,-
ufc-fight-night-july-25-2020,Jul 25 2020,Alex Oliveira,Peter Sobotta,Alex Oliveira,-,-
ufc-fight-night-july-25-2020,Jul 25 2020,Khamzat Chimaev,Rhys McKee,Khamzat Chimaev,-,-
ufc-fight-night-july-25-2020,Jul 25 2020,Francisco Trinaldo,Jai Herbert,Francisco Trinaldo,-,-
ufc-fight-night-july-25-2020,Jul 25 2020,Nicolas Dalby,Jesse Ronson,Jesse Ronson,-,-
ufc-fight-night-july-25-2020,Jul 25 2020,Tom Aspinall,Jake Collier,Tom Aspinall,-,-
ufc-fight-night-july-25-2020,Jul 25 2020,Movsar Evloev,Mike Grundy,Movsar Evloev,-,-
ufc-fight-night-july-25-2020,Jul 25 2020,Tanner Boser,Raphael Pessoa Nunes,Tanner Boser,-,-
ufc-fight-night-july-25-2020,Jul 25 2020,Bethe Correia,Pannie Kianzad,Pannie Kianzad,-,-
ufc-fight-night-july-25-2020,Jul 25 2020,Ramazan Emeev,Niklas Stolze,Ramazan Emeev,-,-
ufc-fight-night-july-25-2020,Jul 25 2020,Nathaniel Wood,John Castaneda,Nathaniel Wood,-,-
ufc-fight-night-august-01-2020,Aug 1 2020,Derek Brunson,Edmen Shahbazyan,Derek Brunson,+310,-370
ufc-fight-night-august-01-2020,Aug 1 2020,Joanne Wood,Jennifer Maia,Jennifer Maia,-155,+135
ufc-fight-night-august-01-2020,Aug 1 2020,Vicente Luque,Randy Brown,Vicente Luque,-185,+165
ufc-fight-night-august-01-2020,Aug 1 2020,Lando Vannata,Bobby Green,Bobby Green,-155,+135
ufc-fight-night-august-01-2020,Aug 1 2020,Kevin Holland,Trevin Giles,,-240,+200
ufc-fight-night-august-01-2020,Aug 1 2020,Frankie Saenz,Jonathan Martinez,Jonathan Martinez,+220,-260
ufc-fight-night-august-01-2020,Aug 1 2020,Johnny Munoz,Nate Maness,Nate Maness,+100,-120
ufc-fight-night-august-01-2020,Aug 1 2020,Jamall Emmers,Vince Cachero,Jamall Emmers,-450,+375
ufc-fight-night-august-01-2020,Aug 1 2020,Chris Gutierrez,Cody Durden,,-300,+250
ufc-fight-night-august-08-2020,Aug 8 2020,Derrick Lewis,Aleksei Oleinik,Derrick Lewis,-200,+175
ufc-fight-night-august-08-2020,Aug 8 2020,Omari Akhmedov,Chris Weidman,Chris Weidman,+130,-150
ufc-fight-night-august-08-2020,Aug 8 2020,Maki Pitolo,Darren Stewart,Darren Stewart,+140,-160
ufc-fight-night-august-08-2020,Aug 8 2020,Yana Santos,Julija Stoliarenko,Yana Santos,-175,+155
ufc-fight-night-august-08-2020,Aug 8 2020,Beneil Dariush,Scott Holtzman,Beneil Dariush,-220,+185
ufc-fight-night-august-08-2020,Aug 8 2020,Tim Means,Laureano Staropoli,Tim Means,-,-
ufc-fight-night-august-08-2020,Aug 8 2020,Kevin Holland,Joaquin Buckley,Kevin Holland,-,-
ufc-fight-night-august-08-2020,Aug 8 2020,Nasrat Haqparast,Alexander Munoz,Nasrat Haqparast,-,-
ufc-fight-night-august-08-2020,Aug 8 2020,Andrew Sanchez,Wellington Turman,Andrew Sanchez,-,-
ufc-fight-night-august-08-2020,Aug 8 2020,Gavin Tucker,Justin Jaynes,Gavin Tucker,-,-
ufc-fight-night-august-08-2020,Aug 8 2020,Youssef Zalal,Peter Barrett,Youssef Zalal,-,-
ufc-fight-night-august-08-2020,Aug 8 2020,Irwin Rivera,Ali Al-Qaisi,Irwin Rivera,-,-
ufc-252,Aug 15 2020,Stipe Miocic,Daniel Cormier,Stipe Miocic,-110,-110
ufc-252,Aug 15 2020,Sean O'Malley,Marlon Vera,Marlon Vera,-300,+250
ufc-252,Aug 15 2020,Junior Dos Santos,Jairzinho Rozenstruik,Jairzinho Rozenstruik,+110,-130
ufc-252,Aug 15 2020,Herbert Burns,Daniel Pineda,Daniel Pineda,-265,+225
ufc-252,Aug 15 2020,John Dodson,Merab Dvalishvili,Merab Dvalishvili,+210,-250
ufc-252,Aug 15 2020,Jim Miller,Vinc Pichel,Vinc Pichel,+100,-120
ufc-252,Aug 15 2020,Felice Herrig,Virna Jandiroba,Virna Jandiroba,+250,-300
ufc-252,Aug 15 2020,TJ Brown,Danny Chavez,Danny Chavez,-150,+130
ufc-252,Aug 15 2020,Ashley Yoder,Livinha Souza,Livinha Souza,+140,-160
ufc-252,Aug 15 2020,Chris Daukaus,Parker Porter,Chris Daukaus,+100,-120
ufc-252,Aug 15 2020,Kai Kamaka,Tony Kelley,Kai Kamaka,-220,+190
ufc-fight-night-august-22-2020,Aug 22 2020,Pedro Munhoz,Frankie Edgar,Frankie Edgar,-260,+220
ufc-fight-night-august-22-2020,Aug 22 2020,Marcin Prachnio,Mike Rodriguez,Mike Rodriguez,+190,-220
ufc-fight-night-august-22-2020,Aug 22 2020,Austin Hubbard,Joe Solecki,Joe Solecki,-105,-115
ufc-fight-night-august-22-2020,Aug 22 2020,Mariya Agapova,Shana Dobson,Shana Dobson,-1400,+800
ufc-fight-night-august-22-2020,Aug 22 2020,Daniel Rodriguez,Dwight Grant,Daniel Rodriguez,-,-
ufc-fight-night-august-22-2020,Aug 22 2020,Amanda Lemos,Mizuki,Amanda Lemos,+105,-125
ufc-fight-night-august-22-2020,Aug 22 2020,Ike Villanueva,Jordan Wright,Jordan Wright,+100,-120
ufc-fight-night-august-22-2020,Aug 22 2020,Carlton Minus,Matthew Semelsberger,Matthew Semelsberger,-120,+100
ufc-fight-night-august-22-2020,Aug 22 2020,Timur Valiev,Trevin Jones,Trevin Jones,-,-
ufc-fight-night-august-29-2020,Aug 29 2020,Anthony Smith,Aleksandar Rakić,Aleksandar Rakić,+235,-275
ufc-fight-night-august-29-2020,Aug 29 2020,Robbie Lawler,Neil Magny,Neil Magny,+220,-260
ufc-fight-night-august-29-2020,Aug 29 2020,Ji Yeon Kim,Alexa Grasso,Alexa Grasso,+250,-300
ufc-fight-night-august-29-2020,Aug 29 2020,Ricardo Lamas,Bill Algeo,Ricardo Lamas,-320,+265
ufc-fight-night-august-29-2020,Aug 29 2020,Maki Pitolo,Impa Kasanganay,Impa Kasanganay,+115,-135
ufc-fight-night-august-29-2020,Aug 29 2020,Alessio Di Chirico,Zak Cummings,Zak Cummings,-120,+100
ufc-fight-night-august-29-2020,Aug 29 2020,Alex Caceres,Austin Springer,Alex Caceres,-190,+170
ufc-fight-night-august-29-2020,Aug 29 2020,Sean Brady,Christian Aguilera,Sean Brady,-420,+350
ufc-fight-night-august-29-2020,Aug 29 2020,Polyana Viana,Emily Whitmire,Polyana Viana,+110,-130
ufc-fight-night-august-29-2020,Aug 29 2020,Mallory Martin,Hannah Cifers,Mallory Martin,-330,+270
ufc-fight-night-sept-05-2020,Sep 5 2020,Alistair Overeem,Augusto Sakai,Alistair Overeem,-160,+140
ufc-fight-night-sept-05-2020,Sep 5 2020,Ovince Saint Preux,Alonzo Menifield,Ovince Saint Preux,-,-
ufc-fight-night-sept-05-2020,Sep 5 2020,Michel Pereira,Zelim Imadaev,Michel Pereira,-125,+105
ufc-fight-night-sept-05-2020,Sep 5 2020,Andre Muniz,Bartosz Fabinski,Andre Muniz,+140,-160
ufc-fight-night-sept-05-2020,Sep 5 2020,Brian Kelleher,Ray Rodriguez,Brian Kelleher,-,-
ufc-fight-night-sept-05-2020,Sep 5 2020,Viviane Araújo,Montana De La Rosa,Viviane Araújo,-180,+160
ufc-fight-night-sept-05-2020,Sep 5 2020,Cole Smith,Hunter Azure,Hunter Azure,+200,-240
ufc-fight-night-september-12-2020,Sep 12 2020,Michelle Waterson-Gomez,Angela Hill,Michelle Waterson-Gomez,+105,-125
ufc-fight-night-september-12-2020,Sep 12 2020,Ottman Azaitar,Khama Worthy,Ottman Azaitar,+110,-130
ufc-fight-night-september-12-2020,Sep 12 2020,Roxanne Modafferi,Andrea Lee,Roxanne Modafferi,-,-
ufc-fight-night-september-12-2020,Sep 12 2020,Ed Herman,Mike Rodriguez,Ed Herman,+200,-240
ufc-fight-night-september-12-2020,Sep 12 2020,Bobby Green,Alan Patrick,Bobby Green,-260,+220
ufc-fight-night-september-12-2020,Sep 12 2020,Billy Quarantillo,Kyle Nelson,Billy Quarantillo,-250,+210
ufc-fight-night-september-12-2020,Sep 12 2020,Julia Avila,Sijara Eubanks,Sijara Eubanks,-300,+250
ufc-fight-night-september-12-2020,Sep 12 2020,Roosevelt Roberts,Kevin Croom,Kevin Croom,-,-
ufc-fight-night-september-12-2020,Sep 12 2020,Alexandr Romanov,Roque Martinez,Alexandr Romanov,-,-
ufc-fight-night-september-12-2020,Sep 12 2020,Brok Weaver,Jalin Turner,Jalin Turner,-,-
ufc-fight-night-september-12-2020,Sep 12 2020,Bryan Barberena,Anthony Ivy,Bryan Barberena,-270,+230
ufc-fight-night-september-12-2020,Sep 12 2020,Sabina Mazo,Justine Kish,Sabina Mazo,-250,+210
ufc-fight-night-september-19-2020,Sep 19 2020,Colby Covington,Tyron Woodley,Colby Covington,-350,+290
ufc-fight-night-september-19-2020,Sep 19 2020,Donald Cerrone,Niko Price,,+120,-140
ufc-fight-night-september-19-2020,Sep 19 2020,Khamzat Chimaev,Gerald Meerschaert,Khamzat Chimaev,-425,+355
ufc-fight-night-september-19-2020,Sep 19 2020,Johnny Walker,Ryan Spann,Johnny Walker,-125,+105
ufc-fight-night-september-19-2020,Sep 19 2020,Mackenzie Dern,Randa Markos,Mackenzie Dern,-160,+140
ufc-fight-night-september-19-2020,Sep 19 2020,Kevin Holland,Darren Stewart,Kevin Holland,-260,+220
ufc-fight-night-september-19-2020,Sep 19 2020,Jordan Espinosa,David Dvorak,David Dvorak,-110,-110
ufc-fight-night-september-19-2020,Sep 19 2020,Mirsad Bektic,Damon Jackson,Damon Jackson,-350,+290
ufc-fight-night-september-19-2020,Sep 19 2020,Mayra Bueno Silva,Mara Romero Borella,Mayra Bueno Silva,-260,+220
ufc-fight-night-september-19-2020,Sep 19 2020,Jessica-Rose Clark,Sarah Alpar,Jessica-Rose Clark,-210,+180
ufc-fight-night-september-19-2020,Sep 19 2020,Darrick Minner,TJ Laramie,Darrick Minner,+265,-320
ufc-fight-night-september-19-2020,Sep 19 2020,Journey Newson,Randy Costa,Randy Costa,-130,+110
ufc-fight-night-september-19-2020,Sep 19 2020,Andre Ewell,Irwin Rivera,Andre Ewell,-215,+185
ufc-fight-night-september-19-2020,Sep 19 2020,Tyson Nam,Jerome Rivera,Tyson Nam,-180,+160
ufc-253,Sep 26 2020,Israel Adesanya,Paulo Costa,Israel Adesanya,-180,+160
ufc-253,Sep 26 2020,Dominick Reyes,Jan Błachowicz,Jan Błachowicz,-270,+230
ufc-253,Sep 26 2020,Kai Kara-France,Brandon Royval,Brandon Royval,-230,+190
ufc-253,Sep 26 2020,Ketlen Vieira,Sijara Eubanks,Ketlen Vieira,-180,+160
ufc-253,Sep 26 2020,Hakeem Dawodu,Zubaira Tukhugov,Hakeem Dawodu,+115,-135
ufc-253,Sep 26 2020,Brad Riddell,Alex da Silva,Brad Riddell,-320,+260
ufc-253,Sep 26 2020,Diego Sanchez,Jake Matthews,Jake Matthews,+500,-700
ufc-253,Sep 26 2020,Shane Young,Ludovit Klein,Ludovit Klein,+105,-125
ufc-253,Sep 26 2020,William Knight,Aleksa Camur,William Knight,+140,-160
ufc-253,Sep 26 2020,Juan Espino,Jeff Hughes,Juan Espino,-300,+250
ufc-253,Sep 26 2020,Khadis Ibragimov,Danilo Marques,Danilo Marques,-175,+155
ufc-fight-night-october-03-2020,Oct 3 2020,Holly Holm,Irene Aldana,Holly Holm,-,-
ufc-fight-night-october-03-2020,Oct 3 2020,Yorgan De Castro,Carlos Felipe,Carlos Felipe,-,-
ufc-fight-night-october-03-2020,Oct 3 2020,Germaine de Randamie,Julianna Peña,Germaine de Randamie,-,-
ufc-fight-night-october-03-2020,Oct 3 2020,Dequan Townsend,Duško Todorović,Duško Todorović,-,-
ufc-fight-night-october-03-2020,Oct 3 2020,Kyler Phillips,Cameron Else,Kyler Phillips,-,-
ufc-fight-night-october-03-2020,Oct 3 2020,Carlos Condit,Court McGee,Carlos Condit,-,-
ufc-fight-night-october-03-2020,Oct 3 2020,Charles Jourdain,Josh Culibao,draw/no contest,-,-
ufc-fight-night-october-03-2020,Oct 3 2020,Jordan Williams,Nassourdine Imavov,Nassourdine Imavov,-,-
ufc-fight-night-october-03-2020,Oct 3 2020,Loma Lookboonmee,Jinh Yu Frey,Loma Lookboonmee,-,-
ufc-fight-night-october-03-2020,Oct 3 2020,Casey Kenney,Alatengheili,Casey Kenney,-,-
ufc-fight-night-october-03-2020,Oct 3 2020,Luigi Vendramini,Jessin Ayari,Luigi Vendramini,-,-
ufc-fight-night-october-10-2020,Oct 10 2020,Marlon Moraes,Cory Sandhagen,Cory Sandhagen,+125,-145
ufc-fight-night-october-10-2020,Oct 10 2020,Edson Barboza,Makwan Amirkhani,Edson Barboza,-250,+210
ufc-fight-night-october-10-2020,Oct 10 2020,Ben Rothwell,Marcin Tybura,Marcin Tybura,-140,+120
ufc-fight-night-october-10-2020,Oct 10 2020,Markus Perez,Dricus Du Plessis,Dricus Du Plessis,+150,-170
ufc-fight-night-october-10-2020,Oct 10 2020,Tom Aspinall,Alan Baudot,Tom Aspinall,-650,+475
ufc-fight-night-october-10-2020,Oct 10 2020,Youssef Zalal,Ilia Topuria,Ilia Topuria,-150,+130
ufc-fight-night-october-10-2020,Oct 10 2020,Tom Breese,KB Bhullar,Tom Breese,-240,+200
ufc-fight-night-october-10-2020,Oct 10 2020,Chris Daukaus,Rodrigo Nascimento,Chris Daukaus,+220,-260
ufc-fight-night-october-10-2020,Oct 10 2020,Impa Kasanganay,Joaquin Buckley,Joaquin Buckley,-240,+200
ufc-fight-night-october-10-2020,Oct 10 2020,Ali Al-Qaisi,Tony Kelley,Tony Kelley,+160,-180
ufc-fight-night-october-10-2020,Oct 10 2020,Giga Chikadze,Omar Morales,Giga Chikadze,+150,-170
ufc-fight-night-october-10-2020,Oct 10 2020,Tracy Cortez,Stephanie Egger,Tracy Cortez,-150,+130
ufc-fight-night-october-10-2020,Oct 10 2020,Bruno Silva,Tagir Ulanbekov,Tagir Ulanbekov,-,-
ufc-fight-night-october-17-2020,Oct 17 2020,Brian Ortega,Chan Sung Jung,Brian Ortega,+180,-205
ufc-fight-night-october-17-2020,Oct 17 2020,Katlyn Chookagian,Jéssica Andrade,Jéssica Andrade,+130,-150
ufc-fight-night-october-17-2020,Oct 17 2020,Jimmy Crute,Modestas Bukauskas,Jimmy Crute,-320,+260
ufc-fight-night-october-17-2020,Oct 17 2020,Claudio Silva,James Krause,James Krause,+125,-145
ufc-fight-night-october-17-2020,Oct 17 2020,Thomas Almeida,Jonathan Martinez,Jonathan Martinez,-135,+115
ufc-fight-night-october-17-2020,Oct 17 2020,Mateusz Gamrot,Guram Kutateladze,Guram Kutateladze,-300,+250
ufc-fight-night-october-17-2020,Oct 17 2020,Gillian Robertson,Poliana Botelho,Gillian Robertson,-210,+180
ufc-fight-night-october-17-2020,Oct 17 2020,Junyong Park,John Phillips,Junyong Park,-270,+230
ufc-fight-night-october-17-2020,Oct 17 2020,Jamie Mullarkey,Farès Ziam,Farès Ziam,-140,+120
ufc-fight-night-october-17-2020,Oct 17 2020,Gadzhimurad Antigulov,Max Grishin,Max Grishin,+290,-360
ufc-fight-night-october-17-2020,Oct 17 2020,Said Nurmagomedov,Mark Striegl,Said Nurmagomedov,-410,+330
ufc-254,Oct 24 2020,Khabib Nurmagomedov,Justin Gaethje,Khabib Nurmagomedov,-340,+280
ufc-254,Oct 24 2020,Robert Whittaker,Jared Cannonier,Robert Whittaker,-105,-115
ufc-254,Oct 24 2020,Alexander Volkov,Walt Harris,Alexander Volkov,-185,+165
ufc-254,Oct 24 2020,Jacob Malkoun,Phil Hawes,Phil Hawes,+210,-250
ufc-254,Oct 24 2020,Lauren Murphy,Liliya Shakirova,Lauren Murphy,-210,+180
ufc-254,Oct 24 2020,Magomed Ankalaev,Ion Cutelaba,Magomed Ankalaev,-320,+265
ufc-254,Oct 24 2020,Stefan Struve,Tai Tuivasa,Tai Tuivasa,+105,-125
ufc-254,Oct 24 2020,Nathaniel Wood,Casey Kenney,Casey Kenney,+145,-165
ufc-254,Oct 24 2020,Alex Oliveira,Shavkat Rakhmonov,Shavkat Rakhmonov,+110,-130
ufc-254,Oct 24 2020,Da Woon Jung,Sam Alvey,,-350,+290
ufc-254,Oct 24 2020,Liana Jojua,Miranda Maverick,Miranda Maverick,+350,-420
ufc-254,Oct 24 2020,Joel Álvarez,Alexander Yakovlev,Joel Álvarez,-170,+150
ufc-fight-night-october-31-2020,Oct 31 2020,Uriah Hall,Anderson Silva,Uriah Hall,-240,+200
ufc-fight-night-october-31-2020,Oct 31 2020,Bryce Mitchell,Andre Fili,Bryce Mitchell,-130,+110
ufc-fight-night-october-31-2020,Oct 31 2020,Maurice Greene,Greg Hardy,Greg Hardy,+260,-320
ufc-fight-night-october-31-2020,Oct 31 2020,Kevin Holland,Charlie Ontiveros,Kevin Holland,-800,+550
ufc-fight-night-october-31-2020,Oct 31 2020,Bobby Green,Thiago Moises,Thiago Moises,-320,+260
ufc-fight-night-october-31-2020,Oct 31 2020,Chris Gruetzemacher,Alexander Hernandez,Alexander Hernandez,+360,-450
ufc-fight-night-october-31-2020,Oct 31 2020,Adrian Yanez,Victor Rodriguez,Adrian Yanez,-450,+360
ufc-fight-night-october-31-2020,Oct 31 2020,Sean Strickland,Jack Marshman,Sean Strickland,-380,+310
ufc-fight-night-october-31-2020,Oct 31 2020,Cole Williams,Jason Witt,Jason Witt,+130,-150
ufc-fight-night-october-31-2020,Oct 31 2020,Dustin Jacoby,Justin Ledet,Dustin Jacoby,-370,+300
ufc-fight-night-october-31-2020,Oct 31 2020,Miles Johns,Kevin Natividad,Miles Johns,-150,+130
ufc-fight-night-november-07-2020,Nov 7 2020,Thiago Santos,Glover Teixeira,Glover Teixeira,-240,+200
ufc-fight-night-november-07-2020,Nov 7 2020,Andrei Arlovski,Tanner Boser,Andrei Arlovski,+250,-300
ufc-fight-night-november-07-2020,Nov 7 2020,Raoni Barcelos,Khalid Taha,Raoni Barcelos,-360,+300
ufc-fight-night-november-07-2020,Nov 7 2020,Giga Chikadze,Jamey Simmons,Giga Chikadze,-700,+500
ufc-fight-night-november-07-2020,Nov 7 2020,Claudia Gadelha,Yan Xiaonan,Yan Xiaonan,+140,-160
ufc-fight-night-november-07-2020,Nov 7 2020,Trevin Giles,Bevon Lewis,Trevin Giles,-105,-115
ufc-fight-night-november-07-2020,Nov 7 2020,Alexandr Romanov,Marcos Rogerio de Lima,Alexandr Romanov,-410,+330
ufc-fight-night-november-07-2020,Nov 7 2020,Darren Elkins,Luiz Garagorri,Darren Elkins,-220,+185
ufc-fight-night-november-07-2020,Nov 7 2020,Max Griffin,Ramiz Brahimaj,Max Griffin,-145,+125
ufc-fight-night-november-07-2020,Nov 7 2020,Gustavo Lopez,Anthony Birchak,Gustavo Lopez,-,-
ufc-fight-night-november-14-2020,Nov 14 2020,Paul Felder,Rafael Dos Anjos,Rafael Dos Anjos,+175,-200
ufc-fight-night-november-14-2020,Nov 14 2020,Abdul Razak Alhassan,Khaos Williams,Khaos Williams,-215,+175
ufc-fight-night-november-14-2020,Nov 14 2020,Ashley Yoder,Miranda Granger,Ashley Yoder,+140,-160
ufc-fight-night-november-14-2020,Nov 14 2020,Brendan Allen,Sean Strickland,Sean Strickland,-115,+100
ufc-fight-night-november-14-2020,Nov 14 2020,Kay Hansen,Cory McKenna,Cory McKenna,-200,+175
ufc-fight-night-november-14-2020,Nov 14 2020,Randa Markos,Kanako Murata,Kanako Murata,+175,-200
ufc-fight-night-november-14-2020,Nov 14 2020,Geraldo de Freitas Jr.,Tony Gravely,Tony Gravely,+120,-140
ufc-fight-night-november-14-2020,Nov 14 2020,Alex Morono,Rhys McKee,Alex Morono,-170,+150
ufc-fight-night-november-14-2020,Nov 14 2020,Don'Tale Mayes,Roque Martinez,Don'Tale Mayes,-225,+220
ufc-255,Nov 21 2020,Deiveson Figueiredo,Alex Perez,Deiveson Figueiredo,-280,+240
ufc-255,Nov 21 2020,Valentina Shevchenko,Jennifer Maia,Valentina Shevchenko,-1600,+900
ufc-255,Nov 21 2020,Mike Perry,Tim Means,Tim Means,-130,+110
ufc-255,Nov 21 2020,Katlyn Chookagian,Cynthia Calvillo,Katlyn Chookagian,+220,-260
ufc-255,Nov 21 2020,Mauricio Rua,Paul Craig,Paul Craig,+155,-175
ufc-255,Nov 21 2020,Brandon Moreno,Brandon Royval,Brandon Moreno,-190,+170
ufc-255,Nov 21 2020,Joaquin Buckley,Jordan Wright,Joaquin Buckley,-240,+200
ufc-255,Nov 21 2020,Antonina Shevchenko,Ariane Lipski,Antonina Shevchenko,-160,+140
ufc-255,Nov 21 2020,Daniel Rodriguez,Nicolas Dalby,Nicolas Dalby,-325,+265
ufc-255,Nov 21 2020,Alan Jouban,Jared Gooden,Alan Jouban,-145,+125
ufc-255,Nov 21 2020,Kyle Daukaus,Dustin Stoltzfus,Kyle Daukaus,-320,+260
ufc-255,Nov 21 2020,Louis Cosce,Sasha Palatnikov,Sasha Palatnikov,-450,+370
ufc-fight-night-november-28-2020,Nov 28 2020,Anthony Smith,Devin Clark,Anthony Smith,-,-
ufc-fight-night-november-28-2020,Nov 28 2020,Miguel Baeza,Takashi Sato,Miguel Baeza,-200,+175
ufc-fight-night-november-28-2020,Nov 28 2020,Josh Parisian,Parker Porter,Parker Porter,-200,+175
ufc-fight-night-november-28-2020,Nov 28 2020,Spike Carlyle,Bill Algeo,Bill Algeo,-180,+160
ufc-fight-night-november-28-2020,Nov 28 2020,Ashlee Evans-Smith,Norma Dumont,Norma Dumont,-145,+125
ufc-fight-night-november-28-2020,Nov 28 2020,Jonathan Pearce,Kai Kamaka,Jonathan Pearce,+240,-280
ufc-fight-night-november-28-2020,Nov 28 2020,Martin Day,Anderson dos Santos,Anderson dos Santos,-155,+135
ufc-fight-night-november-28-2020,Nov 28 2020,Gina Mazany,Rachael Ostovich,Gina Mazany,-,+160
ufc-fight-night-november-28-2020,Nov 28 2020,Sumudaerji,Malcolm Gordon,Sumudaerji,-360,+300
ufc-fight-night-november-28-2020,Nov 28 2020,Luke Sanders,Nate Maness,Nate Maness,-155,+135
ufc-fight-night-december-05-2020,Dec 5 2020,Jack Hermansson,Marvin Vettori,Marvin Vettori,+120,-140
ufc-fight-night-december-05-2020,Dec 5 2020,Ovince Saint Preux,Jamahal Hill,Jamahal Hill,+160,-180
ufc-fight-night-december-05-2020,Dec 5 2020,Gabriel Benitez,Justin Jaynes,Gabriel Benitez,-210,+180
ufc-fight-night-december-05-2020,Dec 5 2020,Roman Dolidze,John Allan,Roman Dolidze,-200,+175
ufc-fight-night-december-05-2020,Dec 5 2020,Matt Wiman,Jordan Leavitt,Jordan Leavitt,+350,-420
ufc-fight-night-december-05-2020,Dec 5 2020,Louis Smolka,Jose Quinonez,Louis Smolka,-125,+105
ufc-fight-night-december-05-2020,Dec 5 2020,Ilia Topuria,Damon Jackson,Ilia Topuria,-270,+230
ufc-fight-night-december-05-2020,Dec 5 2020,Gian Villante,Jake Collier,Jake Collier,-200,+175
ufc-256,Dec 12 2020,Deiveson Figueiredo,Brandon Moreno,draw/no contest,-340,+280
ufc-256,Dec 12 2020,Tony Ferguson,Charles Oliveira,Charles Oliveira,-150,+130
ufc-256,Dec 12 2020,Mackenzie Dern,Virna Jandiroba,Mackenzie Dern,-170,+150
ufc-256,Dec 12 2020,Kevin Holland,Ronaldo Souza,Kevin Holland,-105,-115
ufc-256,Dec 12 2020,Junior Dos Santos,Ciryl Gane,Ciryl Gane,+330,-400
ufc-256,Dec 12 2020,Cub Swanson,Daniel Pineda,Cub Swanson,+145,-165
ufc-256,Dec 12 2020,Renato Moicano,Rafael Fiziev,Rafael Fiziev,+105,-125
ufc-256,Dec 12 2020,Gavin Tucker,Billy Quarantillo,Gavin Tucker,+160,-180
ufc-256,Dec 12 2020,Tecia Torres,Sam Hughes,Tecia Torres,-650,+475
ufc-256,Dec 12 2020,Chase Hooper,Peter Barrett,Chase Hooper,-300,+250
ufc-fight-night-december-19-2020,Dec 19 2020,Stephen Thompson,Geoff Neal,Stephen Thompson,-115,-105
ufc-fight-night-december-19-2020,Dec 19 2020,José Aldo,Marlon Vera,José Aldo,-155,+135
ufc-fight-night-december-19-2020,Dec 19 2020,Michel Pereira,Khaos Williams,Michel Pereira,-105,-115
ufc-fight-night-december-19-2020,Dec 19 2020,Marlon Moraes,Rob Font,Rob Font,-150,+130
ufc-fight-night-december-19-2020,Dec 19 2020,Marcin Tybura,Greg Hardy,Marcin Tybura,+100,-120
ufc-fight-night-december-19-2020,Dec 19 2020,Anthony Pettis,Alex Morono,Anthony Pettis,-200,+175
ufc-fight-night-december-19-2020,Dec 19 2020,Sijara Eubanks,Pannie Kianzad,Pannie Kianzad,-165,+145
ufc-fight-night-december-19-2020,Dec 19 2020,Deron Winn,Antonio Arroyo,Deron Winn,+155,-175
ufc-fight-night-december-19-2020,Dec 19 2020,Gillian Robertson,Taila Santos,Taila Santos,-115,-105
ufc-fight-night-december-19-2020,Dec 19 2020,Tafon Nchukwi,Jamie Pickett,Tafon Nchukwi,-330,+270
ufc-fight-night-december-19-2020,Dec 19 2020,Jimmy Flick,Cody Durden,Jimmy Flick,-160,+140
ufc-fight-night-december-19-2020,Dec 19 2020,Christos Giagos,Carlton Minus,Christos Giagos,-360,+300
ufc-fight-night-january-16-2021,Jan 16 2021,Max Holloway,Calvin Kattar,Max Holloway,-160,+140
ufc-fight-night-january-16-2021,Jan 16 2021,Carlos Condit,Matt Brown,Carlos Condit,-170,+150
ufc-fight-night-january-16-2021,Jan 16 2021,Santiago Ponzinibbio,Li Jingliang,Li Jingliang,-310,+260
ufc-fight-night-january-16-2021,Jan 16 2021,Joaquin Buckley,Alessio Di Chirico,Alessio Di Chirico,-270,+230
ufc-fight-night-january-16-2021,Jan 16 2021,Punahele Soriano,Duško Todorović,Punahele Soriano,+140,-160
ufc-fight-night-january-16-2021,Jan 16 2021,Wu Yanan,Joselyne Edwards,Joselyne Edwards,-115,-105
ufc-fight-night-january-16-2021,Jan 16 2021,Carlos Felipe,Justin Tafa,Carlos Felipe,-,-
ufc-fight-night-january-16-2021,Jan 16 2021,David Zawada,Ramazan Emeev,Ramazan Emeev,-,-
ufc-fight-night-january-16-2021,Jan 16 2021,Sarah Moras,Vanessa Melo,Vanessa Melo,-,-
ufc-fight-night-january-16-2021,Jan 16 2021,Jacob Kilburn,Austin Lingo,Austin Lingo,-,-
ufc-fight-night-january-20-2021,Jan 20 2021,Michael Chiesa,Neil Magny,Michael Chiesa,+120,-140
ufc-fight-night-january-20-2021,Jan 20 2021,Warlley Alves,Mounir Lazzez,Warlley Alves,+200,-240
ufc-fight-night-january-20-2021,Jan 20 2021,Ike Villanueva,Vinicius Moreira,Ike Villanueva,-125,+105
ufc-fight-night-january-20-2021,Jan 20 2021,Roxanne Modafferi,Viviane Araújo,Viviane Araújo,+250,-300
ufc-fight-night-january-20-2021,Jan 20 2021,Matt Schnell,Tyson Nam,Matt Schnell,+105,-125
ufc-fight-night-january-20-2021,Jan 20 2021,Lerone Murphy,Douglas Silva de Andrade,Lerone Murphy,-310,+260
ufc-fight-night-january-20-2021,Jan 20 2021,Omari Akhmedov,Tom Breese,Omari Akhmedov,+120,-140
ufc-fight-night-january-20-2021,Jan 20 2021,Ricky Simon,Gaetano Pirrello,Ricky Simon,-500,+400
ufc-fight-night-january-20-2021,Jan 20 2021,Sumudaerji,Zarrukh Adashev,Sumudaerji,-500,+400
ufc-fight-night-january-20-2021,Jan 20 2021,Dalcha Lungiambula,Markus Perez,Dalcha Lungiambula,-140,+120
ufc-fight-night-january-20-2021,Jan 20 2021,Francisco Figueiredo,Jerome Rivera,Francisco Figueiredo,-140,+120
ufc-fight-night-january-20-2021,Jan 20 2021,Mike Davis,Mason Jones,Mike Davis,-155,+135
ufc-fight-night-january-20-2021,Jan 20 2021,Umar Nurmagomedov,Sergey Morozov,Umar Nurmagomedov,-550,+425
ufc-fight-night-january-20-2021,Jan 20 2021,Victoria Leonardo,Manon Fiorot,Manon Fiorot,+165,-185
ufc-257,Jan 23 2021,Dustin Poirier,Conor McGregor,Dustin Poirier,+250,-305
ufc-257,Jan 23 2021,Dan Hooker,Michael Chandler,Michael Chandler,-134,+105
ufc-257,Jan 23 2021,Jessica Eye,Joanne Wood,Joanne Wood,-105,-117
ufc-257,Jan 23 2021,Andrew Sanchez,Makhmud Muradov,Makhmud Muradov,+115,-143
ufc-257,Jan 23 2021,Marina Rodriguez,Amanda Ribas,Marina Rodriguez,+250,-335
ufc-257,Jan 23 2021,Arman Tsarukyan,Matt Frevola,Arman Tsarukyan,-,-
ufc-257,Jan 23 2021,Brad Tavares,Antonio Carlos Junior,Brad Tavares,-134,+105
ufc-257,Jan 23 2021,Julianna Peña,Sara McMann,Julianna Peña,+105,-130
ufc-257,Jan 23 2021,Khalil Rountree Jr.,Marcin Prachnio,Marcin Prachnio,-335,+250
ufc-257,Jan 23 2021,Nik Lentz,Movsar Evloev,Movsar Evloev,+390,-560
ufc-257,Jan 23 2021,Amir Albazi,Zhalgas Zhumagulov,Amir Albazi,-106,-118
ufc-fight-night-february-6-2021,Feb 6 2021,Alistair Overeem,Alexander Volkov,Alexander Volkov,+160,-190
ufc-fight-night-february-6-2021,Feb 6 2021,Cory Sandhagen,Frankie Edgar,Cory Sandhagen,-435,+320
ufc-fight-night-february-6-2021,Feb 6 2021,Michael Johnson,Clay Guida,Clay Guida,-225,+175
ufc-fight-night-february-6-2021,Feb 6 2021,Alexandre Pantoja,Manel Kape,Alexandre Pantoja,-122,+100
ufc-fight-night-february-6-2021,Feb 6 2021,Diego Ferreira,Beneil Dariush,Beneil Dariush,-107,-117
ufc-fight-night-february-6-2021,Feb 6 2021,Mike Rodriguez,Danilo Marques,Danilo Marques,-240,+188
ufc-fight-night-february-6-2021,Feb 6 2021,Devonte Smith,Justin Jaynes,Devonte Smith,-335,+225
ufc-fight-night-february-6-2021,Feb 6 2021,Karol Rosa,Joselyne Edwards,Karol Rosa,-225,+175
ufc-fight-night-february-6-2021,Feb 6 2021,Molly McCann,Lara Procopio,Lara Procopio,-162,+130
ufc-fight-night-february-6-2021,Feb 6 2021,Seungwoo Choi,Youssef Zalal,Seungwoo Choi,+175,-230
ufc-fight-night-february-6-2021,Feb 6 2021,Timur Valiev,Martin Day,Timur Valiev,-360,+275
ufc-fight-night-february-6-2021,Feb 6 2021,Ode' Osbourne,Jerome Rivera,Ode' Osbourne,-200,+160
ufc-258,Feb 13 2021,Kamaru Usman,Gilbert Burns,Kamaru Usman,-278,+220
ufc-258,Feb 13 2021,Maycee Barber,Alexa Grasso,Alexa Grasso,+110,-137
ufc-258,Feb 13 2021,Kelvin Gastelum,Ian Heinisch,Kelvin Gastelum,-225,+175
ufc-258,Feb 13 2021,Ricky Simon,Brian Kelleher,Ricky Simon,-286,+220
ufc-258,Feb 13 2021,Maki Pitolo,Julian Marquez,Julian Marquez,+140,-177
ufc-258,Feb 13 2021,Rodolfo Vieira,Anthony Hernandez,Anthony Hernandez,-400,+300
ufc-258,Feb 13 2021,Belal Muhammad,Dhiego Lima,Belal Muhammad,-335,+251
ufc-258,Feb 13 2021,Polyana Viana,Mallory Martin,Polyana Viana,+135,-167
ufc-258,Feb 13 2021,Andre Ewell,Chris Gutierrez,Chris Gutierrez,+155,-200
ufc-258,Feb 13 2021,Gabe Green,Phil Rowe,Gabe Green,-130,+105
ufc-fight-night-february-20-2021,Feb 20 2021,Curtis Blaydes,Derrick Lewis,Derrick Lewis,-400,+300
ufc-fight-night-february-20-2021,Feb 20 2021,Ketlen Vieira,Yana Santos,Yana Santos,-278,+215
ufc-fight-night-february-20-2021,Feb 20 2021,Charles Rosa,Darrick Minner,Darrick Minner,-190,+150
ufc-fight-night-february-20-2021,Feb 20 2021,Aleksei Oleinik,Chris Daukaus,Chris Daukaus,+140,-177
ufc-fight-night-february-20-2021,Feb 20 2021,Phil Hawes,Nassourdine Imavov,Phil Hawes,-,-
ufc-fight-night-february-20-2021,Feb 20 2021,Andrei Arlovski,Tom Aspinall,Tom Aspinall,+200,-265
ufc-fight-night-february-20-2021,Feb 20 2021,Jared Gordon,Danny Chavez,Jared Gordon,+110,-139
ufc-fight-night-february-20-2021,Feb 20 2021,Eddie Wineland,John Castaneda,John Castaneda,+100,-125
ufc-fight-night-february-20-2021,Feb 20 2021,Nate Landwehr,Julian Erosa,Julian Erosa,-112,-112
ufc-fight-night-february-20-2021,Feb 20 2021,Shana Dobson,Casey O'Neill,Casey O'Neill,+125,-155
ufc-fight-night-february-20-2021,Feb 20 2021,Aiemann Zahabi,Drako Rodriguez,Aiemann Zahabi,+150,-190
ufc-fight-night-february-20-2021,Feb 20 2021,Serghei Spivac,Jared Vanderaa,Serghei Spivac,-250,+195
ufc-fight-night-february-27-2021,Feb 27 2021,Jairzinho Rozenstruik,Ciryl Gane,Ciryl Gane,+210,-265
ufc-fight-night-february-27-2021,Feb 27 2021,Nikita Krylov,Magomed Ankalaev,Magomed Ankalaev,+280,-375
ufc-fight-night-february-27-2021,Feb 27 2021,Montana De La Rosa,Mayra Bueno Silva,draw/no contest,+120,-148
ufc-fight-night-february-27-2021,Feb 27 2021,Pedro Munhoz,Jimmie Rivera,Pedro Munhoz,+125,-152
ufc-fight-night-february-27-2021,Feb 27 2021,Alex Caceres,Kevin Croom,Alex Caceres,-200,+162
ufc-fight-night-february-27-2021,Feb 27 2021,Alexander Hernandez,Thiago Moises,Thiago Moises,-225,+177
ufc-fight-night-february-27-2021,Feb 27 2021,Alexis Davis,Sabina Mazo,Alexis Davis,+170,-215
ufc-fight-night-february-27-2021,Feb 27 2021,Vince Cachero,Ronnie Lawrence,Ronnie Lawrence,+135,-167
ufc-fight-night-february-27-2021,Feb 27 2021,Dustin Jacoby,Max Grishin,Dustin Jacoby,-180,+145
ufc-259,Mar 6 2021,Jan Błachowicz,Israel Adesanya,Jan Błachowicz,+185,-230
ufc-259,Mar 6 2021,Amanda Nunes,Megan Anderson,Amanda Nunes,-1250,+750
ufc-259,Mar 6 2021,Petr Yan,Aljamain Sterling,Aljamain Sterling,-110,-110
ufc-259,Mar 6 2021,Islam Makhachev,Drew Dober,Islam Makhachev,-335,+250
ufc-259,Mar 6 2021,Thiago Santos,Aleksandar Rakić,Aleksandar Rakić,+138,-167
ufc-259,Mar 6 2021,Dominick Cruz,Casey Kenney,Dominick Cruz,+110,-137
ufc-259,Mar 6 2021,Song Yadong,Kyler Phillips,Kyler Phillips,-141,+115
ufc-259,Mar 6 2021,Joseph Benavidez,Askar Askarov,Askar Askarov,+110,-134
ufc-259,Mar 6 2021,Rogerio Bontorin,Kai Kara-France,Kai Kara-France,+115,-141
ufc-259,Mar 6 2021,Tim Elliott,Jordan Espinosa,Tim Elliott,+102,-124
ufc-259,Mar 6 2021,Kennedy Nzechukwu,Carlos Ulberg,Kennedy Nzechukwu,+180,-230
ufc-259,Mar 6 2021,Sean Brady,Jake Matthews,Sean Brady,-230,+180
ufc-259,Mar 6 2021,Livinha Souza,Amanda Lemos,Amanda Lemos,+172,-215
ufc-259,Mar 6 2021,Uroš Medić,Aalon Cruz,Uroš Medić,-177,+144
ufc-259,Mar 6 2021,Mario Bautista,Trevin Jones,Trevin Jones,-225,+180
ufc-fight-night-march-13-2021,Mar 13 2021,Leon Edwards,Belal Muhammad,,-265,+215
ufc-fight-night-march-13-2021,Mar 13 2021,Misha Cirkunov,Ryan Spann,Ryan Spann,-137,+110
ufc-fight-night-march-13-2021,Mar 13 2021,Dan Ige,Gavin Tucker,Dan Ige,-152,+125
ufc-fight-night-march-13-2021,Mar 13 2021,Jonathan Martinez,Davey Grant,Davey Grant,-335,+250
ufc-fight-night-march-13-2021,Mar 13 2021,Manel Kape,Matheus Nicolau,Matheus Nicolau,-137,+110
ufc-fight-night-march-13-2021,Mar 13 2021,Eryk Anders,Darren Stewart,,+150,-190
ufc-fight-night-march-13-2021,Mar 13 2021,Angela Hill,Ashley Yoder,Angela Hill,-360,+275
ufc-fight-night-march-13-2021,Mar 13 2021,Charles Jourdain,Marcelo Rojo,Charles Jourdain,-265,+210
ufc-fight-night-march-13-2021,Mar 13 2021,Rani Yahya,Ray Rodriguez,Rani Yahya,-305,+240
ufc-fight-night-march-13-2021,Mar 13 2021,Nasrat Haqparast,Rafa Garcia,Nasrat Haqparast,-375,+275
ufc-fight-night-march-13-2021,Mar 13 2021,Cortney Casey,JJ Aldrich,JJ Aldrich,+120,-148
ufc-fight-night-march-13-2021,Mar 13 2021,Gloria de Paula,Jinh Yu Frey,Jinh Yu Frey,-200,+155
ufc-fight-night-march-13-2021,Mar 13 2021,Matthew Semelsberger,Jason Witt,Matthew Semelsberger,-129,+105
ufc-fight-night-march-20-2021,Mar 20 2021,Derek Brunson,Kevin Holland,Derek Brunson,+150,-182
ufc-fight-night-march-20-2021,Mar 20 2021,Song Kenan,Max Griffin,Max Griffin,+155,-200
ufc-fight-night-march-20-2021,Mar 20 2021,Cheyanne Vlismas,Montserrat Ruiz,Montserrat Ruiz,-375,+275
ufc-fight-night-march-20-2021,Mar 20 2021,Adrian Yanez,Gustavo Lopez,Adrian Yanez,-225,+180
ufc-fight-night-march-20-2021,Mar 20 2021,Tai Tuivasa,Harry Hunsucker,Tai Tuivasa,-360,+270
ufc-fight-night-march-20-2021,Mar 20 2021,Marion Reneau,Macy Chiasson,Macy Chiasson,+175,-225
ufc-fight-night-march-20-2021,Mar 20 2021,Leonardo Santos,Grant Dawson,Grant Dawson,+160,-200
ufc-fight-night-march-20-2021,Mar 20 2021,Trevin Giles,Roman Dolidze,Trevin Giles,+108,-134
ufc-fight-night-march-20-2021,Mar 20 2021,Montel Jackson,Jesse Strader,Montel Jackson,-670,+475
ufc-fight-night-march-20-2021,Mar 20 2021,Bruno Silva,JP Buys,Bruno Silva,+121,-148
ufc-260,Mar 27 2021,Stipe Miocic,Francis Ngannou,Francis Ngannou,+110,-130
ufc-260,Mar 27 2021,Tyron Woodley,Vicente Luque,Vicente Luque,+200,-250
ufc-260,Mar 27 2021,Sean O'Malley,Thomas Almeida,Sean O'Malley,-335,+250
ufc-260,Mar 27 2021,Gillian Robertson,Miranda Maverick,Miranda Maverick,+134,-167
ufc-260,Mar 27 2021,Jamie Mullarkey,Khama Worthy,Jamie Mullarkey,+100,-130
ufc-260,Mar 27 2021,Alonzo Menifield,Fabio Cherant,Alonzo Menifield,-286,+220
ufc-260,Mar 27 2021,Jared Gooden,Abubakar Nurmagomedov,Abubakar Nurmagomedov,+195,-250
ufc-260,Mar 27 2021,Modestas Bukauskas,Michal Oleksiejczuk,Michal Oleksiejczuk,+135,-167
ufc-260,Mar 27 2021,Shane Young,Omar Morales,Omar Morales,+145,-182
ufc-260,Mar 27 2021,Marc-Andre Barriault,Abu Azaitar,Marc-Andre Barriault,-124,+100
ufc-fight-night-april-10-2021,Apr 10 2021,Marvin Vettori,Kevin Holland,Marvin Vettori,-335,+260
ufc-fight-night-april-10-2021,Apr 10 2021,Arnold Allen,Sodiq Yusuff,Arnold Allen,+125,-152
ufc-fight-night-april-10-2021,Apr 10 2021,Sam Alvey,Julian Marquez,Julian Marquez,+160,-200
ufc-fight-night-april-10-2021,Apr 10 2021,Nina Nunes,Mackenzie Dern,Mackenzie Dern,-139,+115
ufc-fight-night-april-10-2021,Apr 10 2021,Mike Perry,Daniel Rodriguez,Daniel Rodriguez,+138,-167
ufc-fight-night-april-10-2021,Apr 10 2021,Jim Miller,Joe Solecki,Joe Solecki,+195,-250
ufc-fight-night-april-10-2021,Apr 10 2021,Scott Holtzman,Mateusz Gamrot,Mateusz Gamrot,+195,-250
ufc-fight-night-april-10-2021,Apr 10 2021,John Makdessi,Ignacio Bahamondes,John Makdessi,+158,-200
ufc-fight-night-april-10-2021,Apr 10 2021,Yorgan De Castro,Jarjis Danho,Jarjis Danho,-315,+235
ufc-fight-night-april-10-2021,Apr 10 2021,Hunter Azure,Jack Shore,Jack Shore,+135,-167
ufc-fight-night-april-10-2021,Apr 10 2021,Luis Saldana,Jordan Griffin,Luis Saldana,-134,+108
ufc-fight-night-april-10-2021,Apr 10 2021,Da Woon Jung,William Knight,Da Woon Jung,-141,+111
ufc-fight-night-april-10-2021,Apr 10 2021,Impa Kasanganay,Sasha Palatnikov,Impa Kasanganay,-305,+230
ufc-fight-night-april-17-2021,Apr 17 2021,Robert Whittaker,Kelvin Gastelum,Robert Whittaker,-286,+225
ufc-fight-night-april-17-2021,Apr 17 2021,Andrei Arlovski,Chase Sherman,Andrei Arlovski,-130,+105
ufc-fight-night-april-17-2021,Apr 17 2021,Abdul Razak Alhassan,Jacob Malkoun,Jacob Malkoun,-335,+245
ufc-fight-night-april-17-2021,Apr 17 2021,Tracy Cortez,Justine Kish,Tracy Cortez,-286,+220
ufc-fight-night-april-17-2021,Apr 17 2021,Luis Pena,Alexander Munoz,Luis Pena,-148,+120
ufc-fight-night-april-17-2021,Apr 17 2021,Alexandr Romanov,Juan Espino,Alexandr Romanov,-150,+120
ufc-fight-night-april-17-2021,Apr 17 2021,Jessica Penne,Loopy Godinez,Jessica Penne,+220,-286
ufc-fight-night-april-17-2021,Apr 17 2021,Bartosz Fabinski,Gerald Meerschaert,Gerald Meerschaert,-139,+110
ufc-fight-night-april-17-2021,Apr 17 2021,Austin Hubbard,Dakota Bush,Austin Hubbard,-,-
ufc-fight-night-april-17-2021,Apr 17 2021,Tony Gravely,Anthony Birchak,Tony Gravely,-335,+250
ufc-261,Apr 24 2021,Kamaru Usman,Jorge Masvidal,Kamaru Usman,-455,+350
ufc-261,Apr 24 2021,Zhang Weili,Rose Namajunas,Rose Namajunas,-200,+165
ufc-261,Apr 24 2021,Valentina Shevchenko,Jéssica Andrade,Valentina Shevchenko,-455,+350
ufc-261,Apr 24 2021,Uriah Hall,Chris Weidman,Uriah Hall,+100,-125
ufc-261,Apr 24 2021,Anthony Smith,Jimmy Crute,Anthony Smith,+200,-160
ufc-261,Apr 24 2021,Alex Oliveira,Randy Brown,Randy Brown,+125,-155
ufc-261,Apr 24 2021,Dwight Grant,Stefan Sekulic,Dwight Grant,-240,+180
ufc-261,Apr 24 2021,Karl Roberson,Brendan Allen,Brendan Allen,+132,-165
ufc-261,Apr 24 2021,Pat Sabatini,Tristan Connelly,Pat Sabatini,-230,+180
ufc-261,Apr 24 2021,Batgerel Danaa,Kevin Natividad,Batgerel Danaa,-182,+150
ufc-261,Apr 24 2021,Kazula Vargas,Rong Zhu,Kazula Vargas,+195,-250
ufc-261,Apr 24 2021,Aoriqileng,Jeffrey Molina,Jeffrey Molina,-110,-110
ufc-261,Apr 24 2021,Liang Na,Ariane Carnelossi,Ariane Carnelossi,+165,-210
ufc-fight-night-may-01-2021,May 1 2021,Dominick Reyes,Jiří Procházka,Jiří Procházka,+112,-137
ufc-fight-night-may-01-2021,May 1 2021,Giga Chikadze,Cub Swanson,Giga Chikadze,-165,+135
ufc-fight-night-may-01-2021,May 1 2021,Ion Cutelaba,Dustin Jacoby,draw/no contest,-148,+120
ufc-fight-night-may-01-2021,May 1 2021,Sean Strickland,Krzysztof Jotko,Sean Strickland,-265,+210
ufc-fight-night-may-01-2021,May 1 2021,Merab Dvalishvili,Cody Stamann,Merab Dvalishvili,-250,+200
ufc-fight-night-may-01-2021,May 1 2021,Randa Markos,Luana Pinheiro,Luana Pinheiro,+135,-167
ufc-fight-night-may-01-2021,May 1 2021,Kai Kamaka,TJ Brown,TJ Brown,-150,+120
ufc-fight-night-may-01-2021,May 1 2021,Poliana Botelho,Luana Carolina,Luana Carolina,-250,+200
ufc-fight-night-may-01-2021,May 1 2021,Loma Lookboonmee,Sam Hughes,Loma Lookboonmee,-400,+300
ufc-fight-night-may-01-2021,May 1 2021,Andreas Michailidis,KB Bhullar,Andreas Michailidis,-240,+188
ufc-fight-night-may-01-2021,May 1 2021,Luke Sanders,Felipe Colares,Felipe Colares,-148,+119
ufc-fight-night-may-08-2021,May 8 2021,Marina Rodriguez,Michelle Waterson-Gomez,Marina Rodriguez,-225,+180
ufc-fight-night-may-08-2021,May 8 2021,Donald Cerrone,Alex Morono,Alex Morono,-200,+165
ufc-fight-night-may-08-2021,May 8 2021,Neil Magny,Geoff Neal,Neil Magny,+160,-200
ufc-fight-night-may-08-2021,May 8 2021,Maurice Greene,Marcos Rogerio de Lima,Marcos Rogerio de Lima,+150,-190
ufc-fight-night-may-08-2021,May 8 2021,Diego Ferreira,Gregor Gillespie,Gregor Gillespie,+135,-175
ufc-fight-night-may-08-2021,May 8 2021,Phil Hawes,Kyle Daukaus,Phil Hawes,+108,-134
ufc-fight-night-may-08-2021,May 8 2021,Ludovit Klein,Michael Trizano,Michael Trizano,-275,+210
ufc-fight-night-may-08-2021,May 8 2021,Junyong Park,Tafon Nchukwi,Junyong Park,+124,-155
ufc-fight-night-may-08-2021,May 8 2021,Christian Aguilera,Carlston Harris,Carlston Harris,+144,-170
ufc-262,May 15 2021,Charles Oliveira,Michael Chandler,Charles Oliveira,-134,+110
ufc-262,May 15 2021,Tony Ferguson,Beneil Dariush,Beneil Dariush,+125,-152
ufc-262,May 15 2021,Matt Schnell,Rogerio Bontorin,Rogerio Bontorin,-167,+135
ufc-262,May 15 2021,Katlyn Chookagian,Viviane Araújo,Katlyn Chookagian,-150,+120
ufc-262,May 15 2021,Shane Burgos,Edson Barboza,Edson Barboza,-134,+108
ufc-262,May 15 2021,Ronaldo Souza,Andre Muniz,Andre Muniz,-118,-106
ufc-262,May 15 2021,Lando Vannata,Mike Grundy,Lando Vannata,+100,-124
ufc-262,May 15 2021,Jordan Wright,Jamie Pickett,Jordan Wright,-112,-112
ufc-262,May 15 2021,Andrea Lee,Antonina Shevchenko,Andrea Lee,+117,-143
ufc-262,May 15 2021,Gina Mazany,Priscila Cachoeira,Priscila Cachoeira,-200,+155
ufc-262,May 15 2021,Kevin Aguilar,Tucker Lutz,Tucker Lutz,-103,-122
ufc-262,May 15 2021,Christos Giagos,Sean Soriano,Christos Giagos,-,-
ufc-fight-night-may-22-2021,May 22 2021,Rob Font,Cody Garbrandt,Rob Font,-130,+110
ufc-fight-night-may-22-2021,May 22 2021,Yan Xiaonan,Carla Esparza,Carla Esparza,-115,-108
ufc-fight-night-may-22-2021,May 22 2021,Justin Tafa,Jared Vanderaa,Jared Vanderaa,-205,+160
ufc-fight-night-may-22-2021,May 22 2021,Felicia Spencer,Norma Dumont,Norma Dumont,-200,+156
ufc-fight-night-may-22-2021,May 22 2021,Ricardo Ramos,Bill Algeo,Ricardo Ramos,+105,-130
ufc-fight-night-may-22-2021,May 22 2021,Jack Hermansson,Edmen Shahbazyan,Jack Hermansson,-150,+120
ufc-fight-night-may-22-2021,May 22 2021,Ben Rothwell,Chris Barnett,Ben Rothwell,-360,+265
ufc-fight-night-may-22-2021,May 22 2021,Court McGee,Claudio Silva,Court McGee,-113,-110
ufc-fight-night-may-22-2021,May 22 2021,Bruno Silva,Victor Rodriguez,Bruno Silva,-400,+300
ufc-fight-night-may-22-2021,May 22 2021,Josh Culibao,Shayilan Nuerdanbieke,Josh Culibao,-265,+200
ufc-fight-night-may-22-2021,May 22 2021,David Dvorak,Juancamilo Ronderos,David Dvorak,-590,+400
ufc-fight-night-may-22-2021,May 22 2021,Rafael Alves,Damir Ismagulov,Damir Ismagulov,+410,-590
ufc-fight-night-june-05-2021,Jun 5 2021,Jairzinho Rozenstruik,Augusto Sakai,Jairzinho Rozenstruik,-121,-104
ufc-fight-night-june-05-2021,Jun 5 2021,Walt Harris,Marcin Tybura,Marcin Tybura,+140,-177
ufc-fight-night-june-05-2021,Jun 5 2021,Roman Dolidze,Laureano Staropoli,Roman Dolidze,-150,+120
ufc-fight-night-june-05-2021,Jun 5 2021,Santiago Ponzinibbio,Miguel Baeza,Santiago Ponzinibbio,-106,-118
ufc-fight-night-june-05-2021,Jun 5 2021,Duško Todorović,Gregory Rodrigues,Gregory Rodrigues,-150,+120
ufc-fight-night-june-05-2021,Jun 5 2021,Montana De La Rosa,Ariane Lipski,Montana De La Rosa,-305,+230
ufc-fight-night-june-05-2021,Jun 5 2021,Tanner Boser,Ilir Latifi,Ilir Latifi,-200,+160
ufc-fight-night-june-05-2021,Jun 5 2021,Francisco Trinaldo,Muslim Salikhov,Muslim Salikhov,+195,-250
ufc-fight-night-june-05-2021,Jun 5 2021,Makwan Amirkhani,Kamuela Kirk,Kamuela Kirk,-230,+180
ufc-fight-night-june-05-2021,Jun 5 2021,Alan Patrick,Mason Jones,,+230,-305
ufc-fight-night-june-05-2021,Jun 5 2021,Manon Fiorot,Tabatha Ricci,Manon Fiorot,-560,+375
ufc-fight-night-june-05-2021,Jun 5 2021,Sean Woodson,Youssef Zalal,Sean Woodson,-182,+145
ufc-fight-night-june-05-2021,Jun 5 2021,Claudio Puelles,Jordan Leavitt,Claudio Puelles,+165,-210
ufc-263,Jun 12 2021,Israel Adesanya,Marvin Vettori,Israel Adesanya,-286,+225
ufc-263,Jun 12 2021,Deiveson Figueiredo,Brandon Moreno,Brandon Moreno,-250,+195
ufc-263,Jun 12 2021,Leon Edwards,Nate Diaz,Leon Edwards,-500,+355
ufc-263,Jun 12 2021,Demian Maia,Belal Muhammad,Belal Muhammad,+200,-265
ufc-263,Jun 12 2021,Paul Craig,Jamahal Hill,Paul Craig,+235,-305
ufc-263,Jun 12 2021,Drew Dober,Brad Riddell,Brad Riddell,-155,+125
ufc-263,Jun 12 2021,Eryk Anders,Darren Stewart,Eryk Anders,-150,+120
ufc-263,Jun 12 2021,Lauren Murphy,Joanne Wood,Lauren Murphy,+117,-148
ufc-263,Jun 12 2021,Movsar Evloev,Hakeem Dawodu,Movsar Evloev,-240,+188
ufc-263,Jun 12 2021,Pannie Kianzad,Alexis Davis,Pannie Kianzad,-205,+162
ufc-263,Jun 12 2021,Matt Frevola,Terrance McKinney,Terrance McKinney,-225,+175
ufc-263,Jun 12 2021,Chase Hooper,Steven Peterson,Steven Peterson,-108,-114
ufc-263,Jun 12 2021,Farès Ziam,Luigi Vendramini,Farès Ziam,-125,+102
ufc-263,Jun 12 2021,Carlos Felipe,Jake Collier,Carlos Felipe,-175,+135
ufc-fight-night-june-19-2021,Jun 19 2021,Chan Sung Jung,Dan Ige,Chan Sung Jung,+110,-134
ufc-fight-night-june-19-2021,Jun 19 2021,Aleksei Oleinik,Serghei Spivac,Serghei Spivac,+185,-240
ufc-fight-night-june-19-2021,Jun 19 2021,Marlon Vera,Davey Grant,Marlon Vera,-230,+180
ufc-fight-night-june-19-2021,Jun 19 2021,Julian Erosa,Seungwoo Choi,Seungwoo Choi,+120,-150
ufc-fight-night-june-19-2021,Jun 19 2021,Wellington Turman,Bruno Silva,Bruno Silva,+100,-125
ufc-fight-night-june-19-2021,Jun 19 2021,Matt Brown,Dhiego Lima,Matt Brown,+145,-186
ufc-fight-night-june-19-2021,Jun 19 2021,Aleksa Camur,Nicolae Negumereanu,Nicolae Negumereanu,-265,+200
ufc-fight-night-june-19-2021,Jun 19 2021,Kanako Murata,Virna Jandiroba,Virna Jandiroba,+112,-139
ufc-fight-night-june-19-2021,Jun 19 2021,Khaos Williams,Matthew Semelsberger,Khaos Williams,-162,+130
ufc-fight-night-june-19-2021,Jun 19 2021,Josh Parisian,Roque Martinez,Josh Parisian,-137,+110
ufc-fight-night-june-19-2021,Jun 19 2021,Joaquim Silva,Ricky Glenn,Ricky Glenn,-134,+105
ufc-fight-night-june-19-2021,Jun 19 2021,Casey O'Neill,Lara Procopio,Casey O'Neill,+135,-167
ufc-fight-night-june-26-2021,Jun 26 2021,Ciryl Gane,Alexander Volkov,Ciryl Gane,-155,+125
ufc-fight-night-june-26-2021,Jun 26 2021,Tanner Boser,Ovince Saint Preux,Tanner Boser,-177,+140
ufc-fight-night-june-26-2021,Jun 26 2021,Raoni Barcelos,Timur Valiev,Timur Valiev,-230,+180
ufc-fight-night-june-26-2021,Jun 26 2021,Andre Fili,Daniel Pineda,,-235,+185
ufc-fight-night-june-26-2021,Jun 26 2021,Tim Means,Nicolas Dalby,Tim Means,-143,+113
ufc-fight-night-june-26-2021,Jun 26 2021,Renato Moicano,Jai Herbert,Renato Moicano,-250,+195
ufc-fight-night-june-26-2021,Jun 26 2021,Kennedy Nzechukwu,Danilo Marques,Kennedy Nzechukwu,-136,+110
ufc-fight-night-june-26-2021,Jun 26 2021,Shavkat Rakhmonov,Michel Prazeres,Shavkat Rakhmonov,-305,+235
ufc-fight-night-june-26-2021,Jun 26 2021,Warlley Alves,Jeremiah Wells,Jeremiah Wells,-240,+187
ufc-fight-night-june-26-2021,Jun 26 2021,Marcin Prachnio,Ike Villanueva,Marcin Prachnio,-200,+160
ufc-fight-night-june-26-2021,Jun 26 2021,Julia Avila,Julija Stoliarenko,Julia Avila,-345,+260
ufc-fight-night-june-26-2021,Jun 26 2021,Charles Rosa,Justin Jaynes,Charles Rosa,-177,+140
ufc-fight-night-june-26-2021,Jun 26 2021,Yancy Medeiros,Damir Hadzovic,Damir Hadzovic,+120,-150
ufc-264,Jul 10 2021,Dustin Poirier,Conor McGregor,Dustin Poirier,-130,+108
ufc-264,Jul 10 2021,Gilbert Burns,Stephen Thompson,Gilbert Burns,+125,-155
ufc-264,Jul 10 2021,Tai Tuivasa,Greg Hardy,Tai Tuivasa,-137,+110
ufc-264,Jul 10 2021,Irene Aldana,Yana Santos,Irene Aldana,-125,+100
ufc-264,Jul 10 2021,Sean O'Malley,Kris Moutinho,Sean O'Malley,-835,+525
ufc-264,Jul 10 2021,Carlos Condit,Max Griffin,Max Griffin,+150,-190
ufc-264,Jul 10 2021,Niko Price,Michel Pereira,Michel Pereira,+144,-177
ufc-264,Jul 10 2021,Ryan Hall,Ilia Topuria,Ilia Topuria,+180,-230
ufc-264,Jul 10 2021,Trevin Giles,Dricus Du Plessis,Dricus Du Plessis,-112,-112
ufc-264,Jul 10 2021,Jennifer Maia,Jessica Eye,Jennifer Maia,-200,+162
ufc-264,Jul 10 2021,Omari Akhmedov,Brad Tavares,Brad Tavares,+135,-167
ufc-264,Jul 10 2021,Zhalgas Zhumagulov,Jerome Rivera,Zhalgas Zhumagulov,-360,+265
ufc-fight-night-july-17-2021,Jul 17 2021,Islam Makhachev,Thiago Moises,Islam Makhachev,-720,+500
ufc-fight-night-july-17-2021,Jul 17 2021,Marion Reneau,Miesha Tate,Miesha Tate,+120,-140
ufc-fight-night-july-17-2021,Jul 17 2021,Jeremy Stephens,Mateusz Gamrot,Mateusz Gamrot,+175,-210
ufc-fight-night-july-17-2021,Jul 17 2021,Rodolfo Vieira,Dustin Stoltzfus,Rodolfo Vieira,-220,+180
ufc-fight-night-july-17-2021,Jul 17 2021,Gabriel Benitez,Billy Quarantillo,Billy Quarantillo,-165,+145
ufc-fight-night-july-17-2021,Jul 17 2021,Daniel Rodriguez,Preston Parsons,Daniel Rodriguez,-320,+250
ufc-fight-night-july-17-2021,Jul 17 2021,Amanda Lemos,Montserrat Ruiz,Amanda Lemos,-575,+410
ufc-fight-night-july-17-2021,Jul 17 2021,Khalid Taha,Sergey Morozov,Sergey Morozov,-135,+115
ufc-fight-night-july-17-2021,Jul 17 2021,Francisco Figueiredo,Malcolm Gordon,Malcolm Gordon,-310,+245
ufc-fight-night-july-17-2021,Jul 17 2021,Alan Baudot,Rodrigo Nascimento,Rodrigo Nascimento,+280,-365
ufc-fight-night-july-24-2021,Jul 24 2021,Cory Sandhagen,TJ Dillashaw,TJ Dillashaw,-180,+155
ufc-fight-night-july-24-2021,Jul 24 2021,Kyler Phillips,Raulian Paiva,Raulian Paiva,-290,+230
ufc-fight-night-july-24-2021,Jul 24 2021,Darren Elkins,Darrick Minner,Darren Elkins,+130,-150
ufc-fight-night-july-24-2021,Jul 24 2021,Miranda Maverick,Maycee Barber,Maycee Barber,-155,+135
ufc-fight-night-july-24-2021,Jul 24 2021,Adrian Yanez,Randy Costa,Adrian Yanez,-225,+185
ufc-fight-night-july-24-2021,Jul 24 2021,Punahele Soriano,Brendan Allen,Brendan Allen,-130,+110
ufc-fight-night-july-24-2021,Jul 24 2021,Nassourdine Imavov,Ian Heinisch,Nassourdine Imavov,+140,-160
ufc-fight-night-july-24-2021,Jul 24 2021,Mickey Gall,Jordan Williams,Mickey Gall,+150,-170
ufc-fight-night-july-24-2021,Jul 24 2021,Julio Arce,Andre Ewell,Julio Arce,-200,+170
ufc-fight-night-july-24-2021,Jul 24 2021,Sijara Eubanks,Elise Reed,Sijara Eubanks,-350,+270
ufc-fight-night-july-24-2021,Jul 24 2021,Diana Belbita,Hannah Goldy,Diana Belbita,-115,-105
ufc-fight-night-july-31-2021,Jul 31 2021,Uriah Hall,Sean Strickland,Sean Strickland,+175,-210
ufc-fight-night-july-31-2021,Jul 31 2021,Cheyanne Vlismas,Gloria de Paula,Cheyanne Vlismas,-155,+135
ufc-fight-night-july-31-2021,Jul 31 2021,Niklas Stolze,Jared Gooden,Jared Gooden,+170,-200
ufc-fight-night-july-31-2021,Jul 31 2021,Collin Anglin,Melsik Baghdasaryan,Melsik Baghdasaryan,+125,-145
ufc-fight-night-july-31-2021,Jul 31 2021,Bryan Barberena,Jason Witt,Jason Witt,-265,+215
ufc-fight-night-july-31-2021,Jul 31 2021,Chris Gruetzemacher,Rafa Garcia,Chris Gruetzemacher,+245,-310
ufc-fight-night-july-31-2021,Jul 31 2021,Danny Chavez,Kai Kamaka,draw/no contest,+100,-120
ufc-fight-night-july-31-2021,Jul 31 2021,Jinh Yu Frey,Ashley Yoder,Jinh Yu Frey,+135,-155
ufc-fight-night-july-31-2021,Jul 31 2021,Ryan Benoit,Zarrukh Adashev,Zarrukh Adashev,-130,+110
ufc-fight-night-july-31-2021,Jul 31 2021,Phil Rowe,Orion Cosce,Phil Rowe,+135,-155
ufc-265,Aug 7 2021,Derrick Lewis,Ciryl Gane,Ciryl Gane,+270,-350
ufc-265,Aug 7 2021,José Aldo,Pedro Munhoz,José Aldo,-140,+120
ufc-265,Aug 7 2021,Michael Chiesa,Vicente Luque,Vicente Luque,-105,-115
ufc-265,Aug 7 2021,Tecia Torres,Angela Hill,Tecia Torres,-145,+125
ufc-265,Aug 7 2021,Song Yadong,Casey Kenney,Song Yadong,+105,-125
ufc-265,Aug 7 2021,Bobby Green,Rafael Fiziev,Rafael Fiziev,+245,-310
ufc-265,Aug 7 2021,Vince Morales,Drako Rodriguez,Vince Morales,-105,-115
ufc-265,Aug 7 2021,Alonzo Menifield,Ed Herman,Alonzo Menifield,-240,+195
ufc-265,Aug 7 2021,Karolina Kowalkiewicz,Jessica Penne,Jessica Penne,-140,+120
ufc-265,Aug 7 2021,Manel Kape,Ode' Osbourne,Manel Kape,-200,+170
ufc-265,Aug 7 2021,Miles Johns,Anderson dos Santos,Miles Johns,-210,+175
ufc-265,Aug 7 2021,Victoria Leonardo,Melissa Gatto,Melissa Gatto,-110,-110
ufc-265,Aug 7 2021,Johnny Munoz,Jamey Simmons,Johnny Munoz,-310,+245
ufc-fight-night-august-21-2021,Aug 21 2021,Jared Cannonier,Kelvin Gastelum,Jared Cannonier,-150,+130
ufc-fight-night-august-21-2021,Aug 21 2021,Clay Guida,Mark Madsen,Mark Madsen,+145,-165
ufc-fight-night-august-21-2021,Aug 21 2021,Parker Porter,Chase Sherman,Parker Porter,+160,-190
ufc-fight-night-august-21-2021,Aug 21 2021,Trevin Jones,Saidyokub Kakhramonov,Saidyokub Kakhramonov,-,-
ufc-fight-night-august-21-2021,Aug 21 2021,Vinc Pichel,Austin Hubbard,Vinc Pichel,-105,-115
ufc-fight-night-august-21-2021,Aug 21 2021,Alexandre Pantoja,Brandon Royval,Alexandre Pantoja,-180,+155
ufc-fight-night-august-21-2021,Aug 21 2021,Austin Lingo,Luis Saldana,Austin Lingo,+105,-125
ufc-fight-night-august-21-2021,Aug 21 2021,Brian Kelleher,Domingo Pilarte,Brian Kelleher,-170,+150
ufc-fight-night-august-21-2021,Aug 21 2021,Bea Malecki,Josiane Nunes,Josiane Nunes,-155,+135
ufc-fight-night-august-21-2021,Aug 21 2021,William Knight,Fabio Cherant,William Knight,-170,+150
ufc-fight-night-august-21-2021,Aug 21 2021,Roosevelt Roberts,Ignacio Bahamondes,Ignacio Bahamondes,-145,+125
ufc-fight-night-august-21-2021,Aug 21 2021,Sasha Palatnikov,Ramiz Brahimaj,Ramiz Brahimaj,+120,-140
ufc-fight-night-august-28-2021,Aug 28 2021,Edson Barboza,Giga Chikadze,Giga Chikadze,-125,+105
ufc-fight-night-august-28-2021,Aug 28 2021,Bryan Battle,Gilbert Urbina,Bryan Battle,-170,+150
ufc-fight-night-august-28-2021,Aug 28 2021,Ricky Turcios,Brady Hiestand,Ricky Turcios,-150,+130
ufc-fight-night-august-28-2021,Aug 28 2021,Kevin Lee,Daniel Rodriguez,Daniel Rodriguez,-145,+125
ufc-fight-night-august-28-2021,Aug 28 2021,Andre Petroski,Micheal Gillmore,Andre Petroski,-525,+385
ufc-fight-night-august-28-2021,Aug 28 2021,Makhmud Muradov,Gerald Meerschaert,Gerald Meerschaert,-630,+450
ufc-fight-night-august-28-2021,Aug 28 2021,Alessio Di Chirico,Abdul Razak Alhassan,Abdul Razak Alhassan,-240,+195
ufc-fight-night-august-28-2021,Aug 28 2021,Sam Alvey,Wellington Turman,Wellington Turman,+110,-130
ufc-fight-night-august-28-2021,Aug 28 2021,Dustin Jacoby,Darren Stewart,Dustin Jacoby,-200,+170
ufc-fight-night-august-28-2021,Aug 28 2021,JJ Aldrich,Vanessa Demopoulos,JJ Aldrich,-410,+310
ufc-fight-night-august-28-2021,Aug 28 2021,Jamall Emmers,Pat Sabatini,Pat Sabatini,-150,+130
ufc-fight-night-august-28-2021,Aug 28 2021,Mana Martinez,Guido Cannetti,Mana Martinez,-275,+220
ufc-fight-night-september-04-2021,Sep 4 2021,Derek Brunson,Darren Till,Derek Brunson,+160,-190
ufc-fight-night-september-04-2021,Sep 4 2021,Tom Aspinall,Serghei Spivac,Tom Aspinall,-180,+155
ufc-fight-night-september-04-2021,Sep 4 2021,Alex Morono,David Zawada,Alex Morono,-135,+115
ufc-fight-night-september-04-2021,Sep 4 2021,Modestas Bukauskas,Khalil Rountree Jr.,Khalil Rountree Jr.,-155,+135
ufc-fight-night-september-04-2021,Sep 4 2021,Paddy Pimblett,Luigi Vendramini,Paddy Pimblett,-155,+135
ufc-fight-night-september-04-2021,Sep 4 2021,Molly McCann,Ji Yeon Kim,Molly McCann,-110,-110
ufc-fight-night-september-04-2021,Sep 4 2021,Jack Shore,Liudvik Sholinian,Jack Shore,-490,+360
ufc-fight-night-september-04-2021,Sep 4 2021,Julian Erosa,Charles Jourdain,Julian Erosa,+160,-190
ufc-fight-night-september-04-2021,Sep 4 2021,Dalcha Lungiambula,Marc-Andre Barriault,Marc-Andre Barriault,+115,-135
ufc-fight-night-september-18-2021,Sep 18 2021,Anthony Smith,Ryan Spann,Anthony Smith,-150,+130
ufc-fight-night-september-18-2021,Sep 18 2021,Ion Cutelaba,Devin Clark,Ion Cutelaba,-160,+140
ufc-fight-night-september-18-2021,Sep 18 2021,Ariane Lipski,Mandy Böhm,Ariane Lipski,-130,+110
ufc-fight-night-september-18-2021,Sep 18 2021,Arman Tsarukyan,Christos Giagos,Arman Tsarukyan,-850,+575
ufc-fight-night-september-18-2021,Sep 18 2021,Nate Maness,Tony Gravely,Nate Maness,+175,-210
ufc-fight-night-september-18-2021,Sep 18 2021,Joaquin Buckley,Antonio Arroyo,Joaquin Buckley,-180,+155
ufc-fight-night-september-18-2021,Sep 18 2021,Mike Rodriguez,Tafon Nchukwi,Tafon Nchukwi,+105,-125
ufc-fight-night-september-18-2021,Sep 18 2021,Pannie Kianzad,Raquel Pennington,Raquel Pennington,+115,-135
ufc-fight-night-september-18-2021,Sep 18 2021,Rong Zhu,Brandon Jenkins,Rong Zhu,-240,+195
ufc-fight-night-september-18-2021,Sep 18 2021,Montel Jackson,JP Buys,Montel Jackson,-630,+450
ufc-fight-night-september-18-2021,Sep 18 2021,Erin Blanchfield,Sarah Alpar,Erin Blanchfield,-400,+300
ufc-fight-night-september-18-2021,Sep 18 2021,Impa Kasanganay,Carlston Harris,Carlston Harris,-115,-105
ufc-fight-night-september-18-2021,Sep 18 2021,Gustavo Lopez,Alatengheili,draw/no contest,+105,-125
ufc-fight-night-september-18-2021,Sep 18 2021,Emily Whitmire,Hannah Goldy,Hannah Goldy,-125,+105
ufc-266,Sep 25 2021,Alexander Volkanovski,Brian Ortega,Alexander Volkanovski,-170,+150
ufc-266,Sep 25 2021,Valentina Shevchenko,Lauren Murphy,Valentina Shevchenko,-1250,+750
ufc-266,Sep 25 2021,Nick Diaz,Robbie Lawler,Robbie Lawler,+140,-160
ufc-266,Sep 25 2021,Curtis Blaydes,Jairzinho Rozenstruik,Curtis Blaydes,-210,+245
ufc-266,Sep 25 2021,Jéssica Andrade,Cynthia Calvillo,Jéssica Andrade,-280,+225
ufc-266,Sep 25 2021,Marlon Moraes,Merab Dvalishvili,Merab Dvalishvili,+210,-260
ufc-266,Sep 25 2021,Dan Hooker,Nasrat Haqparast,Dan Hooker,-180,+155
ufc-266,Sep 25 2021,Shamil Abdurakhimov,Chris Daukaus,Chris Daukaus,+155,-180
ufc-266,Sep 25 2021,Roxanne Modafferi,Taila Santos,Taila Santos,+310,-410
ufc-266,Sep 25 2021,Uroš Medić,Jalin Turner,Jalin Turner,-120,+100
ufc-266,Sep 25 2021,Cody Brundage,Nick Maximov,Nick Maximov,-115,-105
ufc-266,Sep 25 2021,Matthew Semelsberger,Martin Sano,Matthew Semelsberger,-475,+350
ufc-266,Sep 25 2021,Jonathan Pearce,Omar Morales,Jonathan Pearce,+130,-150
ufc-fight-night-october-02-2021,Oct 2 2021,Thiago Santos,Johnny Walker,Thiago Santos,-155,+135
ufc-fight-night-october-02-2021,Oct 2 2021,Kevin Holland,Kyle Daukaus,,-165,+145
ufc-fight-night-october-02-2021,Oct 2 2021,Alex Oliveira,Niko Price,Niko Price,+150,-170
ufc-fight-night-october-02-2021,Oct 2 2021,Misha Cirkunov,Krzysztof Jotko,Krzysztof Jotko,+125,-145
ufc-fight-night-october-02-2021,Oct 2 2021,Alexander Hernandez,Mike Breeden,Alexander Hernandez,-550,+400
ufc-fight-night-october-02-2021,Oct 2 2021,Joe Solecki,Jared Gordon,Jared Gordon,-135,+115
ufc-fight-night-october-02-2021,Oct 2 2021,Antonina Shevchenko,Casey O'Neill,Casey O'Neill,+185,-225
ufc-fight-night-october-02-2021,Oct 2 2021,Bethe Correia,Karol Rosa,Karol Rosa,+425,-590
ufc-fight-night-october-02-2021,Oct 2 2021,Devonte Smith,Jamie Mullarkey,Jamie Mullarkey,-150,+130
ufc-fight-night-october-02-2021,Oct 2 2021,Douglas Silva de Andrade,Gaetano Pirrello,Douglas Silva de Andrade,-265,+215
ufc-fight-night-october-02-2021,Oct 2 2021,Stephanie Egger,Shanna Young,Stephanie Egger,-140,+120
ufc-fight-night-october-02-2021,Oct 2 2021,Alejandro Pérez,Johnny Eduardo,Alejandro Pérez,-235,+190
ufc-fight-night-october-09-2021,Oct 9 2021,Mackenzie Dern,Marina Rodriguez,Marina Rodriguez,-150,+130
ufc-fight-night-october-09-2021,Oct 9 2021,Randy Brown,Jared Gooden,Randy Brown,-265,+215
ufc-fight-night-october-09-2021,Oct 9 2021,Tim Elliott,Matheus Nicolau,Matheus Nicolau,+150,-170
ufc-fight-night-october-09-2021,Oct 9 2021,Sabina Mazo,Mariya Agapova,Mariya Agapova,-155,+135
ufc-fight-night-october-09-2021,Oct 9 2021,Chris Gutierrez,Felipe Colares,Chris Gutierrez,-265,+215
ufc-fight-night-october-09-2021,Oct 9 2021,Alexandr Romanov,Jared Vanderaa,Alexandr Romanov,-400,+300
ufc-fight-night-october-09-2021,Oct 9 2021,Charles Rosa,Damon Jackson,Damon Jackson,+145,-165
ufc-fight-night-october-09-2021,Oct 9 2021,Loopy Godinez,Silvana Gomez Juarez,Loopy Godinez,-210,+175
ufc-fight-night-october-09-2021,Oct 9 2021,Steve Garcia,Charlie Ontiveros,Steve Garcia,-310,+245
ufc-fight-night-october-16-2021,Oct 16 2021,Aspen Ladd,Norma Dumont,Norma Dumont,-150,+130
ufc-fight-night-october-16-2021,Oct 16 2021,Andrei Arlovski,Carlos Felipe,Andrei Arlovski,-115,-105
ufc-fight-night-october-16-2021,Oct 16 2021,Jim Miller,Erick Gonzalez,Jim Miller,-190,+160
ufc-fight-night-october-16-2021,Oct 16 2021,Manon Fiorot,Mayra Bueno Silva,Manon Fiorot,-220,+180
ufc-fight-night-october-16-2021,Oct 16 2021,Nate Landwehr,Ludovit Klein,Nate Landwehr,+245,-310
ufc-fight-night-october-16-2021,Oct 16 2021,Andrew Sanchez,Bruno Silva,Bruno Silva,+120,-140
ufc-fight-night-october-16-2021,Oct 16 2021,Danny Roberts,Ramazan Emeev,Danny Roberts,+195,-240
ufc-fight-night-october-16-2021,Oct 16 2021,Loopy Godinez,Luana Carolina,Luana Carolina,-235,+190
ufc-fight-night-october-16-2021,Oct 16 2021,Batgerel Danaa,Brandon Davis,Batgerel Danaa,-195,+165
ufc-fight-night-october-16-2021,Oct 16 2021,Istela Nunes,Ariane Carnelossi,Ariane Carnelossi,+145,-165
ufc-fight-night-october-23-2021,Oct 23 2021,Paulo Costa,Marvin Vettori,Marvin Vettori,+120,-140
ufc-fight-night-october-23-2021,Oct 23 2021,Grant Dawson,Ricky Glenn,draw/no contest,-300,+235
ufc-fight-night-october-23-2021,Oct 23 2021,Jessica-Rose Clark,Joselyne Edwards,Jessica-Rose Clark,-130,+110
ufc-fight-night-october-23-2021,Oct 23 2021,Alex Caceres,Seungwoo Choi,Alex Caceres,+225,-280
ufc-fight-night-october-23-2021,Oct 23 2021,Francisco Trinaldo,Dwight Grant,Francisco Trinaldo,-115,-105
ufc-fight-night-october-23-2021,Oct 23 2021,Nicolae Negumereanu,Ike Villanueva,Nicolae Negumereanu,-220,+180
ufc-fight-night-october-23-2021,Oct 23 2021,Junyong Park,Gregory Rodrigues,Gregory Rodrigues,-120,+100
ufc-fight-night-october-23-2021,Oct 23 2021,Mason Jones,David Onama,Mason Jones,-410,+310
ufc-fight-night-october-23-2021,Oct 23 2021,Tabatha Ricci,Maria Oliveira,Tabatha Ricci,-210,+175
ufc-fight-night-october-23-2021,Oct 23 2021,Jamie Pickett,Laureano Staropoli,Jamie Pickett,-,-
ufc-fight-night-october-23-2021,Oct 23 2021,Khama Worthy,Jai Herbert,Jai Herbert,+150,-170
ufc-fight-night-october-23-2021,Oct 23 2021,Jeffrey Molina,Daniel Lacerda,Jeffrey Molina,-150,+130
ufc-fight-night-october-23-2021,Oct 23 2021,Livinha Souza,Randa Markos,Randa Markos,-135,+115
ufc-fight-night-october-23-2021,Oct 23 2021,Jonathan Martinez,Zviad Lazishvili,Jonathan Martinez,-110,-110
ufc-267,Oct 30 2021,Jan Błachowicz,Glover Teixeira,Glover Teixeira,-300,+235
ufc-267,Oct 30 2021,Petr Yan,Cory Sandhagen,Petr Yan,-235,+190
ufc-267,Oct 30 2021,Islam Makhachev,Dan Hooker,Islam Makhachev,-650,+460
ufc-267,Oct 30 2021,Alexander Volkov,Marcin Tybura,Alexander Volkov,-290,+230
ufc-267,Oct 30 2021,Li Jingliang,Khamzat Chimaev,Khamzat Chimaev,+425,-590
ufc-267,Oct 30 2021,Magomed Ankalaev,Volkan Oezdemir,Magomed Ankalaev,-310,+245
ufc-267,Oct 30 2021,Amanda Ribas,Virna Jandiroba,Amanda Ribas,-160,+140
ufc-267,Oct 30 2021,Ricardo Ramos,Zubaira Tukhugov,Zubaira Tukhugov,+150,-170
ufc-267,Oct 30 2021,Albert Duraev,Roman Kopylov,Albert Duraev,-335,+260
ufc-267,Oct 30 2021,Elizeu Zaleski dos Santos,Benoît Saint Denis,Elizeu Zaleski dos Santos,-,-
ufc-267,Oct 30 2021,Shamil Gamzatov,Michal Oleksiejczuk,Michal Oleksiejczuk,-145,+125
ufc-267,Oct 30 2021,Makwan Amirkhani,Lerone Murphy,Lerone Murphy,+245,-310
ufc-267,Oct 30 2021,Hu Yaozong,Andre Petroski,Andre Petroski,+190,-235
ufc-267,Oct 30 2021,Tagir Ulanbekov,Allan Nascimento,Tagir Ulanbekov,-365,+280
ufc-268,Nov 6 2021,Kamaru Usman,Colby Covington,Kamaru Usman,-320,+250
ufc-268,Nov 6 2021,Rose Namajunas,Zhang Weili,Rose Namajunas,+105,-125
ufc-268,Nov 6 2021,Frankie Edgar,Marlon Vera,Marlon Vera,+140,-160
ufc-268,Nov 6 2021,Shane Burgos,Billy Quarantillo,Shane Burgos,-200,+170
ufc-268,Nov 6 2021,Justin Gaethje,Michael Chandler,Justin Gaethje,-210,+175
ufc-268,Nov 6 2021,Alex Pereira,Andreas Michailidis,Alex Pereira,-250,+200
ufc-268,Nov 6 2021,Al Iaquinta,Bobby Green,Bobby Green,+155,-180
ufc-268,Nov 6 2021,Phil Hawes,Chris Curtis,Chris Curtis,-310,+245
ufc-268,Nov 6 2021,Edmen Shahbazyan,Nassourdine Imavov,Nassourdine Imavov,+105,-125
ufc-268,Nov 6 2021,Ian Machado Garry,Jordan Williams,Ian Machado Garry,-400,+300
ufc-268,Nov 6 2021,Gian Villante,Chris Barnett,Chris Barnett,-130,+110
ufc-268,Nov 6 2021,Dustin Jacoby,John Allan,Dustin Jacoby,-380,+290
ufc-268,Nov 6 2021,Melsik Baghdasaryan,Bruno Souza,Melsik Baghdasaryan,-350,+270
ufc-268,Nov 6 2021,CJ Vergara,Ode' Osbourne,Ode' Osbourne,+160,-190
ufc-fight-night-november-13-2021,Nov 13 2021,Max Holloway,Yair Rodriguez,Max Holloway,-720,+500
ufc-fight-night-november-13-2021,Nov 13 2021,Ben Rothwell,Marcos Rogerio de Lima,Marcos Rogerio de Lima,-155,+135
ufc-fight-night-november-13-2021,Nov 13 2021,Felicia Spencer,Leah Letson,Felicia Spencer,-310,+245
ufc-fight-night-november-13-2021,Nov 13 2021,Miguel Baeza,Khaos Williams,Khaos Williams,-145,+125
ufc-fight-night-november-13-2021,Nov 13 2021,Song Yadong,Julio Arce,Song Yadong,-130,+110
ufc-fight-night-november-13-2021,Nov 13 2021,Thiago Moises,Joel Álvarez,Joel Álvarez,-240,+195
ufc-fight-night-november-13-2021,Nov 13 2021,Cynthia Calvillo,Andrea Lee,Andrea Lee,-130,+110
ufc-fight-night-november-13-2021,Nov 13 2021,Sean Woodson,Collin Anglin,Sean Woodson,-335,+260
ufc-fight-night-november-13-2021,Nov 13 2021,Cortney Casey,Liana Jojua,Cortney Casey,-240,+195
ufc-fight-night-november-13-2021,Nov 13 2021,Marc Diakiese,Rafael Alves,Rafael Alves,-190,+160
ufc-fight-night-november-13-2021,Nov 13 2021,Kennedy Nzechukwu,Da Woon Jung,Da Woon Jung,+100,-120
ufc-fight-night-november-20-2021,Nov 20 2021,Ketlen Vieira,Miesha Tate,Ketlen Vieira,-110,-110
ufc-fight-night-november-20-2021,Nov 20 2021,Michael Chiesa,Sean Brady,Sean Brady,+145,-165
ufc-fight-night-november-20-2021,Nov 20 2021,Joanne Wood,Taila Santos,Taila Santos,+310,-410
ufc-fight-night-november-20-2021,Nov 20 2021,Rani Yahya,Kyung Ho Kang,Rani Yahya,-105,-115
ufc-fight-night-november-20-2021,Nov 20 2021,Davey Grant,Adrian Yanez,Adrian Yanez,+225,-280
ufc-fight-night-november-20-2021,Nov 20 2021,Pat Sabatini,Tucker Lutz,Pat Sabatini,-105,-115
ufc-fight-night-november-20-2021,Nov 20 2021,Rafa Garcia,Natan Levy,Rafa Garcia,-105,-115
ufc-fight-night-november-20-2021,Nov 20 2021,Loma Lookboonmee,Loopy Godinez,Loopy Godinez,+135,-155
ufc-fight-night-november-20-2021,Nov 20 2021,Cody Durden,Aoriqileng,Cody Durden,-160,+140
ufc-fight-night-november-20-2021,Nov 20 2021,Shayilan Nuerdanbieke,Sean Soriano,Shayilan Nuerdanbieke,+225,-280
ufc-fight-night-november-20-2021,Nov 20 2021,Luana Pinheiro,Sam Hughes,Luana Pinheiro,-400,+300
ufc-fight-night-december-04-2021,Dec 4 2021,Rob Font,José Aldo,José Aldo,-140,+120
ufc-fight-night-december-04-2021,Dec 4 2021,Brad Riddell,Rafael Fiziev,Rafael Fiziev,+105,-125
ufc-fight-night-december-04-2021,Dec 4 2021,Jimmy Crute,Jamahal Hill,Jamahal Hill,-170,+150
ufc-fight-night-december-04-2021,Dec 4 2021,Clay Guida,Leonardo Santos,Clay Guida,+145,-165
ufc-fight-night-december-04-2021,Dec 4 2021,Brendan Allen,Chris Curtis,Chris Curtis,-365,+280
ufc-fight-night-december-04-2021,Dec 4 2021,Alex Morono,Mickey Gall,Alex Morono,-235,+190
ufc-fight-night-december-04-2021,Dec 4 2021,Maki Pitolo,Duško Todorović,Duško Todorović,+135,-155
ufc-fight-night-december-04-2021,Dec 4 2021,Manel Kape,Zhalgas Zhumagulov,Manel Kape,-290,+230
ufc-fight-night-december-04-2021,Dec 4 2021,Bryan Barberena,Darian Weeks,Bryan Barberena,-130,+110
ufc-fight-night-december-04-2021,Dec 4 2021,Cheyanne Vlismas,Mallory Martin,Cheyanne Vlismas,-190,+160
ufc-fight-night-december-04-2021,Dec 4 2021,Alonzo Menifield,William Knight,William Knight,-155,+135
ufc-fight-night-december-04-2021,Dec 4 2021,Claudio Puelles,Chris Gruetzemacher,Claudio Puelles,-115,-105
ufc-fight-night-december-04-2021,Dec 4 2021,Louis Smolka,Vince Morales,Vince Morales,-145,+125
ufc-269,Dec 11 2021,Charles Oliveira,Dustin Poirier,Charles Oliveira,+115,-135
ufc-269,Dec 11 2021,Amanda Nunes,Julianna Peña,Julianna Peña,-1000,+650
ufc-269,Dec 11 2021,Geoff Neal,Santiago Ponzinibbio,Geoff Neal,-110,-110
ufc-269,Dec 11 2021,Kai Kara-France,Cody Garbrandt,Kai Kara-France,+110,-130
ufc-269,Dec 11 2021,Raulian Paiva,Sean O'Malley,Sean O'Malley,+270,-350
ufc-269,Dec 11 2021,Josh Emmett,Dan Ige,Josh Emmett,-145,+125
ufc-269,Dec 11 2021,Pedro Munhoz,Dominick Cruz,Dominick Cruz,-120,+100
ufc-269,Dec 11 2021,Augusto Sakai,Tai Tuivasa,Tai Tuivasa,+100,-120
ufc-269,Dec 11 2021,Jordan Wright,Bruno Silva,Bruno Silva,+260,-335
ufc-269,Dec 11 2021,Andre Muniz,Eryk Anders,Andre Muniz,-180,+155
ufc-269,Dec 11 2021,Miranda Maverick,Erin Blanchfield,Erin Blanchfield,-140,+120
ufc-269,Dec 11 2021,Ryan Hall,Darrick Minner,Ryan Hall,-190,+160
ufc-269,Dec 11 2021,Randy Costa,Tony Kelley,Tony Kelley,-195,+165
ufc-269,Dec 11 2021,Gillian Robertson,Priscila Cachoeira,Gillian Robertson,-350,+270
ufc-fight-night-december-18-2021,Dec 18 2021,Derrick Lewis,Chris Daukaus,Derrick Lewis,+130,-150
ufc-fight-night-december-18-2021,Dec 18 2021,Stephen Thompson,Belal Muhammad,Belal Muhammad,-210,+175
ufc-fight-night-december-18-2021,Dec 18 2021,Amanda Lemos,Angela Hill,Amanda Lemos,-280,+225
ufc-fight-night-december-18-2021,Dec 18 2021,Raphael Assunção,Ricky Simon,Ricky Simon,+235,-300
ufc-fight-night-december-18-2021,Dec 18 2021,Diego Ferreira,Mateusz Gamrot,Mateusz Gamrot,+180,-220
ufc-fight-night-december-18-2021,Dec 18 2021,Cub Swanson,Darren Elkins,Cub Swanson,-155,+135
ufc-fight-night-december-18-2021,Dec 18 2021,Dustin Stoltzfus,Gerald Meerschaert,Gerald Meerschaert,+195,-240
ufc-fight-night-december-18-2021,Dec 18 2021,Justin Tafa,Harry Hunsucker,Justin Tafa,-310,+245
ufc-fight-night-december-18-2021,Dec 18 2021,Sijara Eubanks,Melissa Gatto,Melissa Gatto,-160,+140
ufc-fight-night-december-18-2021,Dec 18 2021,Charles Jourdain,Andre Ewell,Charles Jourdain,-200,+170
ufc-fight-night-december-18-2021,Dec 18 2021,Raquel Pennington,Macy Chiasson,Raquel Pennington,-140,+120
ufc-fight-night-december-18-2021,Dec 18 2021,Don'Tale Mayes,Josh Parisian,Don'Tale Mayes,-170,+150
ufc-fight-night-december-18-2021,Dec 18 2021,Jordan Leavitt,Matt Sayles,Jordan Leavitt,-135,+115
ufc-fight-night-january-15-2022,Jan 15 2022,Calvin Kattar,Giga Chikadze,Calvin Kattar,+190,-235
ufc-fight-night-january-15-2022,Jan 15 2022,Jake Collier,Chase Sherman,Jake Collier,-135,+115
ufc-fight-night-january-15-2022,Jan 15 2022,Brandon Royval,Rogerio Bontorin,Brandon Royval,-160,+140
ufc-fight-night-january-15-2022,Jan 15 2022,Katlyn Chookagian,Jennifer Maia,Katlyn Chookagian,-180,+155
ufc-fight-night-january-15-2022,Jan 15 2022,Dakota Bush,Viacheslav Borshchev,Viacheslav Borshchev,+160,-190
ufc-fight-night-january-15-2022,Jan 15 2022,Bill Algeo,Joanderson Brito,Bill Algeo,+115,-135
ufc-fight-night-january-15-2022,Jan 15 2022,Jamie Pickett,Joseph Holmes,Jamie Pickett,+120,-140
ufc-fight-night-january-15-2022,Jan 15 2022,Court McGee,Ramiz Brahimaj,Court McGee,-105,-115
ufc-fight-night-january-15-2022,Jan 15 2022,Brian Kelleher,Kevin Croom,Brian Kelleher,-310,+245
ufc-fight-night-january-15-2022,Jan 15 2022,TJ Brown,Charles Rosa,TJ Brown,-240,+195
ufc-270,Jan 22 2022,Francis Ngannou,Ciryl Gane,Francis Ngannou,+125,-145
ufc-270,Jan 22 2022,Brandon Moreno,Deiveson Figueiredo,Deiveson Figueiredo,-190,+160
ufc-270,Jan 22 2022,Michel Pereira,Andre Fialho,Michel Pereira,-,-
ufc-270,Jan 22 2022,Cody Stamann,Said Nurmagomedov,Said Nurmagomedov,+150,-170
ufc-270,Jan 22 2022,Michael Morales,Trevin Giles,Michael Morales,-110,-110
ufc-270,Jan 22 2022,Raoni Barcelos,Victor Henry,Victor Henry,-510,+375
ufc-270,Jan 22 2022,Jack Della Maddalena,Pete Rodriguez,Jack Della Maddalena,-380,+290
ufc-270,Jan 22 2022,Tony Gravely,Saimon Oliveira,Tony Gravely,-250,+200
ufc-270,Jan 22 2022,Matt Frevola,Genaro Valdez,Matt Frevola,-200,+170
ufc-270,Jan 22 2022,Silvana Gomez Juarez,Vanessa Demopoulos,Vanessa Demopoulos,+125,-145
ufc-270,Jan 22 2022,Kay Hansen,Jasmine Jasudavicius,Jasmine Jasudavicius,-170,+150
ufc-fight-night-february-05-2022,Feb 5 2022,Jack Hermansson,Sean Strickland,Sean Strickland,+180,-220
ufc-fight-night-february-05-2022,Feb 5 2022,Punahele Soriano,Nick Maximov,Nick Maximov,-190,+160
ufc-fight-night-february-05-2022,Feb 5 2022,Shavkat Rakhmonov,Carlston Harris,Shavkat Rakhmonov,-255,+205
ufc-fight-night-february-05-2022,Feb 5 2022,Sam Alvey,Brendan Allen,Brendan Allen,+330,-435
ufc-fight-night-february-05-2022,Feb 5 2022,Tresean Gore,Bryan Battle,Bryan Battle,-140,+120
ufc-fight-night-february-05-2022,Feb 5 2022,Julian Erosa,Steven Peterson,Julian Erosa,-305,+240
ufc-fight-night-february-05-2022,Feb 5 2022,Miles Johns,John Castaneda,John Castaneda,-170,+150
ufc-fight-night-february-05-2022,Feb 5 2022,Hakeem Dawodu,Michael Trizano,Hakeem Dawodu,-170,+150
ufc-fight-night-february-05-2022,Feb 5 2022,Chidi Njokuani,Marc-Andre Barriault,Chidi Njokuani,-110,-110
ufc-fight-night-february-05-2022,Feb 5 2022,Alexis Davis,Julija Stoliarenko,Alexis Davis,-240,+195
ufc-fight-night-february-05-2022,Feb 5 2022,Jailton Almeida,Danilo Marques,Jailton Almeida,-380,+290
ufc-fight-night-february-05-2022,Feb 5 2022,Jason Witt,Phil Rowe,Phil Rowe,+120,-140
ufc-fight-night-february-05-2022,Feb 5 2022,Malcolm Gordon,Denys Bondar,Malcolm Gordon,+230,-290
ufc-271,Feb 12 2022,Israel Adesanya,Robert Whittaker,Israel Adesanya,-280,+225
ufc-271,Feb 12 2022,Derrick Lewis,Tai Tuivasa,Tai Tuivasa,-170,+150
ufc-271,Feb 12 2022,Jared Cannonier,Derek Brunson,Jared Cannonier,-165,+145
ufc-271,Feb 12 2022,Alexander Hernandez,Renato Moicano,Renato Moicano,+140,-160
ufc-271,Feb 12 2022,Bobby Green,Nasrat Haqparast,Bobby Green,-145,+125
ufc-271,Feb 12 2022,Andrei Arlovski,Jared Vanderaa,Andrei Arlovski,-155,+135
ufc-271,Feb 12 2022,Roxanne Modafferi,Casey O'Neill,Casey O'Neill,+300,-400
ufc-271,Feb 12 2022,Kyler Phillips,Marcelo Rojo,Kyler Phillips,-435,+330
ufc-271,Feb 12 2022,Carlos Ulberg,Fabio Cherant,Carlos Ulberg,-265,+215
ufc-271,Feb 12 2022,Mana Martinez,Ronnie Lawrence,Ronnie Lawrence,+245,-310
ufc-271,Feb 12 2022,AJ Dobson,Jacob Malkoun,Jacob Malkoun,-115,-105
ufc-271,Feb 12 2022,Douglas Silva de Andrade,Sergey Morozov,Douglas Silva de Andrade,+175,-210
ufc-271,Feb 12 2022,Jeremiah Wells,Blood Diamond,Jeremiah Wells,-225,+185
ufc-271,Feb 12 2022,William Knight,Max Grishin,Max Grishin,+150,-170
ufc-fight-night-february-19-2022,Feb 19 2022,Johnny Walker,Jamahal Hill,Jamahal Hill,+200,-250
ufc-fight-night-february-19-2022,Feb 19 2022,Kyle Daukaus,Jamie Pickett,Kyle Daukaus,-290,+230
ufc-fight-night-february-19-2022,Feb 19 2022,Parker Porter,Alan Baudot,Parker Porter,-280,+225
ufc-fight-night-february-19-2022,Feb 19 2022,Jim Miller,Nikolas Motta,Jim Miller,+155,-180
ufc-fight-night-february-19-2022,Feb 19 2022,Joaquin Buckley,Abdul Razak Alhassan,Joaquin Buckley,-165,+145
ufc-fight-night-february-19-2022,Feb 19 2022,Gabriel Benitez,David Onama,David Onama,+145,-165
ufc-fight-night-february-19-2022,Feb 19 2022,Jessica-Rose Clark,Stephanie Egger,Stephanie Egger,-170,+150
ufc-fight-night-february-19-2022,Feb 19 2022,Chas Skelly,Mark Striegl,Chas Skelly,-200,+170
ufc-fight-night-february-19-2022,Feb 19 2022,Diana Belbita,Gloria de Paula,Gloria de Paula,-120,+100
ufc-fight-night-february-19-2022,Feb 19 2022,Chad Anheliger,Jesse Strader,Chad Anheliger,-250,+200
ufc-fight-night-february-19-2022,Feb 19 2022,Jonathan Pearce,Christian Rodriguez,Jonathan Pearce,-380,+290
ufc-fight-night-february-19-2022,Feb 19 2022,Mario Bautista,Jay Perrin,Mario Bautista,-365,+280
ufc-fight-night-february-26-2022,Feb 26 2022,Islam Makhachev,Bobby Green,Islam Makhachev,-900,+600
ufc-fight-night-february-26-2022,Feb 26 2022,Misha Cirkunov,Wellington Turman,Wellington Turman,-120,+100
ufc-fight-night-february-26-2022,Feb 26 2022,Ji Yeon Kim,Priscila Cachoeira,Priscila Cachoeira,-160,+140
ufc-fight-night-february-26-2022,Feb 26 2022,Arman Tsarukyan,Joel Álvarez,Arman Tsarukyan,-220,+180
ufc-fight-night-february-26-2022,Feb 26 2022,Armen Petrosyan,Gregory Rodrigues,Armen Petrosyan,+135,-155
ufc-fight-night-february-26-2022,Feb 26 2022,Rong Zhu,Ignacio Bahamondes,Ignacio Bahamondes,+170,-200
ufc-fight-night-february-26-2022,Feb 26 2022,Josiane Nunes,Ramona Pascual,Josiane Nunes,-220,+180
ufc-fight-night-february-26-2022,Feb 26 2022,Terrance McKinney,Farès Ziam,Terrance McKinney,-105,-115
ufc-fight-night-february-26-2022,Feb 26 2022,Alejandro Pérez,Jonathan Martinez,Jonathan Martinez,+220,-275
ufc-fight-night-february-26-2022,Feb 26 2022,Ramiz Brahimaj,Micheal Gillmore,Ramiz Brahimaj,-380,+290
ufc-fight-night-february-26-2022,Feb 26 2022,Victor Altamirano,Carlos Hernandez,Carlos Hernandez,+125,-145
ufc-272,Mar 5 2022,Colby Covington,Jorge Masvidal,Colby Covington,-320,+250
ufc-272,Mar 5 2022,Rafael Dos Anjos,Renato Moicano,Rafael Dos Anjos,-165,+145
ufc-272,Mar 5 2022,Edson Barboza,Bryce Mitchell,Bryce Mitchell,+145,-165
ufc-272,Mar 5 2022,Kevin Holland,Alex Oliveira,Kevin Holland,-320,+250
ufc-272,Mar 5 2022,Serghei Spivac,Greg Hardy,Serghei Spivac,-190,+160
ufc-272,Mar 5 2022,Jalin Turner,Jamie Mullarkey,Jalin Turner,-155,+135
ufc-272,Mar 5 2022,Marina Rodriguez,Yan Xiaonan,Marina Rodriguez,-255,+205
ufc-272,Mar 5 2022,Nicolae Negumereanu,Kennedy Nzechukwu,Nicolae Negumereanu,+125,-145
ufc-272,Mar 5 2022,Maryna Moroz,Mariya Agapova,Maryna Moroz,+155,-180
ufc-272,Mar 5 2022,Brian Kelleher,Umar Nurmagomedov,Umar Nurmagomedov,+475,-675
ufc-272,Mar 5 2022,Tim Elliott,Tagir Ulanbekov,Tim Elliott,+205,-255
ufc-272,Mar 5 2022,Devonte Smith,Ludovit Klein,Ludovit Klein,-155,+135
ufc-272,Mar 5 2022,Dustin Jacoby,Michal Oleksiejczuk,Dustin Jacoby,-,-
ufc-fight-night-march-12-2022,Mar 12 2022,Thiago Santos,Magomed Ankalaev,Magomed Ankalaev,+340,-450
ufc-fight-night-march-12-2022,Mar 12 2022,Marlon Moraes,Song Yadong,Song Yadong,+195,-240
ufc-fight-night-march-12-2022,Mar 12 2022,Sodiq Yusuff,Alex Caceres,Sodiq Yusuff,-250,+200
ufc-fight-night-march-12-2022,Mar 12 2022,Khalil Rountree Jr.,Karl Roberson,Khalil Rountree Jr.,-115,-105
ufc-fight-night-march-12-2022,Mar 12 2022,Drew Dober,Terrance McKinney,Drew Dober,-,-
ufc-fight-night-march-12-2022,Mar 12 2022,Alex Pereira,Bruno Silva,Alex Pereira,-170,+150
ufc-fight-night-march-12-2022,Mar 12 2022,Matthew Semelsberger,AJ Fletcher,Matthew Semelsberger,-,-
ufc-fight-night-march-12-2022,Mar 12 2022,JJ Aldrich,Gillian Robertson,JJ Aldrich,+135,-155
ufc-fight-night-march-12-2022,Mar 12 2022,Trevin Jones,Javid Basharat,Javid Basharat,-,-
ufc-fight-night-march-12-2022,Mar 12 2022,Damon Jackson,Kamuela Kirk,Damon Jackson,-,-
ufc-fight-night-march-12-2022,Mar 12 2022,Sabina Mazo,Miranda Maverick,Miranda Maverick,+225,-280
ufc-fight-night-march-12-2022,Mar 12 2022,Dalcha Lungiambula,Cody Brundage,Cody Brundage,-120,+100
ufc-fight-night-march-12-2022,Mar 12 2022,Kris Moutinho,Guido Cannetti,Guido Cannetti,-140,+120
ufc-fight-night-march-12-2022,Mar 12 2022,Tafon Nchukwi,Azamat Murzakanov,Azamat Murzakanov,+125,-145
ufc-fight-night-march-19-2022,Mar 19 2022,Alexander Volkov,Tom Aspinall,Tom Aspinall,+105,-125
ufc-fight-night-march-19-2022,Mar 19 2022,Arnold Allen,Dan Hooker,Arnold Allen,-115,-105
ufc-fight-night-march-19-2022,Mar 19 2022,Paddy Pimblett,Kazula Vargas,Paddy Pimblett,-675,+475
ufc-fight-night-march-19-2022,Mar 19 2022,Gunnar Nelson,Takashi Sato,Gunnar Nelson,-525,+385
ufc-fight-night-march-19-2022,Mar 19 2022,Molly McCann,Luana Carolina,Molly McCann,-135,+115
ufc-fight-night-march-19-2022,Mar 19 2022,Jai Herbert,Ilia Topuria,Ilia Topuria,+435,-600
ufc-fight-night-march-19-2022,Mar 19 2022,Mike Grundy,Makwan Amirkhani,Makwan Amirkhani,-200,+170
ufc-fight-night-march-19-2022,Mar 19 2022,Shamil Abdurakhimov,Sergei Pavlovich,Sergei Pavlovich,+270,-350
ufc-fight-night-march-19-2022,Mar 19 2022,Nikita Krylov,Paul Craig,Paul Craig,-210,+175
ufc-fight-night-march-19-2022,Mar 19 2022,Jack Shore,Timur Valiev,Jack Shore,-130,+110
ufc-fight-night-march-19-2022,Mar 19 2022,Cory McKenna,Elise Reed,Elise Reed,-300,+235
ufc-fight-night-march-19-2022,Mar 19 2022,Muhammad Mokaev,Cody Durden,Muhammad Mokaev,-380,+290
ufc-fight-night-march-26-2022,Mar 26 2022,Curtis Blaydes,Chris Daukaus,Curtis Blaydes,-510,+375
ufc-fight-night-march-26-2022,Mar 26 2022,Joanne Wood,Alexa Grasso,Alexa Grasso,+220,-275
ufc-fight-night-march-26-2022,Mar 26 2022,Matt Brown,Bryan Barberena,Bryan Barberena,-110,-110
ufc-fight-night-march-26-2022,Mar 26 2022,Askar Askarov,Kai Kara-France,Kai Kara-France,-450,+340
ufc-fight-night-march-26-2022,Mar 26 2022,Neil Magny,Max Griffin,Neil Magny,-280,+225
ufc-fight-night-march-26-2022,Mar 26 2022,Marc Diakiese,Viacheslav Borshchev,Marc Diakiese,+120,-140
ufc-fight-night-march-26-2022,Mar 26 2022,Sara McMann,Karol Rosa,Sara McMann,+195,-240
ufc-fight-night-march-26-2022,Mar 26 2022,Chris Gutierrez,Batgerel Danaa,Chris Gutierrez,+110,-130
ufc-fight-night-march-26-2022,Mar 26 2022,Aliaskhab Khizriev,Denis Tiuliulin,Aliaskhab Khizriev,-1000,+650
ufc-fight-night-march-26-2022,Mar 26 2022,Jennifer Maia,Manon Fiorot,Manon Fiorot,+350,-475
ufc-fight-night-march-26-2022,Mar 26 2022,Matheus Nicolau,David Dvorak,Matheus Nicolau,+105,-125
ufc-fight-night-march-26-2022,Mar 26 2022,Luis Saldana,Bruno Souza,Luis Saldana,+115,-135
ufc-273,Apr 9 2022,Alexander Volkanovski,Chan Sung Jung,Alexander Volkanovski,-720,+500
ufc-273,Apr 9 2022,Aljamain Sterling,Petr Yan,Aljamain Sterling,+330,-435
ufc-273,Apr 9 2022,Gilbert Burns,Khamzat Chimaev,Khamzat Chimaev,+360,-490
ufc-273,Apr 9 2022,Mackenzie Dern,Tecia Torres,Mackenzie Dern,-120,+100
ufc-273,Apr 9 2022,Vinc Pichel,Mark Madsen,Mark Madsen,-120,+100
ufc-273,Apr 9 2022,Ian Machado Garry,Darian Weeks,Ian Machado Garry,-365,+280
ufc-273,Apr 9 2022,Anthony Hernandez,Josh Fremd,Anthony Hernandez,-180,+155
ufc-273,Apr 9 2022,Aspen Ladd,Raquel Pennington,Raquel Pennington,+150,-170
ufc-273,Apr 9 2022,Mickey Gall,Mike Malott,Mike Malott,+160,-190
ufc-273,Apr 9 2022,Aleksei Oleinik,Jared Vanderaa,Aleksei Oleinik,-110,-110
ufc-273,Apr 9 2022,Piera Rodriguez,Kay Hansen,Piera Rodriguez,-120,+100
ufc-273,Apr 9 2022,Julio Arce,Daniel Santos,Julio Arce,-180,+155
ufc-fight-night-april-16-2022,Apr 16 2022,Vicente Luque,Belal Muhammad,Belal Muhammad,-190,+160
ufc-fight-night-april-16-2022,Apr 16 2022,Caio Borralho,Gadzhi Omargadzhiev,Caio Borralho,+110,-130
ufc-fight-night-april-16-2022,Apr 16 2022,Miguel Baeza,Andre Fialho,Andre Fialho,-170,+150
ufc-fight-night-april-16-2022,Apr 16 2022,Mayra Bueno Silva,Wu Yanan,Mayra Bueno Silva,-490,+360
ufc-fight-night-april-16-2022,Apr 16 2022,Pat Sabatini,TJ Laramie,Pat Sabatini,-510,+375
ufc-fight-night-april-16-2022,Apr 16 2022,Mounir Lazzez,Ange Loosa,Mounir Lazzez,-195,+165
ufc-fight-night-april-16-2022,Apr 16 2022,Devin Clark,William Knight,Devin Clark,-180,+155
ufc-fight-night-april-16-2022,Apr 16 2022,Lina Lansberg,Pannie Kianzad,Pannie Kianzad,+330,-435
ufc-fight-night-april-16-2022,Apr 16 2022,Drakkar Klose,Brandon Jenkins,Drakkar Klose,-650,+460
ufc-fight-night-april-16-2022,Apr 16 2022,Rafa Garcia,Jesse Ronson,Rafa Garcia,+100,-120
ufc-fight-night-april-16-2022,Apr 16 2022,Chris Barnett,Martin Buday,Martin Buday,+195,-240
ufc-fight-night-april-16-2022,Apr 16 2022,Jordan Leavitt,Trey Ogden,Jordan Leavitt,+125,-145
ufc-fight-night-april-16-2022,Apr 16 2022,Istela Nunes,Sam Hughes,Sam Hughes,-225,+185
ufc-fight-night-april-16-2022,Apr 16 2022,Alatengheili,Kevin Croom,Alatengheili,-180,+155
ufc-fight-night-april-23-2022,Apr 23 2022,Amanda Lemos,Jéssica Andrade,Jéssica Andrade,+170,-200
ufc-fight-night-april-23-2022,Apr 23 2022,Clay Guida,Claudio Puelles,Claudio Puelles,-105,-115
ufc-fight-night-april-23-2022,Apr 23 2022,Maycee Barber,Montana De La Rosa,Maycee Barber,-180,+155
ufc-fight-night-april-23-2022,Apr 23 2022,Lando Vannata,Charles Jourdain,Charles Jourdain,-105,-115
ufc-fight-night-april-23-2022,Apr 23 2022,Jordan Wright,Marc-Andre Barriault,Marc-Andre Barriault,+155,-180
ufc-fight-night-april-23-2022,Apr 23 2022,Dwight Grant,Sergey Khandozhko,Sergey Khandozhko,+100,-120
ufc-fight-night-april-23-2022,Apr 23 2022,Tyson Pedro,Ike Villanueva,Tyson Pedro,-630,+450
ufc-fight-night-april-23-2022,Apr 23 2022,Aoriqileng,Cameron Else,Aoriqileng,-235,+190
ufc-fight-night-april-23-2022,Apr 23 2022,Preston Parsons,Evan Elder,Preston Parsons,-170,+150
ufc-fight-night-april-23-2022,Apr 23 2022,Marcin Prachnio,Philipe Lins,Philipe Lins,-120,+100
ufc-fight-night-april-23-2022,Apr 23 2022,Dean Barry,Mike Jackson,Mike Jackson,-1125,+700
ufc-fight-night-april-30-2022,Apr 30 2022,Rob Font,Marlon Vera,Marlon Vera,-120,+100
ufc-fight-night-april-30-2022,Apr 30 2022,Andrei Arlovski,Jake Collier,Andrei Arlovski,-130,+110
ufc-fight-night-april-30-2022,Apr 30 2022,Andre Fili,Joanderson Brito,Joanderson Brito,-250,+200
ufc-fight-night-april-30-2022,Apr 30 2022,Jared Gordon,Grant Dawson,Grant Dawson,+160,-190
ufc-fight-night-april-30-2022,Apr 30 2022,Darren Elkins,Tristan Connelly,Darren Elkins,-180,+155
ufc-fight-night-april-30-2022,Apr 30 2022,Krzysztof Jotko,Gerald Meerschaert,Krzysztof Jotko,-180,+155
ufc-fight-night-april-30-2022,Apr 30 2022,Alexandr Romanov,Chase Sherman,Alexandr Romanov,-2200,+1100
ufc-fight-night-april-30-2022,Apr 30 2022,Daniel Lacerda,Francisco Figueiredo,Francisco Figueiredo,-125,+105
ufc-fight-night-april-30-2022,Apr 30 2022,Gabe Green,Yohan Lainesse,Gabe Green,-130,+110
ufc-fight-night-april-30-2022,Apr 30 2022,Natan Levy,Mike Breeden,Natan Levy,-220,+180
ufc-fight-night-april-30-2022,Apr 30 2022,Gina Mazany,Shanna Young,Shanna Young,-190,+160
ufc-274,May 7 2022,Charles Oliveira,Justin Gaethje,Charles Oliveira,-180,+155
ufc-274,May 7 2022,Rose Namajunas,Carla Esparza,Carla Esparza,-210,+175
ufc-274,May 7 2022,Michael Chandler,Tony Ferguson,Michael Chandler,-365,+280
ufc-274,May 7 2022,Mauricio Rua,Ovince Saint Preux,Ovince Saint Preux,+195,-240
ufc-274,May 7 2022,Randy Brown,Khaos Williams,Randy Brown,-105,-115
ufc-274,May 7 2022,Francisco Trinaldo,Danny Roberts,Francisco Trinaldo,-115,-105
ufc-274,May 7 2022,Macy Chiasson,Norma Dumont,Macy Chiasson,+190,-235
ufc-274,May 7 2022,Brandon Royval,Matt Schnell,Brandon Royval,-240,+195
ufc-274,May 7 2022,Blagoy Ivanov,Marcos Rogerio de Lima,Blagoy Ivanov,-,-
ufc-274,May 7 2022,Andre Fialho,Cameron VanCamp,Andre Fialho,-410,+310
ufc-274,May 7 2022,Tracy Cortez,Melissa Gatto,Tracy Cortez,-145,+125
ufc-274,May 7 2022,Kleydson Rodrigues,CJ Vergara,CJ Vergara,-,-
ufc-274,May 7 2022,Ariane Carnelossi,Loopy Godinez,Loopy Godinez,+155,-180
ufc-274,May 7 2022,Journey Newson,Fernie Garcia,Journey Newson,-,-
ufc-fight-night-may-14-2022,May 14 2022,Jan Błachowicz,Aleksandar Rakić,Jan Błachowicz,+165,-195
ufc-fight-night-may-14-2022,May 14 2022,Ryan Spann,Ion Cutelaba,Ryan Spann,+180,-220
ufc-fight-night-may-14-2022,May 14 2022,Davey Grant,Louis Smolka,Davey Grant,-300,+235
ufc-fight-night-may-14-2022,May 14 2022,Katlyn Chookagian,Amanda Ribas,Katlyn Chookagian,-180,+155
ufc-fight-night-may-14-2022,May 14 2022,Frank Camacho,Manuel Torres,Manuel Torres,-,-
ufc-fight-night-may-14-2022,May 14 2022,Jake Hadley,Allan Nascimento,Allan Nascimento,-,-
ufc-fight-night-may-14-2022,May 14 2022,Viviane Araújo,Andrea Lee,Viviane Araújo,+100,-120
ufc-fight-night-may-14-2022,May 14 2022,Michael Johnson,Alan Patrick,Michael Johnson,-155,+135
ufc-fight-night-may-14-2022,May 14 2022,Virna Jandiroba,Angela Hill,Virna Jandiroba,-180,+155
ufc-fight-night-may-14-2022,May 14 2022,Tatsuro Taira,Carlos Candelario,Tatsuro Taira,-240,+195
ufc-fight-night-may-14-2022,May 14 2022,Nick Maximov,Andre Petroski,Andre Petroski,-380,+290
ufc-fight-night-may-21-2022,May 21 2022,Holly Holm,Ketlen Vieira,Ketlen Vieira,-235,+190
ufc-fight-night-may-21-2022,May 21 2022,Santiago Ponzinibbio,Michel Pereira,Michel Pereira,+120,-140
ufc-fight-night-may-21-2022,May 21 2022,Chidi Njokuani,Duško Todorović,Chidi Njokuani,-250,+200
ufc-fight-night-may-21-2022,May 21 2022,Polyana Viana,Tabatha Ricci,Tabatha Ricci,+110,-130
ufc-fight-night-may-21-2022,May 21 2022,Eryk Anders,Junyong Park,Junyong Park,+160,-205
ufc-fight-night-may-21-2022,May 21 2022,Joseph Holmes,Alen Amedovski,Joseph Holmes,-195,+165
ufc-fight-night-may-21-2022,May 21 2022,Jailton Almeida,Parker Porter,Jailton Almeida,-600,+435
ufc-fight-night-may-21-2022,May 21 2022,Omar Morales,Uroš Medić,Uroš Medić,-140,+120
ufc-fight-night-may-21-2022,May 21 2022,Jonathan Martinez,Vince Morales,Jonathan Martinez,-240,+195
ufc-fight-night-may-21-2022,May 21 2022,Chase Hooper,Felipe Colares,Chase Hooper,+150,-170
ufc-fight-night-may-21-2022,May 21 2022,Elise Reed,Sam Hughes,Sam Hughes,-155,+135
ufc-fight-night-june-04-2022,Jun 4 2022,Alexander Volkov,Jairzinho Rozenstruik,Alexander Volkov,-155,+135
ufc-fight-night-june-04-2022,Jun 4 2022,Dan Ige,Movsar Evloev,Movsar Evloev,+310,-410
ufc-fight-night-june-04-2022,Jun 4 2022,Michael Trizano,Lucas Almeida,Lucas Almeida,-225,+185
ufc-fight-night-june-04-2022,Jun 4 2022,Karine Silva,Poliana Botelho,Karine Silva,-130,+110
ufc-fight-night-june-04-2022,Jun 4 2022,Ode' Osbourne,Zarrukh Adashev,Ode' Osbourne,-180,+155
ufc-fight-night-june-04-2022,Jun 4 2022,Alonzo Menifield,Askar Mozharov,Alonzo Menifield,-195,+165
ufc-fight-night-june-04-2022,Jun 4 2022,Felice Herrig,Karolina Kowalkiewicz,Karolina Kowalkiewicz,-120,+100
ufc-fight-night-june-04-2022,Jun 4 2022,Joe Solecki,Alex da Silva,Joe Solecki,-165,+145
ufc-fight-night-june-04-2022,Jun 4 2022,Damon Jackson,Dan Argueta,Damon Jackson,-575,+410
ufc-fight-night-june-04-2022,Jun 4 2022,Niklas Stolze,Benoît Saint Denis,Benoît Saint Denis,+135,-155
ufc-fight-night-june-04-2022,Jun 4 2022,Johnny Munoz,Tony Gravely,Tony Gravely,+110,-130
ufc-fight-night-june-04-2022,Jun 4 2022,Jeffrey Molina,Zhalgas Zhumagulov,Jeffrey Molina,-180,+155
ufc-fight-night-june-04-2022,Jun 4 2022,Rinat Fakhretdinov,Andreas Michailidis,Rinat Fakhretdinov,-275,+220
ufc-fight-night-june-04-2022,Jun 4 2022,Erin Blanchfield,JJ Aldrich,Erin Blanchfield,-490,+360
ufc-275,Jun 11 2022,Glover Teixeira,Jiří Procházka,Jiří Procházka,+165,-195
ufc-275,Jun 11 2022,Valentina Shevchenko,Taila Santos,Valentina Shevchenko,-630,+450
ufc-275,Jun 11 2022,Zhang Weili,Joanna Jędrzejczyk,Zhang Weili,-160,+140
ufc-275,Jun 11 2022,Andre Fialho,Jake Matthews,Jake Matthews,-145,+125
ufc-275,Jun 11 2022,Jack Della Maddalena,Ramazan Emeev,Jack Della Maddalena,-155,+135
ufc-275,Jun 11 2022,Seungwoo Choi,Josh Culibao,Josh Culibao,-235,+190
ufc-275,Jun 11 2022,Maheshate,Steve Garcia,Maheshate,+155,-180
ufc-275,Jun 11 2022,Brendan Allen,Jacob Malkoun,Brendan Allen,-320,+250
ufc-275,Jun 11 2022,Kyung Ho Kang,Batgerel Danaa,Kyung Ho Kang,+115,-135
ufc-275,Jun 11 2022,Liang Na,Silvana Gomez Juarez,Silvana Gomez Juarez,+115,-135
ufc-275,Jun 11 2022,Ramona Pascual,Joselyne Edwards,Joselyne Edwards,+140,-160
ufc-fight-night-june-18-2022,Jun 18 2022,Calvin Kattar,Josh Emmett,Josh Emmett,-250,+210
ufc-fight-night-june-18-2022,Jun 18 2022,Tim Means,Kevin Holland,Kevin Holland,+280,-340
ufc-fight-night-june-18-2022,Jun 18 2022,Joaquin Buckley,Albert Duraev,Joaquin Buckley,+195,-230
ufc-fight-night-june-18-2022,Jun 18 2022,Damir Ismagulov,Guram Kutateladze,Damir Ismagulov,-180,+155
ufc-fight-night-june-18-2022,Jun 18 2022,Julian Marquez,Gregory Rodrigues,Gregory Rodrigues,+140,-165
ufc-fight-night-june-18-2022,Jun 18 2022,Adrian Yanez,Tony Kelley,Adrian Yanez,-300,+250
ufc-fight-night-june-18-2022,Jun 18 2022,Jasmine Jasudavicius,Natalia Silva,Natalia Silva,-230,+195
ufc-fight-night-june-18-2022,Jun 18 2022,Court McGee,Jeremiah Wells,Jeremiah Wells,-110,-110
ufc-fight-night-june-18-2022,Jun 18 2022,Ricardo Ramos,Danny Chavez,Ricardo Ramos,-300,+250
ufc-fight-night-june-18-2022,Jun 18 2022,Maria Oliveira,Gloria de Paula,Maria Oliveira,+205,-245
ufc-fight-night-june-18-2022,Jun 18 2022,Eddie Wineland,Cody Stamann,Cody Stamann,+440,-580
ufc-fight-night-june-18-2022,Jun 18 2022,Phil Hawes,Deron Winn,Phil Hawes,-240,+200
ufc-fight-night-june-18-2022,Jun 18 2022,Roman Dolidze,Kyle Daukaus,Roman Dolidze,+205,-245
ufc-fight-night-june-25-2022,Jun 25 2022,Arman Tsarukyan,Mateusz Gamrot,Mateusz Gamrot,-285,+240
ufc-fight-night-june-25-2022,Jun 25 2022,Neil Magny,Shavkat Rakhmonov,Shavkat Rakhmonov,+320,-390
ufc-fight-night-june-25-2022,Jun 25 2022,Josh Parisian,Alan Baudot,Josh Parisian,-105,-115
ufc-fight-night-june-25-2022,Jun 25 2022,Thiago Moises,Christos Giagos,Thiago Moises,-255,+215
ufc-fight-night-june-25-2022,Jun 25 2022,Nate Maness,Umar Nurmagomedov,Umar Nurmagomedov,+625,-900
ufc-fight-night-june-25-2022,Jun 25 2022,Chris Curtis,Rodolfo Vieira,Chris Curtis,-135,+115
ufc-fight-night-june-25-2022,Jun 25 2022,Carlos Ulberg,Tafon Nchukwi,Carlos Ulberg,-115,-105
ufc-fight-night-june-25-2022,Jun 25 2022,Shayilan Nuerdanbieke,TJ Brown,Shayilan Nuerdanbieke,-,-
ufc-fight-night-june-25-2022,Jun 25 2022,Raulian Paiva,Sergey Morozov,Sergey Morozov,+120,-140
ufc-fight-night-june-25-2022,Jun 25 2022,JP Buys,Cody Durden,Cody Durden,-120,+100
ufc-fight-night-june-25-2022,Jun 25 2022,Brian Kelleher,Mario Bautista,Mario Bautista,+140,-165
ufc-fight-night-june-25-2022,Jun 25 2022,Vanessa Demopoulos,Jinh Yu Frey,Vanessa Demopoulos,+220,-260
ufc-276,Jul 2 2022,Israel Adesanya,Jared Cannonier,Israel Adesanya,-475,+380
ufc-276,Jul 2 2022,Alexander Volkanovski,Max Holloway,Alexander Volkanovski,-190,+160
ufc-276,Jul 2 2022,Sean Strickland,Alex Pereira,Alex Pereira,-125,+105
ufc-276,Jul 2 2022,Robbie Lawler,Bryan Barberena,Bryan Barberena,-110,-110
ufc-276,Jul 2 2022,Pedro Munhoz,Sean O'Malley,,+255,-305
ufc-276,Jul 2 2022,Brad Riddell,Jalin Turner,Jalin Turner,+125,-145
ufc-276,Jul 2 2022,Jim Miller,Donald Cerrone,Jim Miller,-190,+160
ufc-276,Jul 2 2022,Ian Machado Garry,Gabe Green,Ian Machado Garry,-180,+155
ufc-276,Jul 2 2022,Brad Tavares,Dricus Du Plessis,Dricus Du Plessis,+130,-150
ufc-276,Jul 2 2022,Uriah Hall,Andre Muniz,Andre Muniz,+270,-325
ufc-276,Jul 2 2022,Jessica Eye,Maycee Barber,Maycee Barber,+245,-295
ufc-276,Jul 2 2022,Jessica-Rose Clark,Julija Stoliarenko,Julija Stoliarenko,-155,+135
ufc-fight-night-july-09-2022,Jul 9 2022,Rafael Dos Anjos,Rafael Fiziev,Rafael Fiziev,+175,-205
ufc-fight-night-july-09-2022,Jul 9 2022,Caio Borralho,Armen Petrosyan,Caio Borralho,-230,+195
ufc-fight-night-july-09-2022,Jul 9 2022,Douglas Silva de Andrade,Said Nurmagomedov,Said Nurmagomedov,+370,-460
ufc-fight-night-july-09-2022,Jul 9 2022,Jared Vanderaa,Chase Sherman,Chase Sherman,-195,+165
ufc-fight-night-july-09-2022,Jul 9 2022,Aiemann Zahabi,Ricky Turcios,Aiemann Zahabi,+165,-195
ufc-fight-night-july-09-2022,Jul 9 2022,Michael Johnson,Jamie Mullarkey,Jamie Mullarkey,+180,-210
ufc-fight-night-july-09-2022,Jul 9 2022,Cody Brundage,Tresean Gore,Cody Brundage,+125,-145
ufc-fight-night-july-09-2022,Jul 9 2022,Antonina Shevchenko,Cortney Casey,Antonina Shevchenko,-170,+145
ufc-fight-night-july-09-2022,Jul 9 2022,David Onama,Garrett Armfield,David Onama,-800,+575
ufc-fight-night-july-09-2022,Jul 9 2022,Kennedy Nzechukwu,Karl Roberson,Kennedy Nzechukwu,-155,+135
ufc-fight-night-july-09-2022,Jul 9 2022,Ronnie Lawrence,Saidyokub Kakhramonov,Saidyokub Kakhramonov,-120,+100
ufc-fight-night-july-16-2022,Jul 16 2022,Brian Ortega,Yair Rodriguez,Yair Rodriguez,-165,+140
ufc-fight-night-july-16-2022,Jul 16 2022,Michelle Waterson-Gomez,Amanda Lemos,Amanda Lemos,+260,-315
ufc-fight-night-july-16-2022,Jul 16 2022,Li Jingliang,Muslim Salikhov,Li Jingliang,+150,-175
ufc-fight-night-july-16-2022,Jul 16 2022,Matt Schnell,Sumudaerji,Matt Schnell,+220,-260
ufc-fight-night-july-16-2022,Jul 16 2022,Shane Burgos,Charles Jourdain,Shane Burgos,-170,+145
ufc-fight-night-july-16-2022,Jul 16 2022,Lauren Murphy,Miesha Tate,Lauren Murphy,+175,-205
ufc-fight-night-july-16-2022,Jul 16 2022,Punahele Soriano,Dalcha Lungiambula,Punahele Soriano,-240,+200
ufc-fight-night-july-16-2022,Jul 16 2022,Ricky Simon,Jack Shore,Ricky Simon,+140,-165
ufc-fight-night-july-16-2022,Jul 16 2022,Bill Algeo,Herbert Burns,Bill Algeo,-180,+155
ufc-fight-night-july-16-2022,Jul 16 2022,Dustin Jacoby,Da Woon Jung,Dustin Jacoby,-130,+110
ufc-fight-night-july-16-2022,Jul 16 2022,Dwight Grant,Dustin Stoltzfus,Dustin Stoltzfus,-145,+125
ufc-fight-night-july-16-2022,Jul 16 2022,Jessica Penne,Emily Ducote,Emily Ducote,-,-
ufc-fight-night-july-23-2022,Jul 23 2022,Curtis Blaydes,Tom Aspinall,Curtis Blaydes,+120,-140
ufc-fight-night-july-23-2022,Jul 23 2022,Jack Hermansson,Chris Curtis,Jack Hermansson,-110,-110
ufc-fight-night-july-23-2022,Jul 23 2022,Paddy Pimblett,Jordan Leavitt,Paddy Pimblett,-245,+205
ufc-fight-night-july-23-2022,Jul 23 2022,Nikita Krylov,Alexander Gustafsson,Nikita Krylov,-210,+180
ufc-fight-night-july-23-2022,Jul 23 2022,Molly McCann,Hannah Goldy,Molly McCann,-460,+370
ufc-fight-night-july-23-2022,Jul 23 2022,Paul Craig,Volkan Oezdemir,Volkan Oezdemir,+120,-140
ufc-fight-night-july-23-2022,Jul 23 2022,Mason Jones,Ludovit Klein,Ludovit Klein,-390,+320
ufc-fight-night-july-23-2022,Jul 23 2022,Marc Diakiese,Damir Hadzovic,Marc Diakiese,-410,+330
ufc-fight-night-july-23-2022,Jul 23 2022,Nathaniel Wood,Charles Rosa,Nathaniel Wood,-600,+450
ufc-fight-night-july-23-2022,Jul 23 2022,Makwan Amirkhani,Jonathan Pearce,Jonathan Pearce,+145,-170
ufc-fight-night-july-23-2022,Jul 23 2022,Muhammad Mokaev,Charles Johnson,Muhammad Mokaev,-500,+400
ufc-fight-night-july-23-2022,Jul 23 2022,Jai Herbert,Kyle Nelson,Jai Herbert,-285,+240
ufc-fight-night-july-23-2022,Jul 23 2022,Mandy Böhm,Victoria Leonardo,Victoria Leonardo,-110,-110
ufc-fight-night-july-23-2022,Jul 23 2022,Claudio Silva,Nicolas Dalby,Nicolas Dalby,+185,-215
ufc-277,Jul 30 2022,Julianna Peña,Amanda Nunes,Amanda Nunes,+215,-255
ufc-277,Jul 30 2022,Brandon Moreno,Kai Kara-France,Brandon Moreno,-205,+175
ufc-277,Jul 30 2022,Derrick Lewis,Sergei Pavlovich,Sergei Pavlovich,+130,-150
ufc-277,Jul 30 2022,Alexandre Pantoja,Alex Perez,Alexandre Pantoja,-190,+160
ufc-277,Jul 30 2022,Magomed Ankalaev,Anthony Smith,Magomed Ankalaev,-600,+450
ufc-277,Jul 30 2022,Alex Morono,Matthew Semelsberger,Alex Morono,+140,-165
ufc-277,Jul 30 2022,Drew Dober,Rafael Alves,Drew Dober,-165,+140
ufc-277,Jul 30 2022,Don'Tale Mayes,Hamdy Abdelwahab,Hamdy Abdelwahab,-190,+160
ufc-277,Jul 30 2022,Drakkar Klose,Rafa Garcia,Drakkar Klose,-200,+170
ufc-277,Jul 30 2022,Michael Morales,Adam Fugitt,Michael Morales,-600,+450
ufc-277,Jul 30 2022,Joselyne Edwards,Ji Yeon Kim,Joselyne Edwards,-130,+110
ufc-277,Jul 30 2022,Nicolae Negumereanu,Ihor Potieria,Nicolae Negumereanu,-125,+105
ufc-277,Jul 30 2022,Orion Cosce,Blood Diamond,Orion Cosce,-,-
ufc-fight-night-august-06-2022,Aug 6 2022,Thiago Santos,Jamahal Hill,Jamahal Hill,+240,-285
ufc-fight-night-august-06-2022,Aug 6 2022,Vicente Luque,Geoff Neal,Geoff Neal,-180,+155
ufc-fight-night-august-06-2022,Aug 6 2022,Mohammed Usman,Zac Pauga,Mohammed Usman,+235,-280
ufc-fight-night-august-06-2022,Aug 6 2022,Brogan Walker,Juliana Miller,Juliana Miller,+110,-130
ufc-fight-night-august-06-2022,Aug 6 2022,Augusto Sakai,Serghei Spivac,Serghei Spivac,+255,-305
ufc-fight-night-august-06-2022,Aug 6 2022,Terrance McKinney,Erick Gonzalez,Terrance McKinney,-850,+600
ufc-fight-night-august-06-2022,Aug 6 2022,Sam Alvey,Michal Oleksiejczuk,Michal Oleksiejczuk,+460,-610
ufc-fight-night-august-06-2022,Aug 6 2022,Bryan Battle,Takashi Sato,Bryan Battle,-285,+240
ufc-fight-night-august-06-2022,Aug 6 2022,Cory McKenna,Miranda Granger,Cory McKenna,-180,+155
ufc-fight-night-august-06-2022,Aug 6 2022,Mayra Bueno Silva,Stephanie Egger,Mayra Bueno Silva,+105,-125
ufc-fight-night-august-13-2022,Aug 13 2022,Marlon Vera,Dominick Cruz,Marlon Vera,-215,+185
ufc-fight-night-august-13-2022,Aug 13 2022,Nate Landwehr,David Onama,Nate Landwehr,+280,-340
ufc-fight-night-august-13-2022,Aug 13 2022,Yazmin Jauregui,Iasmin Lucindo,Yazmin Jauregui,-195,+165
ufc-fight-night-august-13-2022,Aug 13 2022,Devin Clark,Azamat Murzakanov,Azamat Murzakanov,+130,-150
ufc-fight-night-august-13-2022,Aug 13 2022,Priscila Cachoeira,Ariane Lipski,Priscila Cachoeira,+170,-200
ufc-fight-night-august-13-2022,Aug 13 2022,Bruno Silva,Gerald Meerschaert,Gerald Meerschaert,-280,+235
ufc-fight-night-august-13-2022,Aug 13 2022,Angela Hill,Loopy Godinez,Angela Hill,+275,-330
ufc-fight-night-august-13-2022,Aug 13 2022,Martin Buday,Lukasz Brzeski,Martin Buday,-295,+245
ufc-fight-night-august-13-2022,Aug 13 2022,Cynthia Calvillo,Nina Nunes,Nina Nunes,-190,+160
ufc-fight-night-august-13-2022,Aug 13 2022,Gabriel Benitez,Charlie Ontiveros,Gabriel Benitez,-325,+270
ufc-fight-night-august-13-2022,Aug 13 2022,Ode' Osbourne,Tyson Nam,Tyson Nam,-360,+295
ufc-fight-night-august-13-2022,Aug 13 2022,Jason Witt,Josh Quinlan,Josh Quinlan,+240,-285
ufc-fight-night-august-13-2022,Aug 13 2022,Youssef Zalal,Da'Mon Blackshear,draw/no contest,-135,+115
ufc-278,Aug 20 2022,Kamaru Usman,Leon Edwards,Leon Edwards,-340,+280
ufc-278,Aug 20 2022,Paulo Costa,Luke Rockhold,Paulo Costa,-360,+295
ufc-278,Aug 20 2022,José Aldo,Merab Dvalishvili,Merab Dvalishvili,+115,-135
ufc-278,Aug 20 2022,Wu Yanan,Lucie Pudilova,Lucie Pudilova,+100,-120
ufc-278,Aug 20 2022,Tyson Pedro,Harry Hunsucker,Tyson Pedro,-730,+530
ufc-278,Aug 20 2022,Marcin Tybura,Alexandr Romanov,Marcin Tybura,+280,-340
ufc-278,Aug 20 2022,Leonardo Santos,Jared Gordon,Jared Gordon,+225,-265
ufc-278,Aug 20 2022,Sean Woodson,Luis Saldana,draw/no contest,-340,+280
ufc-278,Aug 20 2022,AJ Fletcher,Ange Loosa,Ange Loosa,-150,+130
ufc-278,Aug 20 2022,Amir Albazi,Francisco Figueiredo,Amir Albazi,-460,+370
ufc-278,Aug 20 2022,Aoriqileng,Jay Perrin,Aoriqileng,-135,+115
ufc-278,Aug 20 2022,Daniel Lacerda,Victor Altamirano,Victor Altamirano,+145,-170
ufc-fight-night-september-03-2022,Sep 3 2022,Ciryl Gane,Tai Tuivasa,Ciryl Gane,-560,+430
ufc-fight-night-september-03-2022,Sep 3 2022,Robert Whittaker,Marvin Vettori,Robert Whittaker,-210,+180
ufc-fight-night-september-03-2022,Sep 3 2022,Nassourdine Imavov,Joaquin Buckley,Nassourdine Imavov,-240,+200
ufc-fight-night-september-03-2022,Sep 3 2022,Alessio Di Chirico,Roman Kopylov,Roman Kopylov,-105,-115
ufc-fight-night-september-03-2022,Sep 3 2022,William Gomis,Jarno Errens,William Gomis,-225,+190
ufc-fight-night-september-03-2022,Sep 3 2022,Charles Jourdain,Nathaniel Wood,Nathaniel Wood,-135,+115
ufc-fight-night-september-03-2022,Sep 3 2022,Abus Magomedov,Dustin Stoltzfus,Abus Magomedov,-295,+245
ufc-fight-night-september-03-2022,Sep 3 2022,John Makdessi,Nasrat Haqparast,Nasrat Haqparast,+195,-230
ufc-fight-night-september-03-2022,Sep 3 2022,Farès Ziam,Michal Figlak,Farès Ziam,+165,-195
ufc-fight-night-september-03-2022,Sep 3 2022,Benoît Saint Denis,Gabriel Miranda,Benoît Saint Denis,-300,+250
ufc-fight-night-september-03-2022,Sep 3 2022,Khalid Taha,Cristian Quiñonez,Cristian Quiñonez,-115,-105
ufc-fight-night-september-03-2022,Sep 3 2022,Stephanie Egger,Ailin Perez,Stephanie Egger,-265,+225
ufc-279,Sep 10 2022,Nate Diaz,Tony Ferguson,Nate Diaz,+120,-140
ufc-279,Sep 10 2022,Khamzat Chimaev,Kevin Holland,Khamzat Chimaev,-560,+430
ufc-279,Sep 10 2022,Li Jingliang,Daniel Rodriguez,Daniel Rodriguez,+145,-170
ufc-279,Sep 10 2022,Irene Aldana,Macy Chiasson,Irene Aldana,-180,+155
ufc-279,Sep 10 2022,Johnny Walker,Ion Cutelaba,Johnny Walker,+185,-215
ufc-279,Sep 10 2022,Hakeem Dawodu,Julian Erosa,Julian Erosa,-205,+175
ufc-279,Sep 10 2022,Jailton Almeida,Anton Turkalj,Jailton Almeida,-660,+490
ufc-279,Sep 10 2022,Denis Tiuliulin,Jamie Pickett,Denis Tiuliulin,+110,-130
ufc-279,Sep 10 2022,Jake Collier,Chris Barnett,Chris Barnett,-460,+370
ufc-279,Sep 10 2022,Norma Dumont,Danyelle Wolf,Norma Dumont,-390,+320
ufc-279,Sep 10 2022,Chad Anheliger,Alatengheili,Alatengheili,+150,-175
ufc-279,Sep 10 2022,Melissa Martinez,Elise Reed,Elise Reed,-170,+145
ufc-279,Sep 10 2022,Darian Weeks,Yohan Lainesse,Yohan Lainesse,-115,-105
ufc-fight-night-september-17-2022,Sep 17 2022,Cory Sandhagen,Song Yadong,Cory Sandhagen,-190,+160
ufc-fight-night-september-17-2022,Sep 17 2022,Chidi Njokuani,Gregory Rodrigues,Gregory Rodrigues,-125,+105
ufc-fight-night-september-17-2022,Sep 17 2022,Andre Fili,Bill Algeo,Andre Fili,-130,+110
ufc-fight-night-september-17-2022,Sep 17 2022,Joe Pyfer,Alen Amedovski,Joe Pyfer,-475,+380
ufc-fight-night-september-17-2022,Sep 17 2022,Tanner Boser,Rodrigo Nascimento,Rodrigo Nascimento,-170,+145
ufc-fight-night-september-17-2022,Sep 17 2022,Anthony Hernandez,Marc-Andre Barriault,Anthony Hernandez,-210,+180
ufc-fight-night-september-17-2022,Sep 17 2022,Damon Jackson,Pat Sabatini,Damon Jackson,+160,-190
ufc-fight-night-september-17-2022,Sep 17 2022,Trevin Giles,Louis Cosce,Trevin Giles,-210,+180
ufc-fight-night-september-17-2022,Sep 17 2022,Denise Gomes,Loma Lookboonmee,Loma Lookboonmee,+175,-205
ufc-fight-night-september-17-2022,Sep 17 2022,Trey Ogden,Daniel Zellhuber,Trey Ogden,+295,-360
ufc-fight-night-september-17-2022,Sep 17 2022,Mariya Agapova,Gillian Robertson,Gillian Robertson,+125,-145
ufc-fight-night-september-17-2022,Sep 17 2022,Tony Gravely,Javid Basharat,Javid Basharat,+140,-165
ufc-fight-night-september-17-2022,Sep 17 2022,Nikolas Motta,Cameron VanCamp,Nikolas Motta,-190,+160
ufc-fight-night-october-01-2022,Oct 1 2022,Mackenzie Dern,Yan Xiaonan,Yan Xiaonan,-240,+200
ufc-fight-night-october-01-2022,Oct 1 2022,Randy Brown,Francisco Trinaldo,Randy Brown,-320,+265
ufc-fight-night-october-01-2022,Oct 1 2022,Raoni Barcelos,Trevin Jones,Raoni Barcelos,-250,+210
ufc-fight-night-october-01-2022,Oct 1 2022,Sodiq Yusuff,Don Shainis,Sodiq Yusuff,-1050,+700
ufc-fight-night-october-01-2022,Oct 1 2022,Mike Davis,Viacheslav Borshchev,Mike Davis,-180,+155
ufc-fight-night-october-01-2022,Oct 1 2022,John Castaneda,Daniel Santos,Daniel Santos,-195,+165
ufc-fight-night-october-01-2022,Oct 1 2022,Ilir Latifi,Aleksei Oleinik,Ilir Latifi,-190,+160
ufc-fight-night-october-01-2022,Oct 1 2022,Joaquim Silva,Jesse Ronson,Joaquim Silva,-135,+115
ufc-fight-night-october-01-2022,Oct 1 2022,Krzysztof Jotko,Brendan Allen,Brendan Allen,-130,+110
ufc-fight-night-october-01-2022,Oct 1 2022,Julija Stoliarenko,Chelsea Chandler,Chelsea Chandler,-125,+105
ufc-fight-night-october-01-2022,Oct 1 2022,Guido Cannetti,Randy Costa,Guido Cannetti,+225,-265
ufc-fight-night-october-15-2022,Oct 15 2022,Alexa Grasso,Viviane Araújo,Alexa Grasso,-230,+195
ufc-fight-night-october-15-2022,Oct 15 2022,Cub Swanson,Jonathan Martinez,Jonathan Martinez,+175,-205
ufc-fight-night-october-15-2022,Oct 15 2022,Jordan Wright,Duško Todorović,Duško Todorović,+180,-210
ufc-fight-night-october-15-2022,Oct 15 2022,Raphael Assunção,Victor Henry,Raphael Assunção,+330,-410
ufc-fight-night-october-15-2022,Oct 15 2022,Misha Cirkunov,Alonzo Menifield,Alonzo Menifield,+170,-200
ufc-fight-night-october-15-2022,Oct 15 2022,Mana Martinez,Brandon Davis,Mana Martinez,-150,+130
ufc-fight-night-october-15-2022,Oct 15 2022,Nick Maximov,Jacob Malkoun,Jacob Malkoun,-125,+105
ufc-fight-night-october-15-2022,Oct 15 2022,Joanderson Brito,Lucas Alexander,Joanderson Brito,-,-
ufc-fight-night-october-15-2022,Oct 15 2022,Piera Rodriguez,Sam Hughes,Piera Rodriguez,-165,+140
ufc-fight-night-october-15-2022,Oct 15 2022,Tatsuro Taira,CJ Vergara,Tatsuro Taira,-260,+220
ufc-fight-night-october-15-2022,Oct 15 2022,Mike Jackson,Pete Rodriguez,Pete Rodriguez,+490,-660
ufc-280,Oct 22 2022,Charles Oliveira,Islam Makhachev,Islam Makhachev,+165,-195
ufc-280,Oct 22 2022,Aljamain Sterling,TJ Dillashaw,Aljamain Sterling,-175,+150
ufc-280,Oct 22 2022,Petr Yan,Sean O'Malley,Sean O'Malley,-275,+230
ufc-280,Oct 22 2022,Beneil Dariush,Mateusz Gamrot,Beneil Dariush,+180,-210
ufc-280,Oct 22 2022,Katlyn Chookagian,Manon Fiorot,Manon Fiorot,+185,-215
ufc-280,Oct 22 2022,Belal Muhammad,Sean Brady,Belal Muhammad,+120,-140
ufc-280,Oct 22 2022,Makhmud Muradov,Caio Borralho,Caio Borralho,+175,-205
ufc-280,Oct 22 2022,Volkan Oezdemir,Nikita Krylov,Nikita Krylov,+150,-175
ufc-280,Oct 22 2022,Abubakar Nurmagomedov,Gadzhi Omargadzhiev,Abubakar Nurmagomedov,-165,+140
ufc-280,Oct 22 2022,Armen Petrosyan,AJ Dobson,Armen Petrosyan,-195,+165
ufc-280,Oct 22 2022,Muhammad Mokaev,Malcolm Gordon,Muhammad Mokaev,-1150,+750
ufc-280,Oct 22 2022,Karol Rosa,Lina Lansberg,Karol Rosa,-360,+295
ufc-fight-night-october-29-2022,Oct 29 2022,Calvin Kattar,Arnold Allen,Arnold Allen,-105,-115
ufc-fight-night-october-29-2022,Oct 29 2022,Tim Means,Max Griffin,Max Griffin,+160,-190
ufc-fight-night-october-29-2022,Oct 29 2022,Waldo Cortes-Acosta,Jared Vanderaa,Waldo Cortes-Acosta,-195,+165
ufc-fight-night-october-29-2022,Oct 29 2022,Josh Fremd,Tresean Gore,Tresean Gore,-155,+135
ufc-fight-night-october-29-2022,Oct 29 2022,Dustin Jacoby,Khalil Rountree Jr.,Khalil Rountree Jr.,-170,+145
ufc-fight-night-october-29-2022,Oct 29 2022,Phil Hawes,Roman Dolidze,Roman Dolidze,-170,+145
ufc-fight-night-october-29-2022,Oct 29 2022,Andrei Arlovski,Marcos Rogerio de Lima,Marcos Rogerio de Lima,+200,-240
ufc-fight-night-october-29-2022,Oct 29 2022,Joseph Holmes,Junyong Park,Junyong Park,+200,-240
ufc-fight-night-october-29-2022,Oct 29 2022,Chase Hooper,Steve Garcia,Steve Garcia,-275,+230
ufc-fight-night-october-29-2022,Oct 29 2022,Cody Durden,Carlos Mota,Cody Durden,-175,+150
ufc-fight-night-october-29-2022,Oct 29 2022,Christian Rodriguez,Joshua Weems,Christian Rodriguez,-200,+170
ufc-fight-night-november-05-2022,Nov 5 2022,Marina Rodriguez,Amanda Lemos,Amanda Lemos,-230,+195
ufc-fight-night-november-05-2022,Nov 5 2022,Neil Magny,Daniel Rodriguez,Neil Magny,-115,-105
ufc-fight-night-november-05-2022,Nov 5 2022,Darrick Minner,Shayilan Nuerdanbieke,Shayilan Nuerdanbieke,+185,-215
ufc-fight-night-november-05-2022,Nov 5 2022,Tagir Ulanbekov,Nate Maness,Tagir Ulanbekov,-225,+190
ufc-fight-night-november-05-2022,Nov 5 2022,Grant Dawson,Mark Madsen,Grant Dawson,-205,+175
ufc-fight-night-november-05-2022,Nov 5 2022,Miranda Maverick,Shanna Young,Miranda Maverick,-750,+550
ufc-fight-night-november-05-2022,Nov 5 2022,Mario Bautista,Benito Lopez,Mario Bautista,-345,+285
ufc-fight-night-november-05-2022,Nov 5 2022,Polyana Viana,Jinh Yu Frey,Polyana Viana,-145,+125
ufc-fight-night-november-05-2022,Nov 5 2022,Liudvik Sholinian,Johnny Munoz,Johnny Munoz,+215,-255
ufc-fight-night-november-05-2022,Nov 5 2022,Carlos Candelario,Jake Hadley,Jake Hadley,+220,-260
ufc-fight-night-november-05-2022,Nov 5 2022,Tamires Vidal,Ramona Pascual,Tamires Vidal,-120,+100
ufc-281,Nov 12 2022,Israel Adesanya,Alex Pereira,Alex Pereira,-165,+140
ufc-281,Nov 12 2022,Carla Esparza,Zhang Weili,Zhang Weili,-,-
ufc-281,Nov 12 2022,Dustin Poirier,Michael Chandler,Dustin Poirier,-175,+150
ufc-281,Nov 12 2022,Frankie Edgar,Chris Gutierrez,Chris Gutierrez,+175,-205
ufc-281,Nov 12 2022,Dan Hooker,Claudio Puelles,Dan Hooker,-155,+135
ufc-281,Nov 12 2022,Brad Riddell,Renato Moicano,Renato Moicano,+105,-125
ufc-281,Nov 12 2022,Dominick Reyes,Ryan Spann,Ryan Spann,-215,+185
ufc-281,Nov 12 2022,Erin Blanchfield,Molly McCann,Erin Blanchfield,-380,+310
ufc-281,Nov 12 2022,Andre Petroski,Wellington Turman,Andre Petroski,-205,+175
ufc-281,Nov 12 2022,Matt Frevola,Ottman Azaitar,Matt Frevola,-145,+125
ufc-281,Nov 12 2022,Karolina Kowalkiewicz,Silvana Gomez Juarez,Karolina Kowalkiewicz,-115,-105
ufc-281,Nov 12 2022,Michael Trizano,Seungwoo Choi,Michael Trizano,+135,-155
ufc-281,Nov 12 2022,Julio Arce,Montel Jackson,Montel Jackson,-,-
ufc-281,Nov 12 2022,Carlos Ulberg,Nicolae Negumereanu,Carlos Ulberg,-125,+105
ufc-fight-night-november-19-2022,Nov 19 2022,Kennedy Nzechukwu,Ion Cutelaba,Kennedy Nzechukwu,-170,+145
ufc-fight-night-november-19-2022,Nov 19 2022,Chase Sherman,Waldo Cortes-Acosta,Waldo Cortes-Acosta,+185,-215
ufc-fight-night-november-19-2022,Nov 19 2022,Andre Fialho,Muslim Salikhov,Muslim Salikhov,+100,-120
ufc-fight-night-november-19-2022,Nov 19 2022,Jack Della Maddalena,Danny Roberts,Jack Della Maddalena,-675,+500
ufc-fight-night-november-19-2022,Nov 19 2022,Charles Johnson,Zhalgas Zhumagulov,Charles Johnson,-165,+140
ufc-fight-night-november-19-2022,Nov 19 2022,Jennifer Maia,Maryna Moroz,Jennifer Maia,+160,-190
ufc-fight-night-november-19-2022,Nov 19 2022,Vince Morales,Miles Johns,Miles Johns,+145,-170
ufc-fight-night-november-19-2022,Nov 19 2022,Ricky Turcios,Kevin Natividad,Ricky Turcios,-155,+135
ufc-fight-night-november-19-2022,Nov 19 2022,Vanessa Demopoulos,Maria Oliveira,Vanessa Demopoulos,-110,-110
ufc-fight-night-november-19-2022,Nov 19 2022,Brady Hiestand,Fernie Garcia,Brady Hiestand,-170,+145
ufc-fight-night-november-19-2022,Nov 19 2022,Natalia Silva,Tereza Bleda,Natalia Silva,-165,+140
ufc-fight-night-december-03-2022,Dec 3 2022,Stephen Thompson,Kevin Holland,Stephen Thompson,+155,-180
ufc-fight-night-december-03-2022,Dec 3 2022,Bryan Barberena,Rafael Dos Anjos,Rafael Dos Anjos,+430,-560
ufc-fight-night-december-03-2022,Dec 3 2022,Matheus Nicolau,Matt Schnell,Matheus Nicolau,-365,+300
ufc-fight-night-december-03-2022,Dec 3 2022,Tai Tuivasa,Sergei Pavlovich,Sergei Pavlovich,+190,-225
ufc-fight-night-december-03-2022,Dec 3 2022,Jack Hermansson,Roman Dolidze,Roman Dolidze,-195,+165
ufc-fight-night-december-03-2022,Dec 3 2022,Eryk Anders,Kyle Daukaus,Eryk Anders,+190,-225
ufc-fight-night-december-03-2022,Dec 3 2022,Niko Price,Phil Rowe,Phil Rowe,-135,+115
ufc-fight-night-december-03-2022,Dec 3 2022,Angela Hill,Emily Ducote,Angela Hill,+100,-120
ufc-fight-night-december-03-2022,Dec 3 2022,Clay Guida,Scott Holtzman,Clay Guida,+145,-170
ufc-fight-night-december-03-2022,Dec 3 2022,Michael Johnson,Marc Diakiese,Michael Johnson,+260,-315
ufc-fight-night-december-03-2022,Dec 3 2022,Darren Elkins,Jonathan Pearce,Jonathan Pearce,+370,-460
ufc-fight-night-december-03-2022,Dec 3 2022,Natan Levy,Genaro Valdez,Natan Levy,-200,+170
ufc-fight-night-december-03-2022,Dec 3 2022,Marcelo Rojo,Francis Marshall,Francis Marshall,+140,-165
ufc-fight-night-december-03-2022,Dec 3 2022,Yazmin Jauregui,Istela Nunes,Yazmin Jauregui,-305,+255
ufc-282,Dec 10 2022,Jan Błachowicz,Magomed Ankalaev,draw/no contest,+280,-340
ufc-282,Dec 10 2022,Paddy Pimblett,Jared Gordon,Paddy Pimblett,-245,+205
ufc-282,Dec 10 2022,Santiago Ponzinibbio,Alex Morono,Santiago Ponzinibbio,-180,+155
ufc-282,Dec 10 2022,Darren Till,Dricus Du Plessis,Dricus Du Plessis,+155,-180
ufc-282,Dec 10 2022,Bryce Mitchell,Ilia Topuria,Ilia Topuria,+120,-140
ufc-282,Dec 10 2022,Raul Rosas Jr.,Jay Perrin,Raul Rosas Jr.,-240,+200
ufc-282,Dec 10 2022,Jairzinho Rozenstruik,Chris Daukaus,Jairzinho Rozenstruik,-170,+145
ufc-282,Dec 10 2022,Edmen Shahbazyan,Dalcha Lungiambula,Edmen Shahbazyan,-295,+245
ufc-282,Dec 10 2022,Chris Curtis,Joaquin Buckley,Chris Curtis,+145,-170
ufc-282,Dec 10 2022,Billy Quarantillo,Alexander Hernandez,Billy Quarantillo,-165,+140
ufc-282,Dec 10 2022,TJ Brown,Erik Silva,TJ Brown,-110,-110
ufc-282,Dec 10 2022,Cameron Saaiman,Steven Koslow,Cameron Saaiman,-360,+295
ufc-fight-night-december-17-2022,Dec 17 2022,Jared Cannonier,Sean Strickland,Jared Cannonier,-105,-115
ufc-fight-night-december-17-2022,Dec 17 2022,Arman Tsarukyan,Damir Ismagulov,Arman Tsarukyan,-190,+160
ufc-fight-night-december-17-2022,Dec 17 2022,Amir Albazi,Alessandro Costa,Amir Albazi,-410,+330
ufc-fight-night-december-17-2022,Dec 17 2022,Alex Caceres,Julian Erosa,Alex Caceres,+145,-170
ufc-fight-night-december-17-2022,Dec 17 2022,Drew Dober,Bobby Green,Drew Dober,-150,+130
ufc-fight-night-december-17-2022,Dec 17 2022,Cody Brundage,Michal Oleksiejczuk,Michal Oleksiejczuk,+235,-280
ufc-fight-night-december-17-2022,Dec 17 2022,Cheyanne Vlismas,Cory McKenna,Cory McKenna,-,-
ufc-fight-night-december-17-2022,Dec 17 2022,Jake Matthews,Matthew Semelsberger,Matthew Semelsberger,-280,+235
ufc-fight-night-december-17-2022,Dec 17 2022,Said Nurmagomedov,Saidyokub Kakhramonov,Said Nurmagomedov,+100,-120
ufc-fight-night-december-17-2022,Dec 17 2022,Rafa Garcia,Maheshate,Rafa Garcia,-135,+115
ufc-fight-night-december-17-2022,Dec 17 2022,Bryan Battle,Rinat Fakhretdinov,Rinat Fakhretdinov,+130,-150
ufc-fight-night-december-17-2022,Dec 17 2022,David Dvorak,Manel Kape,Manel Kape,+210,-250
ufc-fight-night-december-17-2022,Dec 17 2022,Sergey Morozov,Journey Newson,Sergey Morozov,-300,+250
ufc-fight-night-january-14-2023,Jan 14 2023,Sean Strickland,Nassourdine Imavov,Sean Strickland,+115,-135
ufc-fight-night-january-14-2023,Jan 14 2023,Dan Ige,Damon Jackson,Dan Ige,-125,+105
ufc-fight-night-january-14-2023,Jan 14 2023,Punahele Soriano,Roman Kopylov,Roman Kopylov,-150,+130
ufc-fight-night-january-14-2023,Jan 14 2023,Ketlen Vieira,Raquel Pennington,Raquel Pennington,-120,+100
ufc-fight-night-january-14-2023,Jan 14 2023,Umar Nurmagomedov,Raoni Barcelos,Umar Nurmagomedov,-975,+675
ufc-fight-night-january-14-2023,Jan 14 2023,Javid Basharat,Mateus Mendonça,Javid Basharat,-315,+260
ufc-fight-night-january-14-2023,Jan 14 2023,Claudio Ribeiro,Abdul Razak Alhassan,Abdul Razak Alhassan,-115,-105
ufc-fight-night-january-14-2023,Jan 14 2023,Mateusz Rębecki,Nick Fiore,Mateusz Rębecki,-740,+540
ufc-fight-night-january-14-2023,Jan 14 2023,Allan Nascimento,Carlos Hernandez,Allan Nascimento,-330,+275
ufc-fight-night-january-14-2023,Jan 14 2023,Dan Argueta,Nick Aguirre,Dan Argueta,-520,+410
ufc-fight-night-january-14-2023,Jan 14 2023,Charles Johnson,Jimmy Flick,Charles Johnson,-345,+285
ufc-283,Jan 21 2023,Glover Teixeira,Jamahal Hill,Jamahal Hill,+120,-140
ufc-283,Jan 21 2023,Deiveson Figueiredo,Brandon Moreno,Brandon Moreno,+105,-125
ufc-283,Jan 21 2023,Gilbert Burns,Neil Magny,Gilbert Burns,-460,+370
ufc-283,Jan 21 2023,Lauren Murphy,Jéssica Andrade,Jéssica Andrade,+390,-490
ufc-283,Jan 21 2023,Paul Craig,Johnny Walker,Johnny Walker,+165,-195
ufc-283,Jan 21 2023,Mauricio Rua,Ihor Potieria,Ihor Potieria,+175,-205
ufc-283,Jan 21 2023,Gregory Rodrigues,Brunno Ferreira,Brunno Ferreira,-305,+255
ufc-283,Jan 21 2023,Thiago Moises,Melquizael Costa,Thiago Moises,-365,+300
ufc-283,Jan 21 2023,Gabriel Bonfim,Mounir Lazzez,Gabriel Bonfim,-165,+140
ufc-283,Jan 21 2023,Shamil Abdurakhimov,Jailton Almeida,Jailton Almeida,+675,-975
ufc-283,Jan 21 2023,Luan Lacerda,Cody Stamann,Cody Stamann,+300,-365
ufc-283,Jan 21 2023,Ismael Bonfim,Terrance McKinney,Ismael Bonfim,+105,-125
ufc-283,Jan 21 2023,Warlley Alves,Nicolas Dalby,Nicolas Dalby,-125,+105
ufc-283,Jan 21 2023,Josiane Nunes,Zarah Fairn,Josiane Nunes,-540,+420
ufc-283,Jan 21 2023,Saimon Oliveira,Daniel Marcos,Daniel Marcos,-145,+125
ufc-fight-night-february-04-2023,Feb 5 2023,Derrick Lewis,Serghei Spivac,Serghei Spivac,+255,-305
ufc-fight-night-february-04-2023,Feb 5 2023,Da Woon Jung,Devin Clark,Devin Clark,-275,+230
ufc-fight-night-february-04-2023,Feb 5 2023,Marcin Tybura,Blagoy Ivanov,Marcin Tybura,-135,+115
ufc-fight-night-february-04-2023,Feb 5 2023,Dooho Choi,Kyle Nelson,draw/no contest,-195,+165
ufc-fight-night-february-04-2023,Feb 5 2023,Yusaku Kinoshita,Adam Fugitt,Adam Fugitt,-350,+290
ufc-fight-night-february-04-2023,Feb 5 2023,Jeka Saragih,Anshul Jubli,Anshul Jubli,-130,+110
ufc-fight-night-february-04-2023,Feb 5 2023,JeongYeong Lee,Yi Zha,JeongYeong Lee,-230,+195
ufc-fight-night-february-04-2023,Feb 5 2023,Toshiomi Kazama,Rinya Nakamura,Rinya Nakamura,+380,-475
ufc-fight-night-february-04-2023,Feb 5 2023,SeungGuk Choi,HyunSung Park,HyunSung Park,+180,-210
ufc-fight-night-february-04-2023,Feb 5 2023,Junyong Park,Denis Tiuliulin,Junyong Park,-215,+185
ufc-fight-night-february-04-2023,Feb 5 2023,Tatsuro Taira,Jesus Aguilar,Tatsuro Taira,-1250,+800
ufc-284,Feb 11 2023,Islam Makhachev,Alexander Volkanovski,Islam Makhachev,-,-
ufc-284,Feb 11 2023,Yair Rodriguez,Josh Emmett,Yair Rodriguez,-165,+140
ufc-284,Feb 11 2023,Jack Della Maddalena,Randy Brown,Jack Della Maddalena,-305,+255
ufc-284,Feb 11 2023,Justin Tafa,Parker Porter,Justin Tafa,-140,+120
ufc-284,Feb 11 2023,Jimmy Crute,Alonzo Menifield,draw/no contest,-230,+195
ufc-284,Feb 11 2023,Tyson Pedro,Modestas Bukauskas,Modestas Bukauskas,-250,+210
ufc-284,Feb 11 2023,Josh Culibao,Melsik Baghdasaryan,Josh Culibao,-110,-110
ufc-284,Feb 11 2023,Shannon Ross,Kleydson Rodrigues,Kleydson Rodrigues,-,-
ufc-284,Feb 11 2023,Jamie Mullarkey,Francisco Prado,Jamie Mullarkey,-,-
ufc-284,Feb 11 2023,Jack Jenkins,Don Shainis,Jack Jenkins,-,-
ufc-284,Feb 11 2023,Loma Lookboonmee,Elise Reed,Loma Lookboonmee,-280,+235
ufc-284,Feb 11 2023,Shane Young,Blake Bilder,Blake Bilder,-,-
ufc-284,Feb 11 2023,Zubaira Tukhugov,Elves Brener,Elves Brener,-,-
ufc-fight-night-february-18-2023,Feb 18 2023,Jéssica Andrade,Erin Blanchfield,Erin Blanchfield,-,-
ufc-fight-night-february-18-2023,Feb 18 2023,Jordan Wright,Zac Pauga,Zac Pauga,+230,-275
ufc-fight-night-february-18-2023,Feb 18 2023,Josh Parisian,Jamal Pogues,Jamal Pogues,-,-
ufc-fight-night-february-18-2023,Feb 18 2023,William Knight,Marcin Prachnio,Marcin Prachnio,-115,-105
ufc-fight-night-february-18-2023,Feb 18 2023,Jim Miller,Alexander Hernandez,Alexander Hernandez,+190,-225
ufc-fight-night-february-18-2023,Feb 18 2023,Nazim Sadykhov,Evan Elder,Nazim Sadykhov,-,-
ufc-fight-night-february-18-2023,Feb 18 2023,Lina Lansberg,Mayra Bueno Silva,Mayra Bueno Silva,+370,-460
ufc-fight-night-february-18-2023,Feb 18 2023,Jamall Emmers,Khusein Askhabov,Jamall Emmers,-,-
ufc-fight-night-february-18-2023,Feb 18 2023,Ovince Saint Preux,Philipe Lins,Philipe Lins,+185,-215
ufc-fight-night-february-18-2023,Feb 18 2023,AJ Fletcher,Themba Gorimbo,AJ Fletcher,-,-
ufc-fight-night-february-18-2023,Feb 18 2023,Clayton Carpenter,Juancamilo Ronderos,Clayton Carpenter,-,-
ufc-fight-night-february-25-2023,Feb 25 2023,Andre Muniz,Brendan Allen,Brendan Allen,-160,+130
ufc-fight-night-february-25-2023,Feb 25 2023,Augusto Sakai,Don'Tale Mayes,Augusto Sakai,-125,+105
ufc-fight-night-february-25-2023,Feb 25 2023,Tatiana Suarez,Montana De La Rosa,Tatiana Suarez,-750,+550
ufc-fight-night-february-25-2023,Feb 25 2023,Mike Malott,Yohan Lainesse,Mike Malott,-210,+180
ufc-fight-night-february-25-2023,Feb 25 2023,Erick Gonzalez,Trevor Peek,Trevor Peek,+185,-215
ufc-fight-night-february-25-2023,Feb 25 2023,Jasmine Jasudavicius,Gabriella Fernandes,Jasmine Jasudavicius,+105,-125
ufc-fight-night-february-25-2023,Feb 25 2023,Jordan Leavitt,Victor Martinez,Jordan Leavitt,-120,+100
ufc-fight-night-february-25-2023,Feb 25 2023,Ode' Osbourne,Charles Johnson,Ode' Osbourne,+140,-165
ufc-fight-night-february-25-2023,Feb 25 2023,Joe Solecki,Carl Deaton,Joe Solecki,-580,+440
ufc-fight-night-february-25-2023,Feb 25 2023,Rafael Alves,Nurullo Aliev,Nurullo Aliev,+160,-190
ufc-285,Mar 4 2023,Jon Jones,Ciryl Gane,Jon Jones,-165,+140
ufc-285,Mar 4 2023,Valentina Shevchenko,Alexa Grasso,Alexa Grasso,-730,+530
ufc-285,Mar 4 2023,Geoff Neal,Shavkat Rakhmonov,Shavkat Rakhmonov,+390,-490
ufc-285,Mar 4 2023,Mateusz Gamrot,Jalin Turner,Mateusz Gamrot,-205,+175
ufc-285,Mar 4 2023,Bo Nickal,Jamie Pickett,Bo Nickal,-,-
ufc-285,Mar 4 2023,Cody Garbrandt,Trevin Jones,Cody Garbrandt,-175,+150
ufc-285,Mar 4 2023,Derek Brunson,Dricus Du Plessis,Dricus Du Plessis,+190,-225
ufc-285,Mar 4 2023,Viviane Araújo,Amanda Ribas,,+100,-120
ufc-285,Mar 4 2023,Julian Marquez,Marc-Andre Barriault,Marc-Andre Barriault,+130,-150
ufc-285,Mar 4 2023,Ian Machado Garry,Song Kenan,,-730,+530
ufc-285,Mar 4 2023,Mana Martinez,Cameron Saaiman,Cameron Saaiman,+255,-305
ufc-285,Mar 4 2023,Jessica Penne,Tabatha Ricci,Tabatha Ricci,+250,-300
ufc-285,Mar 4 2023,Da'Mon Blackshear,Farid Basharat,Farid Basharat,-,-
ufc-285,Mar 4 2023,Esteban Ribovics,Loik Radzhabov,Loik Radzhabov,-,-
ufc-fight-night-march-11-2023,Mar 11 2023,Petr Yan,Merab Dvalishvili,Merab Dvalishvili,-255,+215
ufc-fight-night-march-11-2023,Mar 11 2023,Alexander Volkov,Alexandr Romanov,Alexander Volkov,+130,-150
ufc-fight-night-march-11-2023,Mar 11 2023,Nikita Krylov,Ryan Spann,Nikita Krylov,-165,+140
ufc-fight-night-march-11-2023,Mar 11 2023,Said Nurmagomedov,Jonathan Martinez,Jonathan Martinez,-215,+185
ufc-fight-night-march-11-2023,Mar 11 2023,Mario Bautista,Guido Cannetti,Mario Bautista,-950,+650
ufc-fight-night-march-11-2023,Mar 11 2023,Vitor Petrino,Anton Turkalj,Vitor Petrino,-105,-115
ufc-fight-night-march-11-2023,Mar 11 2023,Karl Williams,Lukasz Brzeski,Karl Williams,-240,+200
ufc-fight-night-march-11-2023,Mar 11 2023,Raphael Assunção,Davey Grant,Davey Grant,+115,-135
ufc-fight-night-march-11-2023,Mar 11 2023,Sedriques Dumas,Josh Fremd,Josh Fremd,-210,+180
ufc-fight-night-march-11-2023,Mar 11 2023,Victor Henry,Tony Gravely,Victor Henry,-140,+120
ufc-fight-night-march-11-2023,Mar 11 2023,Ariane Lipski,JJ Aldrich,Ariane Lipski,+295,-360
ufc-fight-night-march-11-2023,Mar 11 2023,Tyson Nam,Bruno Silva,Bruno Silva,+165,-195
ufc-fight-night-march-11-2023,Mar 11 2023,Carlston Harris,Jared Gooden,Carlston Harris,-300,+250
ufc-286,Mar 18 2023,Leon Edwards,Kamaru Usman,Leon Edwards,+200,-240
ufc-286,Mar 18 2023,Justin Gaethje,Rafael Fiziev,Justin Gaethje,+200,-240
ufc-286,Mar 18 2023,Gunnar Nelson,Bryan Barberena,Gunnar Nelson,-360,+295
ufc-286,Mar 18 2023,Jennifer Maia,Casey O'Neill,Jennifer Maia,+140,-165
ufc-286,Mar 18 2023,Marvin Vettori,Roman Dolidze,Marvin Vettori,-275,+230
ufc-286,Mar 18 2023,Jack Shore,Makwan Amirkhani,Jack Shore,-500,+400
ufc-286,Mar 18 2023,Chris Duncan,Omar Morales,Chris Duncan,-,-
ufc-286,Mar 18 2023,Sam Patterson,Yanal Ashmouz,Yanal Ashmouz,-,-
ufc-286,Mar 18 2023,Muhammad Mokaev,Jafel Filho,Muhammad Mokaev,-,-
ufc-286,Mar 18 2023,Lerone Murphy,Gabriel Santos,Lerone Murphy,-,-
ufc-286,Mar 18 2023,Christian Leroy Duncan,Duško Todorović,Christian Leroy Duncan,-,-
ufc-286,Mar 18 2023,Jake Hadley,Malcolm Gordon,Jake Hadley,-410,+330
ufc-286,Mar 18 2023,Joanne Wood,Luana Carolina,Joanne Wood,-,-
ufc-286,Mar 18 2023,Jai Herbert,Ludovit Klein,draw/no contest,+165,-195
ufc-286,Mar 18 2023,Juliana Miller,Veronica Hardy,Veronica Hardy,-435,+350
ufc-fight-night-march-25-2023,Mar 25 2023,Marlon Vera,Cory Sandhagen,Cory Sandhagen,+140,-165
ufc-fight-night-march-25-2023,Mar 25 2023,Holly Holm,Yana Santos,Holly Holm,-245,+205
ufc-fight-night-march-25-2023,Mar 25 2023,Nate Landwehr,Austin Lingo,Nate Landwehr,-200,+170
ufc-fight-night-march-25-2023,Mar 25 2023,Andrea Lee,Maycee Barber,Maycee Barber,+220,-260
ufc-fight-night-march-25-2023,Mar 25 2023,Chidi Njokuani,Albert Duraev,Albert Duraev,-150,+130
ufc-fight-night-march-25-2023,Mar 25 2023,Daniel Pineda,Tucker Lutz,Daniel Pineda,+230,-275
ufc-fight-night-march-25-2023,Mar 25 2023,Steven Peterson,Lucas Alexander,Lucas Alexander,-155,+135
ufc-fight-night-march-25-2023,Mar 25 2023,Trevin Giles,Preston Parsons,Trevin Giles,-110,-110
ufc-fight-night-march-25-2023,Mar 25 2023,CJ Vergara,Daniel Lacerda,CJ Vergara,-250,+210
ufc-fight-night-march-25-2023,Mar 25 2023,Victor Altamirano,Vinicius Salvador,Victor Altamirano,-105,-115
ufc-287,Apr 8 2023,Alex Pereira,Israel Adesanya,Israel Adesanya,+115,-135
ufc-287,Apr 8 2023,Gilbert Burns,Jorge Masvidal,Gilbert Burns,-490,+390
ufc-287,Apr 8 2023,Rob Font,Adrian Yanez,Rob Font,+155,-180
ufc-287,Apr 8 2023,Kevin Holland,Santiago Ponzinibbio,Kevin Holland,-245,+205
ufc-287,Apr 8 2023,Raul Rosas Jr.,Christian Rodriguez,Christian Rodriguez,-225,+190
ufc-287,Apr 8 2023,Chris Curtis,Kelvin Gastelum,Kelvin Gastelum,-,-
ufc-287,Apr 8 2023,Michelle Waterson-Gomez,Luana Pinheiro,Luana Pinheiro,-,-
ufc-287,Apr 8 2023,Gerald Meerschaert,Joe Pyfer,Joe Pyfer,+160,-190
ufc-287,Apr 8 2023,Cynthia Calvillo,Loopy Godinez,Loopy Godinez,+230,-275
ufc-287,Apr 8 2023,Ignacio Bahamondes,Trey Ogden,Ignacio Bahamondes,-345,+285
ufc-287,Apr 8 2023,Shayilan Nuerdanbieke,Steve Garcia,Steve Garcia,-,-
ufc-287,Apr 8 2023,Jaqueline Amorim,Sam Hughes,Sam Hughes,-,-
ufc-fight-night-april-15-2023,Apr 15 2023,Max Holloway,Arnold Allen,Max Holloway,-155,+135
ufc-fight-night-april-15-2023,Apr 15 2023,Edson Barboza,Billy Quarantillo,Edson Barboza,-,-
ufc-fight-night-april-15-2023,Apr 15 2023,Dustin Jacoby,Azamat Murzakanov,Azamat Murzakanov,-,-
ufc-fight-night-april-15-2023,Apr 15 2023,Tanner Boser,Ion Cutelaba,Ion Cutelaba,-,-
ufc-fight-night-april-15-2023,Apr 15 2023,Pedro Munhoz,Chris Gutierrez,Pedro Munhoz,-,-
ufc-fight-night-april-15-2023,Apr 15 2023,Clay Guida,Rafa Garcia,Rafa Garcia,-,-
ufc-fight-night-april-15-2023,Apr 15 2023,Bill Algeo,TJ Brown,Bill Algeo,-,-
ufc-fight-night-april-15-2023,Apr 15 2023,Brandon Royval,Matheus Nicolau,Brandon Royval,-,-
ufc-fight-night-april-15-2023,Apr 15 2023,Zak Cummings,Ed Herman,Zak Cummings,-,-
ufc-fight-night-april-15-2023,Apr 15 2023,Gillian Robertson,Piera Rodriguez,Gillian Robertson,-,-
ufc-fight-night-april-15-2023,Apr 15 2023,Lando Vannata,Daniel Zellhuber,Daniel Zellhuber,-,-
ufc-fight-night-april-15-2023,Apr 15 2023,Bruna Brasil,Denise Gomes,Denise Gomes,-,-
ufc-fight-night-april-15-2023,Apr 15 2023,Aaron Phillips,Gaston Bolanos,Gaston Bolanos,-,-
ufc-fight-night-april-15-2023,Apr 15 2023,Joselyne Edwards,Lucie Pudilova,Joselyne Edwards,-,-
ufc-fight-night-april-22-2023,Apr 22 2023,Sergei Pavlovich,Curtis Blaydes,Sergei Pavlovich,+120,-140
ufc-fight-night-april-22-2023,Apr 22 2023,Brad Tavares,Bruno Silva,Bruno Silva,-165,+140
ufc-fight-night-april-22-2023,Apr 22 2023,Bobby Green,Jared Gordon,,-260,+220
ufc-fight-night-april-22-2023,Apr 22 2023,Iasmin Lucindo,Brogan Walker,Iasmin Lucindo,-380,+290
ufc-fight-night-april-22-2023,Apr 22 2023,Jeremiah Wells,Matthew Semelsberger,Jeremiah Wells,-110,-110
ufc-fight-night-april-22-2023,Apr 22 2023,Ricky Glenn,Christos Giagos,Christos Giagos,-155,+135
ufc-fight-night-april-22-2023,Apr 22 2023,Rani Yahya,Montel Jackson,Montel Jackson,+450,-600
ufc-fight-night-april-22-2023,Apr 22 2023,Karol Rosa,Norma Dumont,Norma Dumont,+195,-240
ufc-fight-night-april-22-2023,Apr 22 2023,Mohammed Usman,Junior Tafa,Mohammed Usman,-,-
ufc-fight-night-april-22-2023,Apr 22 2023,Francis Marshall,William Gomis,William Gomis,-,-
ufc-fight-night-april-22-2023,Apr 22 2023,Brady Hiestand,Batgerel Danaa,Brady Hiestand,-,-
ufc-fight-night-april-29-2023,Apr 29 2023,Song Yadong,Ricky Simon,Song Yadong,+100,-120
ufc-fight-night-april-29-2023,Apr 29 2023,Caio Borralho,Michal Oleksiejczuk,Caio Borralho,-365,+300
ufc-fight-night-april-29-2023,Apr 29 2023,Rodolfo Vieira,Cody Brundage,Rodolfo Vieira,-230,+195
ufc-fight-night-april-29-2023,Apr 29 2023,Julian Erosa,Fernando Padilla,Fernando Padilla,-,-
ufc-fight-night-april-29-2023,Apr 29 2023,Marcos Rogerio de Lima,Waldo Cortes-Acosta,Marcos Rogerio de Lima,-190,+160
ufc-fight-night-april-29-2023,Apr 29 2023,Josh Quinlan,Trey Waters,Trey Waters,-,-
ufc-fight-night-april-29-2023,Apr 29 2023,Martin Buday,Jake Collier,Martin Buday,-105,-115
ufc-fight-night-april-29-2023,Apr 29 2023,Cody Durden,Charles Johnson,Cody Durden,+120,-140
ufc-fight-night-april-29-2023,Apr 29 2023,Stephanie Egger,Irina Alekseeva,Irina Alekseeva,-,-
ufc-fight-night-april-29-2023,Apr 29 2023,Journey Newson,Marcus McGhee,Marcus McGhee,-135,+115
ufc-fight-night-april-29-2023,Apr 29 2023,Hailey Cowan,Jamey-Lyn Horth,Jamey-Lyn Horth,-,-
ufc-288,May 6 2023,Aljamain Sterling,Henry Cejudo,Aljamain Sterling,-110,-110
ufc-288,May 6 2023,Belal Muhammad,Gilbert Burns,Belal Muhammad,+105,-125
ufc-288,May 6 2023,Jéssica Andrade,Yan Xiaonan,Yan Xiaonan,-190,+160
ufc-288,May 6 2023,Movsar Evloev,Diego Lopes,Movsar Evloev,-260,+220
ufc-288,May 6 2023,Kron Gracie,Charles Jourdain,Charles Jourdain,+145,-170
ufc-288,May 6 2023,Drew Dober,Matt Frevola,Matt Frevola,-210,+180
ufc-288,May 6 2023,Kennedy Nzechukwu,Devin Clark,Kennedy Nzechukwu,-180,+155
ufc-288,May 6 2023,Khaos Williams,Rolando Bedoya,Khaos Williams,-,-
ufc-288,May 6 2023,Marina Rodriguez,Virna Jandiroba,Virna Jandiroba,-140,+120
ufc-288,May 6 2023,Braxton Smith,Parker Porter,Parker Porter,-,-
ufc-288,May 6 2023,Phil Hawes,Ikram Aliskerov,Ikram Aliskerov,-,-
ufc-288,May 6 2023,Joseph Holmes,Claudio Ribeiro,Claudio Ribeiro,+140,-165
ufc-fight-night-may-13-2023,May 13 2023,Jairzinho Rozenstruik,Jailton Almeida,Jailton Almeida,+400,-500
ufc-fight-night-may-13-2023,May 13 2023,Anthony Smith,Johnny Walker,Johnny Walker,-110,-110
ufc-fight-night-may-13-2023,May 13 2023,Daniel Rodriguez,Ian Machado Garry,Ian Machado Garry,+250,-300
ufc-fight-night-may-13-2023,May 13 2023,Carlos Ulberg,Ihor Potieria,Carlos Ulberg,-425,+340
ufc-fight-night-may-13-2023,May 13 2023,Tim Means,Alex Morono,Alex Morono,+185,-215
ufc-fight-night-may-13-2023,May 13 2023,Matt Brown,Court McGee,Matt Brown,+185,-215
ufc-fight-night-may-13-2023,May 13 2023,Karl Williams,Chase Sherman,Karl Williams,-410,+330
ufc-fight-night-may-13-2023,May 13 2023,Cody Stamann,Douglas Silva de Andrade,Douglas Silva de Andrade,-155,+135
ufc-fight-night-may-13-2023,May 13 2023,Ji Yeon Kim,Mandy Böhm,Mandy Böhm,-230,+195
ufc-fight-night-may-13-2023,May 13 2023,Bryan Battle,Gabe Green,Bryan Battle,+115,-135
ufc-fight-night-may-13-2023,May 13 2023,Jessica-Rose Clark,Tainara Lisboa,Tainara Lisboa,-,-
ufc-fight-night-may-20-2023,May 20 2023,Mackenzie Dern,Angela Hill,Mackenzie Dern,-170,+145
ufc-fight-night-may-20-2023,May 20 2023,Edmen Shahbazyan,Anthony Hernandez,Anthony Hernandez,-,-
ufc-fight-night-may-20-2023,May 20 2023,Emily Ducote,Loopy Godinez,Loopy Godinez,+135,-155
ufc-fight-night-may-20-2023,May 20 2023,Andre Fialho,Joaquin Buckley,Joaquin Buckley,+190,-225
ufc-fight-night-may-20-2023,May 20 2023,Diego Ferreira,Michael Johnson,Diego Ferreira,-155,+135
ufc-fight-night-may-20-2023,May 20 2023,Maheshate,Viacheslav Borshchev,Viacheslav Borshchev,-,-
ufc-fight-night-may-20-2023,May 20 2023,Karolina Kowalkiewicz,Vanessa Demopoulos,Karolina Kowalkiewicz,-130,+110
ufc-fight-night-may-20-2023,May 20 2023,Orion Cosce,Gilbert Urbina,Gilbert Urbina,-,-
ufc-fight-night-may-20-2023,May 20 2023,Ilir Latifi,Rodrigo Nascimento,Rodrigo Nascimento,+180,-210
ufc-fight-night-may-20-2023,May 20 2023,Chase Hooper,Nick Fiore,Chase Hooper,-,-
ufc-fight-night-may-20-2023,May 20 2023,Natalia Silva,Victoria Leonardo,Natalia Silva,-900,+625
ufc-fight-night-may-20-2023,May 20 2023,Takashi Sato,Themba Gorimbo,Themba Gorimbo,+105,-125
ufc-fight-night-june-03-2023,Jun 3 2023,Kai Kara-France,Amir Albazi,Amir Albazi,-110,-110
ufc-fight-night-june-03-2023,Jun 3 2023,Alex Caceres,Daniel Pineda,Alex Caceres,-180,+155
ufc-fight-night-june-03-2023,Jun 3 2023,Jim Miller,Jesse Butler,Jim Miller,-240,+200
ufc-fight-night-june-03-2023,Jun 3 2023,Tim Elliott,Victor Altamirano,Tim Elliott,-180,+155
ufc-fight-night-june-03-2023,Jun 3 2023,Karine Silva,Ketlen Souza,Karine Silva,-215,+185
ufc-fight-night-june-03-2023,Jun 3 2023,Abubakar Nurmagomedov,Elizeu Zaleski dos Santos,Elizeu Zaleski dos Santos,-115,-105
ufc-fight-night-june-03-2023,Jun 3 2023,Daniel Santos,Johnny Munoz,Daniel Santos,-215,+185
ufc-fight-night-june-03-2023,Jun 3 2023,Andrei Arlovski,Don'Tale Mayes,Don'Tale Mayes,+115,-135
ufc-fight-night-june-03-2023,Jun 3 2023,John Castaneda,Muin Gafurov,John Castaneda,-140,+120
ufc-fight-night-june-03-2023,Jun 3 2023,Jamie Mullarkey,Muhammad Naimov,Muhammad Naimov,-460,+370
ufc-fight-night-june-03-2023,Jun 3 2023,Elise Reed,Jinh Yu Frey,Elise Reed,-130,+110
ufc-fight-night-june-03-2023,Jun 3 2023,Da'Mon Blackshear,Luan Lacerda,Da'Mon Blackshear,+130,-150
ufc-fight-night-june-03-2023,Jun 3 2023,Philipe Lins,Max Grishin,Philipe Lins,+110,-130
ufc-289,Jun 10 2023,Amanda Nunes,Irene Aldana,Amanda Nunes,-320,+265
ufc-289,Jun 10 2023,Charles Oliveira,Beneil Dariush,Charles Oliveira,+125,-145
ufc-289,Jun 10 2023,Mike Malott,Adam Fugitt,Mike Malott,-205,+175
ufc-289,Jun 10 2023,Dan Ige,Nate Landwehr,Dan Ige,-260,+220
ufc-289,Jun 10 2023,Marc-Andre Barriault,Eryk Anders,Marc-Andre Barriault,-135,+115
ufc-289,Jun 10 2023,Nassourdine Imavov,Chris Curtis,,-155,+135
ufc-289,Jun 10 2023,Miranda Maverick,Jasmine Jasudavicius,Jasmine Jasudavicius,-295,+245
ufc-289,Jun 10 2023,Aiemann Zahabi,Aoriqileng,Aiemann Zahabi,+100,-120
ufc-289,Jun 10 2023,Kyle Nelson,Blake Bilder,Kyle Nelson,+200,-240
ufc-289,Jun 10 2023,David Dvorak,Steve Erceg,Steve Erceg,-265,+225
ufc-289,Jun 10 2023,Diana Belbita,Maria Oliveira,Diana Belbita,-120,+100
ufc-fight-night-june-17-2023,Jun 17 2023,Marvin Vettori,Jared Cannonier,Jared Cannonier,-125,+105
ufc-fight-night-june-17-2023,Jun 17 2023,Arman Tsarukyan,Joaquim Silva,Arman Tsarukyan,-1050,+700
ufc-fight-night-june-17-2023,Jun 17 2023,Armen Petrosyan,Christian Leroy Duncan,Armen Petrosyan,-,-
ufc-fight-night-june-17-2023,Jun 17 2023,Pat Sabatini,Lucas Almeida,Pat Sabatini,-200,+170
ufc-fight-night-june-17-2023,Jun 17 2023,Manuel Torres,Nikolas Motta,Manuel Torres,-175,+150
ufc-fight-night-june-17-2023,Jun 17 2023,Nicolas Dalby,Muslim Salikhov,Nicolas Dalby,+155,-180
ufc-fight-night-june-17-2023,Jun 17 2023,Jimmy Flick,Alessandro Costa,Alessandro Costa,+225,-265
ufc-fight-night-june-17-2023,Jun 17 2023,Kyung Ho Kang,Cristian Quiñonez,Kyung Ho Kang,-,-
ufc-fight-night-june-17-2023,Jun 17 2023,Carlos Hernandez,Denys Bondar,Carlos Hernandez,+110,-130
ufc-fight-night-june-17-2023,Jun 17 2023,Tereza Bleda,Gabriella Fernandes,Tereza Bleda,-225,+190
ufc-fight-night-june-17-2023,Jun 17 2023,Dan Argueta,Ronnie Lawrence,,+160,-190
ufc-fight-night-june-17-2023,Jun 17 2023,Zac Pauga,Modestas Bukauskas,Modestas Bukauskas,+165,-195
ufc-fight-night-june-24-2023,Jun 24 2023,Josh Emmett,Ilia Topuria,Ilia Topuria,+285,-345
ufc-fight-night-june-24-2023,Jun 24 2023,Amanda Ribas,Maycee Barber,Maycee Barber,-190,+160
ufc-fight-night-june-24-2023,Jun 24 2023,Austen Lane,Justin Tafa,,+150,-175
ufc-fight-night-june-24-2023,Jun 24 2023,David Onama,Gabriel Santos,David Onama,+185,-215
ufc-fight-night-june-24-2023,Jun 24 2023,Brendan Allen,Bruno Silva,Brendan Allen,-190,+160
ufc-fight-night-june-24-2023,Jun 24 2023,Neil Magny,Phil Rowe,Neil Magny,-165,+140
ufc-fight-night-june-24-2023,Jun 24 2023,Randy Brown,Wellington Turman,Randy Brown,-230,+195
ufc-fight-night-june-24-2023,Jun 24 2023,Mateusz Rębecki,Loik Radzhabov,Mateusz Rębecki,-155,+135
ufc-fight-night-june-24-2023,Jun 24 2023,Tabatha Ricci,Gillian Robertson,Tabatha Ricci,-135,+115
ufc-fight-night-june-24-2023,Jun 24 2023,Zhalgas Zhumagulov,Joshua Van,Joshua Van,-205,+175
ufc-fight-night-june-24-2023,Jun 24 2023,Trevor Peek,Chepe Mariscal,Chepe Mariscal,-125,+105
ufc-fight-night-june-24-2023,Jun 24 2023,Jamall Emmers,Jack Jenkins,Jack Jenkins,-200,+170
ufc-fight-night-june-24-2023,Jun 24 2023,Cody Brundage,Sedriques Dumas,Sedriques Dumas,-175,+150
ufc-fight-night-july-01-2023,Jul 1 2023,Sean Strickland,Abus Magomedov,Sean Strickland,-170,+145
ufc-fight-night-july-01-2023,Jul 1 2023,Damir Ismagulov,Grant Dawson,Grant Dawson,-145,+125
ufc-fight-night-july-01-2023,Jul 1 2023,Max Griffin,Michael Morales,Michael Morales,+170,-200
ufc-fight-night-july-01-2023,Jul 1 2023,Ariane Lipski,Melissa Gatto,Ariane Lipski,+140,-165
ufc-fight-night-july-01-2023,Jul 1 2023,Ismael Bonfim,Benoît Saint Denis,Benoît Saint Denis,-285,+240
ufc-fight-night-july-01-2023,Jul 1 2023,Brunno Ferreira,Nursulton Ruziboev,Nursulton Ruziboev,+140,-165
ufc-fight-night-july-01-2023,Jul 1 2023,Kevin Lee,Rinat Fakhretdinov,Rinat Fakhretdinov,+190,-225
ufc-fight-night-july-01-2023,Jul 1 2023,Joanderson Brito,Westin Wilson,Joanderson Brito,-,-
ufc-fight-night-july-01-2023,Jul 1 2023,Yana Santos,Karol Rosa,Karol Rosa,-,-
ufc-fight-night-july-01-2023,Jul 1 2023,Guram Kutateladze,Elves Brener,Elves Brener,-,-
ufc-fight-night-july-01-2023,Jul 1 2023,Ivana Petrovic,Luana Carolina,Luana Carolina,-,-
ufc-fight-night-july-01-2023,Jul 1 2023,Alexandr Romanov,Blagoy Ivanov,Alexandr Romanov,-,-
ufc-290,Jul 8 2023,Alexander Volkanovski,Yair Rodriguez,Alexander Volkanovski,-380,+290
ufc-290,Jul 8 2023,Brandon Moreno,Alexandre Pantoja,Alexandre Pantoja,-205,+175
ufc-290,Jul 8 2023,Robert Whittaker,Dricus Du Plessis,Dricus Du Plessis,-360,+280
ufc-290,Jul 8 2023,Jalin Turner,Dan Hooker,Dan Hooker,-280,+235
ufc-290,Jul 8 2023,Bo Nickal,Val Woodburn,Bo Nickal,-2100,+1100
ufc-290,Jul 8 2023,Robbie Lawler,Niko Price,Robbie Lawler,+195,-230
ufc-290,Jul 8 2023,Tatsuro Taira,Edgar Chairez,Tatsuro Taira,-975,+675
ufc-290,Jul 8 2023,Yazmin Jauregui,Denise Gomes,Denise Gomes,-390,+295
ufc-290,Jul 8 2023,Jimmy Crute,Alonzo Menifield,Alonzo Menifield,-140,+120
ufc-290,Jul 8 2023,Vitor Petrino,Marcin Prachnio,Vitor Petrino,-230,+195
ufc-290,Jul 8 2023,Cameron Saaiman,Terrence Mitchell,Cameron Saaiman,-585,+420
ufc-290,Jul 8 2023,Shannon Ross,Jesus Aguilar,Jesus Aguilar,+125,-145
ufc-290,Jul 8 2023,Kamuela Kirk,Esteban Ribovics,Esteban Ribovics,+130,-150
ufc-fight-night-july-15-2023,Jul 15 2023,Holly Holm,Mayra Bueno Silva,Mayra Bueno Silva,-170,+145
ufc-fight-night-july-15-2023,Jul 15 2023,Jack Della Maddalena,Bassil Hafez,Jack Della Maddalena,-625,+440
ufc-fight-night-july-15-2023,Jul 15 2023,Ottman Azaitar,Francisco Prado,Francisco Prado,-105,-115
ufc-fight-night-july-15-2023,Jul 15 2023,Albert Duraev,Junyong Park,Junyong Park,+125,-145
ufc-fight-night-july-15-2023,Jul 15 2023,Norma Dumont,Chelsea Chandler,Norma Dumont,-140,+120
ufc-fight-night-july-15-2023,Jul 15 2023,Nazim Sadykhov,Terrance McKinney,Nazim Sadykhov,-,-
ufc-fight-night-july-15-2023,Jul 15 2023,Tucker Lutz,Melsik Baghdasaryan,Melsik Baghdasaryan,+140,-165
ufc-fight-night-july-15-2023,Jul 15 2023,Viktoriia Dudakova,Istela Nunes,Viktoriia Dudakova,-205,+175
ufc-fight-night-july-15-2023,Jul 15 2023,Austin Lingo,Melquizael Costa,Melquizael Costa,+175,-205
ufc-fight-night-july-15-2023,Jul 15 2023,Evan Elder,Genaro Valdez,Evan Elder,-295,+245
ufc-fight-night-july-15-2023,Jul 15 2023,Tyson Nam,Azat Maksum,Azat Maksum,+310,-410
ufc-fight-night-july-15-2023,Jul 15 2023,Alexander Munoz,Carl Deaton,Alexander Munoz,-170,+145
ufc-fight-night-july-15-2023,Jul 15 2023,Ashlee Evans-Smith,Ailin Perez,Ailin Perez,+170,-200
ufc-fight-night-july-22-2023,Jul 22 2023,Tom Aspinall,Marcin Tybura,Tom Aspinall,-475,+350
ufc-fight-night-july-22-2023,Jul 22 2023,Molly McCann,Julija Stoliarenko,Julija Stoliarenko,-,-
ufc-fight-night-july-22-2023,Jul 22 2023,Nathaniel Wood,Andre Fili,Nathaniel Wood,-205,+175
ufc-fight-night-july-22-2023,Jul 22 2023,Paul Craig,Andre Muniz,Paul Craig,+185,-215
ufc-fight-night-july-22-2023,Jul 22 2023,Jai Herbert,Farès Ziam,Farès Ziam,+135,-155
ufc-fight-night-july-22-2023,Jul 22 2023,Lerone Murphy,Josh Culibao,Lerone Murphy,-140,+120
ufc-fight-night-july-22-2023,Jul 22 2023,Davey Grant,Daniel Marcos,Daniel Marcos,+135,-155
ufc-fight-night-july-22-2023,Jul 22 2023,Danny Roberts,Jonny Parsons,Jonny Parsons,-115,-105
ufc-fight-night-july-22-2023,Jul 22 2023,Marc Diakiese,Joel Álvarez,Joel Álvarez,+165,-195
ufc-fight-night-july-22-2023,Jul 22 2023,Mick Parkin,Jamal Pogues,Mick Parkin,+135,-165
ufc-fight-night-july-22-2023,Jul 22 2023,Makhmud Muradov,Bryan Barberena,Makhmud Muradov,-335,+260
ufc-fight-night-july-22-2023,Jul 22 2023,Ketlen Vieira,Pannie Kianzad,Ketlen Vieira,-150,+130
ufc-fight-night-july-22-2023,Jul 22 2023,Chris Duncan,Yanal Ashmouz,Chris Duncan,-140,+120
ufc-fight-night-july-22-2023,Jul 22 2023,Shauna Bannon,Bruna Brasil,Bruna Brasil,+130,-150
ufc-fight-night-july-22-2023,Jul 22 2023,Jafel Filho,Daniel Barez,Jafel Filho,-115,-105
ufc-291,Jul 29 2023,Dustin Poirier,Justin Gaethje,Justin Gaethje,-145,+125
ufc-291,Jul 29 2023,Jan Błachowicz,Alex Pereira,Alex Pereira,-120,-110
ufc-291,Jul 29 2023,Derrick Lewis,Marcos Rogerio de Lima,Derrick Lewis,+155,-180
ufc-291,Jul 29 2023,Tony Ferguson,Bobby Green,Bobby Green,+285,-375
ufc-291,Jul 29 2023,Michael Chiesa,Kevin Holland,Kevin Holland,+125,-145
ufc-291,Jul 29 2023,Gabriel Bonfim,Trevin Giles,Gabriel Bonfim,+260,-315
ufc-291,Jul 29 2023,CJ Vergara,Vinicius Salvador,CJ Vergara,-160,+130
ufc-291,Jul 29 2023,Roman Kopylov,Claudio Ribeiro,Roman Kopylov,-220,+180
ufc-291,Jul 29 2023,Jake Matthews,Darrius Flowers,Jake Matthews,-,-
ufc-291,Jul 29 2023,Matthew Semelsberger,Uroš Medić,Uroš Medić,-190,+160
ufc-291,Jul 29 2023,Miranda Maverick,Priscila Cachoeira,Miranda Maverick,-335,+260
ufc-fight-night-august-05-2023,Aug 5 2023,Cory Sandhagen,Rob Font,Cory Sandhagen,-265,+225
ufc-fight-night-august-05-2023,Aug 5 2023,Jéssica Andrade,Tatiana Suarez,Tatiana Suarez,-,-
ufc-fight-night-august-05-2023,Aug 5 2023,Dustin Jacoby,Kennedy Nzechukwu,Dustin Jacoby,+120,-140
ufc-fight-night-august-05-2023,Aug 5 2023,Diego Lopes,Gavin Tucker,Diego Lopes,-,-
ufc-fight-night-august-05-2023,Aug 5 2023,Tanner Boser,Aleksa Camur,Tanner Boser,-190,+160
ufc-fight-night-august-05-2023,Aug 5 2023,Ignacio Bahamondes,Ludovit Klein,Ludovit Klein,-200,+170
ufc-fight-night-august-05-2023,Aug 5 2023,Kyler Phillips,Raoni Barcelos,Kyler Phillips,-,-
ufc-fight-night-august-05-2023,Aug 5 2023,Jeremiah Wells,Carlston Harris,Carlston Harris,-165,+140
ufc-fight-night-august-05-2023,Aug 5 2023,Billy Quarantillo,Damon Jackson,Billy Quarantillo,-170,+145
ufc-fight-night-august-05-2023,Aug 5 2023,Cody Durden,Jake Hadley,Cody Durden,-,-
ufc-fight-night-august-05-2023,Aug 5 2023,Sean Woodson,Dennis Buzukja,Sean Woodson,-,-
ufc-fight-night-august-05-2023,Aug 5 2023,Ode' Osbourne,Assu Almabayev,Assu Almabayev,-,-
ufc-fight-night-august-12-2023,Aug 12 2023,Vicente Luque,Rafael Dos Anjos,Vicente Luque,+100,-120
ufc-fight-night-august-12-2023,Aug 12 2023,Cub Swanson,Hakeem Dawodu,Cub Swanson,+210,-258
ufc-fight-night-august-12-2023,Aug 12 2023,Khalil Rountree Jr.,Chris Daukaus,Khalil Rountree Jr.,-,-
ufc-fight-night-august-12-2023,Aug 12 2023,Polyana Viana,Iasmin Lucindo,Iasmin Lucindo,+150,-180
ufc-fight-night-august-12-2023,Aug 12 2023,AJ Dobson,Tafon Nchukwi,AJ Dobson,+120,-142
ufc-fight-night-august-12-2023,Aug 12 2023,Josh Fremd,Jamie Pickett,Josh Fremd,-355,+280
ufc-fight-night-august-12-2023,Aug 12 2023,JP Buys,Marcus McGhee,Marcus McGhee,+270,-340
ufc-fight-night-august-12-2023,Aug 12 2023,Terrance McKinney,Mike Breeden,Terrance McKinney,-298,+240
ufc-fight-night-august-12-2023,Aug 12 2023,Francis Marshall,Isaac Dulgarian,Isaac Dulgarian,-155,+130
ufc-fight-night-august-12-2023,Aug 12 2023,Josh Parisian,Martin Buday,Martin Buday,+164,-198
ufc-fight-night-august-12-2023,Aug 12 2023,Jaqueline Amorim,Montserrat Ruiz,Jaqueline Amorim,-245,+200
ufc-fight-night-august-12-2023,Aug 12 2023,Da'Mon Blackshear,Jose Johnson,Da'Mon Blackshear,-285,+230
ufc-fight-night-august-12-2023,Aug 12 2023,Juliana Miller,Luana Santos,Luana Santos,+124,-148
ufc-292,Aug 19 2023,Aljamain Sterling,Sean O'Malley,Sean O'Malley,-250,+205
ufc-292,Aug 19 2023,Zhang Weili,Amanda Lemos,Zhang Weili,-310,+250
ufc-292,Aug 19 2023,Neil Magny,Ian Machado Garry,Ian Machado Garry,+370,-485
ufc-292,Aug 19 2023,Da'Mon Blackshear,Mario Bautista,Mario Bautista,+180,-218
ufc-292,Aug 19 2023,Marlon Vera,Pedro Munhoz,Marlon Vera,-185,+154
ufc-292,Aug 19 2023,Chris Weidman,Brad Tavares,Brad Tavares,+210,-258
ufc-292,Aug 19 2023,Gregory Rodrigues,Denis Tiuliulin,Gregory Rodrigues,-360,+285
ufc-292,Aug 19 2023,Kurt Holobaugh,Austin Hubbard,Kurt Holobaugh,-175,+145
ufc-292,Aug 19 2023,Brad Katona,Cody Gibson,Brad Katona,-170,+142
ufc-292,Aug 19 2023,Andre Petroski,Gerald Meerschaert,Andre Petroski,-238,+195
ufc-292,Aug 19 2023,Andrea Lee,Natalia Silva,Natalia Silva,+260,-325
ufc-292,Aug 19 2023,Karine Silva,Maryna Moroz,Karine Silva,-125,+105
ufc-fight-night-august-26-2023,Aug 26 2023,Max Holloway,Chan Sung Jung,Max Holloway,-850,+520
ufc-fight-night-august-26-2023,Aug 26 2023,Anthony Smith,Ryan Spann,Anthony Smith,-,-
ufc-fight-night-august-26-2023,Aug 26 2023,Giga Chikadze,Alex Caceres,Giga Chikadze,-,-
ufc-fight-night-august-26-2023,Aug 26 2023,Rinya Nakamura,Fernie Garcia,Rinya Nakamura,-,-
ufc-fight-night-august-26-2023,Aug 26 2023,Erin Blanchfield,Taila Santos,Erin Blanchfield,-,-
ufc-fight-night-august-26-2023,Aug 26 2023,Junior Tafa,Parker Porter,Junior Tafa,-,-
ufc-fight-night-august-26-2023,Aug 26 2023,Waldo Cortes-Acosta,Lukasz Brzeski,Waldo Cortes-Acosta,-,-
ufc-fight-night-august-26-2023,Aug 26 2023,Toshiomi Kazama,Garrett Armfield,Garrett Armfield,-,-
ufc-fight-night-august-26-2023,Aug 26 2023,Chidi Njokuani,Michal Oleksiejczuk,Michal Oleksiejczuk,-,-
ufc-fight-night-august-26-2023,Aug 26 2023,Song Kenan,Rolando Bedoya,Song Kenan,-,-
ufc-fight-night-august-26-2023,Aug 26 2023,Billy Goff,Yusaku Kinoshita,Billy Goff,-,-
ufc-fight-night-august-26-2023,Aug 26 2023,Liang Na,JJ Aldrich,JJ Aldrich,-,-
ufc-fight-night-august-26-2023,Aug 26 2023,Seungwoo Choi,Jarno Errens,Seungwoo Choi,-,-
ufc-fight-night-september-02-2023,Sep 2 2023,Ciryl Gane,Serghei Spivac,Ciryl Gane,-175,+145
ufc-fight-night-september-02-2023,Sep 2 2023,Manon Fiorot,Rose Namajunas,Manon Fiorot,-205,+170
ufc-fight-night-september-02-2023,Sep 2 2023,Benoît Saint Denis,Thiago Moises,Benoît Saint Denis,-162,+136
ufc-fight-night-september-02-2023,Sep 2 2023,Volkan Oezdemir,Bogdan Guskov,Volkan Oezdemir,-185,+154
ufc-fight-night-september-02-2023,Sep 2 2023,William Gomis,Yanis Ghemmouri,William Gomis,-205,+170
ufc-fight-night-september-02-2023,Sep 2 2023,Morgan Charriere,Manolo Zecchini,Morgan Charriere,-355,+280
ufc-fight-night-september-02-2023,Sep 2 2023,Taylor Lapilus,Caolán Loughran,Taylor Lapilus,-175,+145
ufc-fight-night-september-02-2023,Sep 2 2023,Ange Loosa,Rhys McKee,Ange Loosa,-166,+140
ufc-fight-night-september-02-2023,Sep 2 2023,Nora Cornolle,Joselyne Edwards,Nora Cornolle,-102,-118
ufc-fight-night-september-02-2023,Sep 2 2023,Farid Basharat,Kleydson Rodrigues,Farid Basharat,-340,+270
ufc-fight-night-september-02-2023,Sep 2 2023,Zarah Fairn,Jacqueline Cavalcanti,Jacqueline Cavalcanti,+295,-375
ufc-293,Sep 9 2023,Israel Adesanya,Sean Strickland,Sean Strickland,-600,+440
ufc-293,Sep 9 2023,Tai Tuivasa,Alexander Volkov,Alexander Volkov,+164,-198
ufc-293,Sep 9 2023,Manel Kape,Felipe dos Santos,Manel Kape,-,-
ufc-293,Sep 9 2023,Justin Tafa,Austen Lane,Justin Tafa,-238,+195
ufc-293,Sep 9 2023,Tyson Pedro,Anton Turkalj,Tyson Pedro,-110,-110
ufc-293,Sep 9 2023,Carlos Ulberg,Da Woon Jung,Carlos Ulberg,-278,+225
ufc-293,Sep 9 2023,Jack Jenkins,Chepe Mariscal,Chepe Mariscal,-205,+170
ufc-293,Sep 9 2023,Jamie Mullarkey,John Makdessi,Jamie Mullarkey,-185,+154
ufc-293,Sep 9 2023,Nasrat Haqparast,Landon Quinones,Nasrat Haqparast,-,-
ufc-293,Sep 9 2023,Blood Diamond,Charles Radtke,Charles Radtke,-,-
ufc-293,Sep 9 2023,Shane Young,Gabriel Miranda,Gabriel Miranda,-166,+140
ufc-293,Sep 9 2023,Kevin Jousset,Kiefer Crosbie,Kevin Jousset,-,-
ufc-fight-night-september-16-2023,Sep 16 2023,Alexa Grasso,Valentina Shevchenko,draw/no contest,+140,-166
ufc-fight-night-september-16-2023,Sep 16 2023,Kevin Holland,Jack Della Maddalena,Jack Della Maddalena,+124,-148
ufc-fight-night-september-16-2023,Sep 16 2023,Raul Rosas Jr.,Terrence Mitchell,Raul Rosas Jr.,-,-
ufc-fight-night-september-16-2023,Sep 16 2023,Daniel Zellhuber,Christos Giagos,Daniel Zellhuber,-285,+230
ufc-fight-night-september-16-2023,Sep 16 2023,Fernando Padilla,Kyle Nelson,Kyle Nelson,-250,+205
ufc-fight-night-september-16-2023,Sep 16 2023,Loopy Godinez,Elise Reed,Loopy Godinez,-440,+340
ufc-fight-night-september-16-2023,Sep 16 2023,Roman Kopylov,Josh Fremd,Roman Kopylov,-345,+275
ufc-fight-night-september-16-2023,Sep 16 2023,Edgar Chairez,Daniel Lacerda,,-258,+210
ufc-fight-night-september-16-2023,Sep 16 2023,Tracy Cortez,Jasmine Jasudavicius,Tracy Cortez,-118,-102
ufc-fight-night-september-16-2023,Sep 16 2023,Alex Reyes,Charlie Campbell,Charlie Campbell,+340,-440
ufc-fight-night-september-16-2023,Sep 16 2023,Josefine Knutsson,Marnic Mann,Josefine Knutsson,-575,+410
ufc-fight-night-september-23-2023,Sep 23 2023,Rafael Fiziev,Mateusz Gamrot,Mateusz Gamrot,-155,+130
ufc-fight-night-september-23-2023,Sep 23 2023,Bryce Mitchell,Dan Ige,Bryce Mitchell,-205,+170
ufc-fight-night-september-23-2023,Sep 23 2023,Marina Rodriguez,Michelle Waterson-Gomez,Marina Rodriguez,-310,+250
ufc-fight-night-september-23-2023,Sep 23 2023,Bryan Battle,AJ Fletcher,Bryan Battle,-185,+154
ufc-fight-night-september-23-2023,Sep 23 2023,Ricardo Ramos,Charles Jourdain,Charles Jourdain,+114,-135
ufc-fight-night-september-23-2023,Sep 23 2023,Dan Argueta,Miles Johns,Miles Johns,-175,+145
ufc-fight-night-september-23-2023,Sep 23 2023,Tim Means,Andre Fialho,Tim Means,+145,-175
ufc-fight-night-september-23-2023,Sep 23 2023,Jacob Malkoun,Cody Brundage,Cody Brundage,-575,+425
ufc-fight-night-september-23-2023,Sep 23 2023,Mohammed Usman,Jake Collier,Mohammed Usman,-135,+114
ufc-fight-night-september-23-2023,Sep 23 2023,Mizuki,Hannah Goldy,Mizuki,-310,+250
ufc-fight-night-september-23-2023,Sep 23 2023,Tamires Vidal,Montserrat Rendon,Montserrat Rendon,-,-
ufc-fight-night-october-07-2023,Oct 7 2023,Grant Dawson,Bobby Green,Bobby Green,-500,+380
ufc-fight-night-october-07-2023,Oct 7 2023,Joe Pyfer,Abdul Razak Alhassan,Joe Pyfer,-345,+275
ufc-fight-night-october-07-2023,Oct 7 2023,Alex Morono,Joaquin Buckley,Joaquin Buckley,+154,-185
ufc-fight-night-october-07-2023,Oct 7 2023,Drew Dober,Ricky Glenn,Drew Dober,-395,+310
ufc-fight-night-october-07-2023,Oct 7 2023,Alexander Hernandez,Bill Algeo,Bill Algeo,-118,-102
ufc-fight-night-october-07-2023,Oct 7 2023,Karolina Kowalkiewicz,Diana Belbita,Karolina Kowalkiewicz,-142,+120
ufc-fight-night-october-07-2023,Oct 7 2023,Nate Maness,Mateus Mendonça,Nate Maness,+235,-290
ufc-fight-night-october-07-2023,Oct 7 2023,Vanessa Demopoulos,Kanako Murata,Vanessa Demopoulos,+300,-380
ufc-fight-night-october-07-2023,Oct 7 2023,Aoriqileng,Johnny Munoz,Aoriqileng,-108,-112
ufc-fight-night-october-07-2023,Oct 7 2023,Montana De La Rosa,JJ Aldrich,JJ Aldrich,-130,+110
ufc-300,Apr 13 2023,Jiří Procházka,Aleksandar Rakić,,-,-
ufc-300,Apr 13 2023,Calvin Kattar,Aljamain Sterling,,-,-
ufc-300,Apr 13 2023,Bo Nickal,Cody Brundage,,-,-
ufc-fight-night-march-30-2024,Mar 30 2024,Erin Blanchfield,Manon Fiorot,,-,-
ufc-fight-night-october-14-2023,Oct 14 2023,Sodiq Yusuff,Edson Barboza,Edson Barboza,-166,+140
ufc-fight-night-october-14-2023,Oct 14 2023,Jennifer Maia,Viviane Araújo,Viviane Araújo,-155,+130
ufc-fight-night-october-14-2023,Oct 14 2023,Jonathan Martinez,Adrian Yanez,Jonathan Martinez,-112,-108
ufc-fight-night-october-14-2023,Oct 14 2023,Andre Petroski,Michel Pereira,Michel Pereira,+105,-125
ufc-fight-night-october-14-2023,Oct 14 2023,Christian Rodriguez,Cameron Saaiman,Christian Rodriguez,-162,+136
ufc-fight-night-october-14-2023,Oct 14 2023,Darren Elkins,TJ Brown,Darren Elkins,+170,-205
ufc-fight-night-october-14-2023,Oct 14 2023,Tainara Lisboa,Ravena Oliveira,Tainara Lisboa,-,-
ufc-fight-night-october-14-2023,Oct 14 2023,Terrance McKinney,Brendon Marotte,Terrance McKinney,-,-
ufc-fight-night-october-14-2023,Oct 14 2023,Irina Alekseeva,Melissa Dixon,Melissa Dixon,-,-
ufc-fight-night-october-14-2023,Oct 14 2023,Chris Gutierrez,Alatengheili,Chris Gutierrez,-325,+260
ufc-fight-night-october-14-2023,Oct 14 2023,Ashley Yoder,Emily Ducote,Emily Ducote,+285,-360
ufc-294,Oct 21 2023,Islam Makhachev,Alexander Volkanovski,Islam Makhachev,-340,+270
ufc-294,Oct 21 2023,Kamaru Usman,Khamzat Chimaev,Khamzat Chimaev,+285,-360
ufc-294,Oct 21 2023,Magomed Ankalaev,Johnny Walker,,-,-
ufc-294,Oct 21 2023,Ikram Aliskerov,Warlley Alves,Ikram Aliskerov,+100,-120
ufc-294,Oct 21 2023,Said Nurmagomedov,Muin Gafurov,Said Nurmagomedov,-185,+154
ufc-294,Oct 21 2023,Tim Elliott,Muhammad Mokaev,Muhammad Mokaev,-,-
ufc-294,Oct 21 2023,Mohammad Yahya,Trevor Peek,Trevor Peek,-,-
ufc-294,Oct 21 2023,Javid Basharat,Victor Henry,,-,-
ufc-294,Oct 21 2023,Abu Azaitar,Sedriques Dumas,Sedriques Dumas,-,-
ufc-294,Oct 21 2023,Mike Breeden,Anshul Jubli,Mike Breeden,-,-
ufc-294,Oct 21 2023,Nathaniel Wood,Muhammad Naimov,Muhammad Naimov,-310,+250
ufc-294,Oct 21 2023,Viktoriia Dudakova,Jinh Yu Frey,Viktoriia Dudakova,-,-
ufc-294,Oct 21 2023,Shara Magomedov,Bruno Silva,Shara Magomedov,-,-
ufc-fight-night-november-04-2023,Nov 4 2023,Jailton Almeida,Derrick Lewis,Jailton Almeida,-485,+370
ufc-fight-night-november-04-2023,Nov 4 2023,Gabriel Bonfim,Nicolas Dalby,Nicolas Dalby,-625,+455
ufc-fight-night-november-04-2023,Nov 4 2023,Rodrigo Nascimento,Don'Tale Mayes,Rodrigo Nascimento,-205,+164
ufc-fight-night-november-04-2023,Nov 4 2023,Caio Borralho,Abus Magomedov,Caio Borralho,-290,+235
ufc-fight-night-november-04-2023,Nov 4 2023,Elves Brener,Kaynan Kruschewsky,Elves Brener,-218,+180
ufc-fight-night-november-04-2023,Nov 4 2023,Rinat Fakhretdinov,Elizeu Zaleski dos Santos,draw/no contest,-340,+270
ufc-fight-night-november-04-2023,Nov 4 2023,Vitor Petrino,Modestas Bukauskas,Vitor Petrino,-245,+200
ufc-fight-night-november-04-2023,Nov 4 2023,Angela Hill,Denise Gomes,Angela Hill,+114,-135
ufc-fight-night-november-04-2023,Nov 4 2023,Eduarda Moura,Montserrat Ruiz,Eduarda Moura,-625,+455
ufc-fight-night-november-04-2023,Nov 4 2023,Kauê Fernandes,Marc Diakiese,Marc Diakiese,+160,-192
ufc-295,Nov 11 2023,Jiří Procházka,Alex Pereira,Alex Pereira,+102,-122
ufc-295,Nov 11 2023,Sergei Pavlovich,Tom Aspinall,Tom Aspinall,-,-
ufc-295,Nov 11 2023,Jéssica Andrade,Mackenzie Dern,Jéssica Andrade,-,-
ufc-295,Nov 11 2023,Matt Frevola,Benoît Saint Denis,Benoît Saint Denis,+185,-225
ufc-295,Nov 11 2023,Diego Lopes,Pat Sabatini,Diego Lopes,+100,-120
ufc-295,Nov 11 2023,Steve Erceg,Alessandro Costa,Steve Erceg,-,-
ufc-295,Nov 11 2023,Tabatha Ricci,Loopy Godinez,Loopy Godinez,+142,-170
ufc-295,Nov 11 2023,Mateusz Rębecki,Roosevelt Roberts,Mateusz Rębecki,-650,+470
ufc-295,Nov 11 2023,Nazim Sadykhov,Viacheslav Borshchev,draw/no contest,-120,+100
ufc-295,Nov 11 2023,Jared Gordon,Mark Madsen,Jared Gordon,-198,+164
ufc-295,Nov 11 2023,John Castaneda,Kyung Ho Kang,John Castaneda,-135,+114
ufc-295,Nov 11 2023,Joshua Van,Kevin Borjas,Joshua Van,-,-
ufc-295,Nov 11 2023,Dennis Buzukja,Jamall Emmers,Jamall Emmers,+210,-258
ufc-fight-night-november-18-2023,Nov 18 2023,Brendan Allen,Paul Craig,Brendan Allen,-440,+340
ufc-fight-night-november-18-2023,Nov 18 2023,Michael Morales,Jake Matthews,Michael Morales,-325,+260
ufc-fight-night-november-18-2023,Nov 18 2023,Chase Hooper,Jordan Leavitt,Chase Hooper,-198,+164
ufc-fight-night-november-18-2023,Nov 18 2023,Payton Talbott,Nick Aguirre,Payton Talbott,-700,+500
ufc-fight-night-november-18-2023,Nov 18 2023,Luana Pinheiro,Amanda Ribas,Amanda Ribas,+195,-238
ufc-fight-night-november-18-2023,Nov 18 2023,Uroš Medić,Myktybek Orolbai,Myktybek Orolbai,+200,-245
ufc-fight-night-november-18-2023,Nov 18 2023,Jonathan Pearce,Joanderson Brito,Joanderson Brito,-130,+110
ufc-fight-night-november-18-2023,Nov 18 2023,Chad Anheliger,Jose Johnson,Jose Johnson,+164,-198
ufc-fight-night-november-18-2023,Nov 18 2023,Christian Leroy Duncan,Denis Tiuliulin,Christian Leroy Duncan,-,-
ufc-fight-night-november-18-2023,Nov 18 2023,Mick Parkin,Caio Machado,Mick Parkin,-375,+295
ufc-fight-night-november-18-2023,Nov 18 2023,Jeka Saragih,Lucas Alexander,Jeka Saragih,+390,-520
ufc-fight-night-november-18-2023,Nov 18 2023,Lucie Pudilova,Ailin Perez,Ailin Perez,+154,-185
ufc-fight-night-november-18-2023,Nov 18 2023,Trey Ogden,Nikolas Motta,,+114,-135
ufc-fight-night-november-18-2023,Nov 18 2023,Charles Johnson,Rafael Estevam,Rafael Estevam,+124,-148
ufc-fight-night-december-02-2023,Dec 2 2023,Beneil Dariush,Arman Tsarukyan,Arman Tsarukyan,+240,-298
ufc-fight-night-december-02-2023,Dec 2 2023,Jalin Turner,Bobby Green,Jalin Turner,-155,+130
ufc-fight-night-december-02-2023,Dec 2 2023,Rob Font,Deiveson Figueiredo,Deiveson Figueiredo,-130,+110
ufc-fight-night-december-02-2023,Dec 2 2023,Sean Brady,Kelvin Gastelum,Sean Brady,-122,+102
ufc-fight-night-december-02-2023,Dec 2 2023,Clay Guida,Joaquim Silva,Joaquim Silva,+250,-310
ufc-fight-night-december-02-2023,Dec 2 2023,Punahele Soriano,Dustin Stoltzfus,Dustin Stoltzfus,-310,+260
ufc-fight-night-december-02-2023,Dec 2 2023,Miesha Tate,Julia Avila,Miesha Tate,+114,-135
ufc-fight-night-december-02-2023,Dec 2 2023,Zachary Reese,Cody Brundage,Cody Brundage,-225,+185
ufc-fight-night-december-02-2023,Dec 2 2023,Drakkar Klose,Joe Solecki,Drakkar Klose,-135,+114
ufc-fight-night-december-02-2023,Dec 2 2023,Rodolfo Bellato,Ihor Potieria,Rodolfo Bellato,-425,+330
ufc-fight-night-december-02-2023,Dec 2 2023,Wellington Turman,Jared Gooden,Jared Gooden,-205,+170
ufc-fight-night-december-02-2023,Dec 2 2023,Veronica Hardy,Jamey-Lyn Horth,Veronica Hardy,+154,-185
ufc-fight-night-december-09-2023,Dec 9 2023,Song Yadong,Chris Gutierrez,Song Yadong,-380,+300
ufc-fight-night-december-09-2023,Dec 9 2023,Anthony Smith,Khalil Rountree Jr.,Khalil Rountree Jr.,+170,-205
ufc-fight-night-december-09-2023,Dec 9 2023,Nasrat Haqparast,Jamie Mullarkey,Nasrat Haqparast,-192,+160
ufc-fight-night-december-09-2023,Dec 9 2023,Tim Elliott,Sumudaerji,Tim Elliott,-,-
ufc-fight-night-december-09-2023,Dec 9 2023,Junyong Park,Andre Muniz,Andre Muniz,-170,+142
ufc-fight-night-december-09-2023,Dec 9 2023,Song Kenan,Kevin Jousset,Kevin Jousset,+130,-155
ufc-fight-night-december-09-2023,Dec 9 2023,HyunSung Park,Shannon Ross,HyunSung Park,-600,+440
ufc-fight-night-december-09-2023,Dec 9 2023,Steve Garcia,Melquizael Costa,Steve Garcia,+215,-265
ufc-fight-night-december-09-2023,Dec 9 2023,Luana Santos,Stephanie Egger,Luana Santos,-155,+130
ufc-fight-night-december-09-2023,Dec 9 2023,Tatsuro Taira,Carlos Hernandez,Tatsuro Taira,-575,+425
ufc-fight-night-december-09-2023,Dec 9 2023,Rayanne Amanda,Talita Alencar,Talita Alencar,-166,+140
ufc-296,Dec 16 2023,Leon Edwards,Colby Covington,Leon Edwards,-162,+136
ufc-296,Dec 16 2023,Alexandre Pantoja,Brandon Royval,Alexandre Pantoja,-192,+160
ufc-296,Dec 16 2023,Shavkat Rakhmonov,Stephen Thompson,Shavkat Rakhmonov,-625,+455
ufc-296,Dec 16 2023,Tony Ferguson,Paddy Pimblett,Paddy Pimblett,+250,-310
ufc-296,Dec 16 2023,Josh Emmett,Bryce Mitchell,Josh Emmett,+195,-238
ufc-296,Dec 16 2023,Alonzo Menifield,Dustin Jacoby,Alonzo Menifield,+220,-270
ufc-296,Dec 16 2023,Irene Aldana,Karol Rosa,Irene Aldana,-180,+150
ufc-296,Dec 16 2023,Cody Garbrandt,Brian Kelleher,Cody Garbrandt,-192,+160
ufc-296,Dec 16 2023,Casey O'Neill,Ariane Lipski,Ariane Lipski,-198,+164
ufc-296,Dec 16 2023,Tagir Ulanbekov,Cody Durden,Tagir Ulanbekov,-192,+160
ufc-296,Dec 16 2023,Andre Fili,Lucas Almeida,Andre Fili,-166,+140
ufc-296,Dec 16 2023,Martin Buday,Shamil Gaziev,Shamil Gaziev,-120,+100
ufc-fight-night-august-29-2026,May 30 2026,Sumudaerji,Alex Perez,draw/no contest,-,-
ufc-fight-night-july-18-2026,Jul 18 2026,Dricus Du Plessis,Kamaru Usman,Dricus Du Plessis,-194,+186
ufc-fight-night-july-18-2026,Jul 18 2026,Jared Cannonier,Christian Leroy Duncan,Christian Leroy Duncan,+300,-317
ufc-fight-night-july-18-2026,Jul 18 2026,Chase Hooper,Mitch Ramirez,Chase Hooper,-317,+300
ufc-fight-night-july-18-2026,Jul 18 2026,Tabatha Ricci,Fatima Kline,Fatima Kline,+350,-500
ufc-fight-night-july-18-2026,Jul 18 2026,Tommy McMillen,Alberto Montes,Tommy McMillen,-194,+186
ufc-fight-night-july-18-2026,Jul 18 2026,Jean-Paul Lebosnoyani,Seokhyeon Ko,Jean-Paul Lebosnoyani,+163,-170
ufc-fight-night-july-18-2026,Jul 18 2026,Levi Rodrigues Jr.,Felipe Franco,Felipe Franco,-150,+138
ufc-fight-night-july-18-2026,Jul 18 2026,Alden Coria,Stewart Nicoll,Alden Coria,-355,+270
ufc-fight-night-july-18-2026,Jul 18 2026,RJ Harris,Alvin Hines,RJ Harris,-108,+104
ufc-fight-night-july-18-2026,Jul 18 2026,Anna Melisano,Dione Barbosa,Dione Barbosa,+425,-650
ufc-329,Jul 11 2026,Conor McGregor,Max Holloway,Max Holloway,+257,-270
ufc-329,Jul 11 2026,Benoît Saint Denis,Paddy Pimblett,Paddy Pimblett,-130,+110
ufc-329,Jul 11 2026,Cory Sandhagen,Mario Bautista,Mario Bautista,-133,+127
ufc-329,Jul 11 2026,Brandon Royval,Lone’er Kavanagh,Brandon Royval,+205,-250
ufc-329,Jul 11 2026,King Green,Terrance McKinney,King Green,-120,+100
ufc-329,Jul 11 2026,Nikita Krylov,Robert Whittaker,Robert Whittaker,+108,-117
ufc-329,Jul 11 2026,Gable Steveson,Elisha Ellison,Gable Steveson,-900,+733
ufc-329,Jul 11 2026,Cody Garbrandt,Adrian Yanez,Adrian Yanez,+317,-355
ufc-329,Jul 11 2026,Luke Riley,Kai Kamaka III,Luke Riley,-233,+223
ufc-329,Jul 11 2026,Tracy Cortez,Wang Cong,Wang Cong,+100,-120
ufc-329,Jul 11 2026,Damian Pinas,Cesar Almeida,Damian Pinas,-245,+233
ufc-329,Jul 11 2026,Farid Basharat,John Garza,Farid Basharat,-163,+150
ufc-329,Jul 11 2026,Alessandro Costa,Cody Durden,Alessandro Costa,-525,+456
ufc-fight-night-june-27-2026,Jun 27 2026,Rafael Fiziev,Manuel Torres,Rafael Fiziev,+100,-108
ufc-fight-night-june-27-2026,Jun 27 2026,Shara Magomedov,Michel Pereira,Shara Magomedov,-317,+300
ufc-fight-night-june-27-2026,Jun 27 2026,Nazim Sadykhov,Matheus Camilo,Matheus Camilo,-170,+163
ufc-fight-night-june-27-2026,Jun 27 2026,Asu Almabayev,Charles Johnson,Asu Almabayev,-270,+257
ufc-fight-night-june-27-2026,Jun 27 2026,Ikram Aliskerov,Brunno Ferreira,Ikram Aliskerov,-257,+233
ufc-fight-night-june-27-2026,Jun 27 2026,Abus Magomedov,Michal Oleksiejczuk,Abus Magomedov,+113,-117
ufc-fight-night-june-27-2026,Jun 27 2026,Farman Hasanov,Eric Nolan,Farman Hasanov,-150,+144
ufc-fight-night-june-27-2026,Jun 27 2026,Abdul Rakhman Yakhyaev,Julius Walker,Abdul Rakhman Yakhyaev,-567,+488
ufc-fight-night-june-27-2026,Jun 27 2026,Nursulton Ruziboev,Andrey Pulyaev,Nursulton Ruziboev,-178,+170
ufc-fight-night-june-27-2026,Jun 27 2026,Kaan Ofli,Javier Reyes,Kaan Ofli,+212,-223
ufc-fight-night-june-27-2026,Jun 27 2026,Daniil Donchenko,Theodor Berggren,Daniil Donchenko,-488,+456
ufc-fight-night-june-27-2026,Jun 27 2026,Bekzat Almakhan,Jean Matsumoto,Jean Matsumoto,+100,-104
ufc-fight-night-june-27-2026,Jun 27 2026,Tahir Abdullayev,Jefferson Nascimento,Tahir Abdullayev,-335,+285
ufc-fight-night-june-20-2026,Jun 20 2026,Manel Kape,Kyoji Horiguchi,Manel Kape,-150,+138
ufc-fight-night-june-20-2026,Jun 20 2026,Ion Cutelaba,Navajo Stirling,Navajo Stirling,+285,-317
ufc-fight-night-june-20-2026,Jun 20 2026,Hyder Amil,Christian Rodriguez,Christian Rodriguez,+186,-203
ufc-fight-night-june-20-2026,Jun 20 2026,Melsik Baghdasaryan,Murtazali Magomedov,Murtazali Magomedov,+376,-426
ufc-fight-night-june-20-2026,Jun 20 2026,Vinicius Oliveira,Andre Fili,Vinicius Oliveira,-245,+233
ufc-fight-night-june-20-2026,Jun 20 2026,Andre Lima,Kevin Borjas,Kevin Borjas,-525,+488
ufc-fight-night-june-20-2026,Jun 20 2026,Bia Mesquita,Melissa Mullins,Bia Mesquita,-650,+425
ufc-fight-night-june-20-2026,Jun 20 2026,Allan Nascimento,Mitch Raposo,Mitch Raposo,-144,+127
ufc-fight-night-june-20-2026,Jun 20 2026,Gaston Bolanos,Michael Aswell Jr.,Gaston Bolanos,+335,-355
ufc-fight-night-june-20-2026,Jun 20 2026,Leon Shahbazyan,Levan Chokheli,Levan Chokheli,+335,-355
ufc-fight-night-june-20-2026,Jun 20 2026,Karol Rosa,Luana Santos,Luana Santos,-115,-110
ufc-fight-night-june-20-2026,Jun 20 2026,Shane Collins,Otari Tanzilovi,Shane Collins,+180,-215
ufc-freedom-250,Jun 14 2026,Ilia Topuria,Justin Gaethje,Justin Gaethje,-376,+355
ufc-freedom-250,Jun 14 2026,Alex Pereira,Ciryl Gane,Ciryl Gane,-104,+100
ufc-freedom-250,Jun 14 2026,Sean O'Malley,Aiemann Zahabi,Sean O'Malley,-355,+335
ufc-freedom-250,Jun 14 2026,Josh Hokit,Derrick Lewis,Josh Hokit,-376,+355
ufc-freedom-250,Jun 14 2026,Mauricio Ruffy,Michael Chandler,Mauricio Ruffy,-426,+426
ufc-freedom-250,Jun 14 2026,Bo Nickal,Kyle Daukaus,Bo Nickal,-300,+285
ufc-freedom-250,Jun 14 2026,Diego Lopes,Steve Garcia,Diego Lopes,-203,+178
ufc-fight-night-june-06-2026,Jun 06 2026,Belal Muhammad,Gabriel Bonfim,Gabriel Bonfim,-104,+100
ufc-fight-night-june-06-2026,Jun 06 2026,Brendan Allen,Edmen Shahbazyan,Brendan Allen,-156,+156
ufc-fight-night-june-06-2026,Jun 06 2026,Farès Ziam,Tom Nolan,Tom Nolan,-340,+250
ufc-fight-night-june-06-2026,Jun 06 2026,Bryce Mitchell,Santiago Luna,Bryce Mitchell,-113,+108
ufc-fight-night-june-06-2026,Jun 06 2026,Iwo Baraniewski,Junior Tafa,Iwo Baraniewski,-376,+355
ufc-fight-night-june-06-2026,Jun 06 2026,Matt Schnell,Alessandro Costa,Alessandro Costa,+335,-376
ufc-fight-night-june-06-2026,Jun 06 2026,Marcus McGhee,John Yannis,Marcus McGhee,-355,+335
ufc-fight-night-june-06-2026,Jun 06 2026,Bruno Silva,Edgar Chairez,Edgar Chairez,-108,+108
ufc-fight-night-june-06-2026,Jun 06 2026,Priscila Cachoeira,Chelsea Chandler,Chelsea Chandler,+105,-125
ufc-fight-night-june-06-2026,Jun 06 2026,Jordan Leavitt,Joanderson Brito,Joanderson Brito,+138,-150
ufc-fight-night-june-06-2026,Jun 06 2026,Jeisla Chaves,Yuneisy Duben,Jeisla Chaves,-280,+210
ufc-fight-night-june-06-2026,Jun 06 2026,Ketlen Souza,Ariane Carnelossi,Ketlen Souza,-330,+240
ufc-fight-night-may-30-2026,May 30 2026,Song Yadong,Deiveson Figueiredo,Song Yadong,-488,+426
ufc-fight-night-may-30-2026,May 30 2026,Zhang Mingyang,Alonzo Menifield,Alonzo Menifield,-233,+223
ufc-fight-night-may-30-2026,May 30 2026,Sergei Pavlovich,Tallison Teixeira,Sergei Pavlovich,-525,+456
ufc-fight-night-may-30-2026,May 30 2026,Kai Asakura,Cameron Smotherman,Kai Asakura,-270,+257
ufc-fight-night-may-30-2026,May 30 2026,Jake Matthews,Carlston Harris,Jake Matthews,-456,+426
ufc-fight-night-may-30-2026,May 30 2026,YiSak Lee,Luis Felipe Dias,Luis Felipe Dias,+163,-170
ufc-fight-night-may-30-2026,May 30 2026,Ding Meng,José Souza,Jose Souza,-120,+100
ufc-fight-night-may-30-2026,May 30 2026,Aoriqileng,Cody Haddon,Cody Haddon,+376,-376
ufc-fight-night-may-30-2026,May 30 2026,Rei Tsuruya,Luis Gurule,Rei Tsuruya,-355,+335
ufc-fight-night-may-30-2026,May 30 2026,Angela Hill,Xiong Jingnan,Angela Hill,+160,-210
ufc-fight-night-may-30-2026,May 30 2026,Zhu Kangjie,Rodrigo Vera,Rodrigo Vera,+100,-104
ufc-fight-night-may-30-2026,May 30 2026,Loma Lookboonmee,Jaqueline Amorim,Jaqueline Amorim,+102,-130
ufc-fight-night-may-16-2026,May 16 2026,Arnold Allen,Melquizael Costa,Arnold Allen,-126,+108
ufc-fight-night-may-16-2026,May 16 2026,Dooho Choi,Daniel Santos,Dooho Choi,+148,-176
ufc-fight-night-may-16-2026,May 16 2026,Malcolm Wellmaker,Juan Diaz,Juan Diaz,-245,+200
ufc-fight-night-may-16-2026,May 16 2026,Modestas Bukauskas,Christian Edwards,Modestas Bukauskas,-320,+260
ufc-fight-night-may-16-2026,May 16 2026,Timmy Cuamba,Benardo Sopaj,Benardo Sopaj,+116,-136
ufc-fight-night-may-16-2026,May 16 2026,Nikolay Veretennikov,Khaos Williams,Khaos Williams,+100,-118
ufc-fight-night-may-16-2026,May 16 2026,Tuco Tokkos,Ivan Erslan,Ivan Erslan,+142,-168
ufc-fight-night-may-16-2026,May 16 2026,Tommy Gantt,Artur Minev,Tommy Gantt,-198,+166
ufc-fight-night-may-16-2026,May 16 2026,Ketlen Vieira,Jacqueline Cavalcanti,Ketlen Vieira,+125,-160
ufc-fight-night-may-16-2026,May 16 2026,Cody Brundage,Andre Petroski,Cody Brundage,+130,-154
ufc-fight-night-may-16-2026,May 16 2026,Alice Ardelean,Polyana Viana,Alice Ardelean,-200,+155
ufc-fight-night-may-16-2026,May 16 2026,Daniel Barez,Luis Gurule,Luis Gurule,+136,-162
ufc-fight-night-may-16-2026,May 16 2026,Shauna Bannon,Nicolle Caliari,Nicolle Caliari,+230,-310
ufc-328,May 09 2026,Khamzat Chimaev,Sean Strickland,Sean Strickland,-590,+430
ufc-328,May 09 2026,Joshua Van,Tatsuro Taira,Joshua Van,+142,-168
ufc-328,May 09 2026,Alexander Volkov,Waldo Cortes Acosta,Alexander Volkov,-146,+124
ufc-328,May 09 2026,Sean Brady,Joaquin Buckley,Sean Brady,-174,+146
ufc-328,May 09 2026,King Green,Jeremy Stephens,King Green,-450,+350
ufc-328,May 09 2026,Ateba Gautier,Ozzy Diaz,Ateba Gautier,-1200,+750
ufc-328,May 09 2026,Joel Álvarez,Yaroslav Amosov,Yaroslav Amosov,+150,-180
ufc-328,May 09 2026,Grant Dawson,Mateusz Rębecki,Grant Dawson,-148,+124
ufc-328,May 09 2026,Jim Miller,Jared Gordon,Jim Miller,+235,-290
ufc-328,May 09 2026,Roman Kopylov,Marco Tulio,Roman Kopylov,+162,-194
ufc-328,May 09 2026,Pat Sabatini,William Gomis,Pat Sabatini,-176,+148
ufc-328,May 09 2026,Baisangur Susurkaev,Djorden Santos,Baisangur Susurkaev,-670,+490
ufc-328,May 09 2026,Clayton Carpenter,Jose Ochoa,Jose Ochoa,+152,-180
ufc-fight-night-may-02-2026,May 02 2026,Jack Della Maddalena,Carlos Prates,Carlos Prates,-102,-116
ufc-fight-night-may-02-2026,May 02 2026,Beneil Dariush,Quillan Salkilld,Quillan Salkilld,+310,-400
ufc-fight-night-may-02-2026,May 02 2026,Tim Elliott,Steve Erceg,Steve Erceg,+152,-180
ufc-fight-night-may-02-2026,May 02 2026,Marwan Rahiki,Ollie Schmid,Marwan Rahiki,-720,+520
ufc-fight-night-may-02-2026,May 02 2026,Shamil Gaziev,Brando Peričić,Brando Pericic,-112,-112
ufc-fight-night-may-02-2026,May 02 2026,Tai Tuivasa,Louie Sutherland,Louie Sutherland,-215,+180
ufc-fight-night-may-02-2026,May 02 2026,Cam Rowston,Robert Bryczek,Cam Rowston,-178,+150
ufc-fight-night-may-02-2026,May 02 2026,Junior Tafa,Kevin Christian,Junior Tafa,-220,+184
ufc-fight-night-may-02-2026,May 02 2026,Jacob Malkoun,Gerald Meerschaert,Jacob Malkoun,-1150,+730
ufc-fight-night-may-02-2026,May 02 2026,Colby Thicknesse,Vince Morales,Colby Thicknesse,-142,+118
ufc-fight-night-may-02-2026,May 02 2026,Ben Johnston,Wes Schultz,Wes Schultz,-152,+128
ufc-fight-night-may-02-2026,May 02 2026,Jonathan Micallef,Themba Gorimbo,Jonathan Micallef,-215,+180
ufc-fight-night-may-02-2026,May 02 2026,Dom Mar Fan,Kody Steele,Kody Steele,+126,-148
ufc-fight-night-april-25-2026,Apr 25 2026,Aljamain Sterling,Youssef Zalal,Aljamain Sterling,+114,-134
ufc-fight-night-april-25-2026,Apr 25 2026,Norma Dumont,Joselyne Edwards,Joselyne Edwards,-220,+170
ufc-fight-night-april-25-2026,Apr 25 2026,Rafa Garcia,Alexander Hernandez,Rafa Garcia,-102,-116
ufc-fight-night-april-25-2026,Apr 25 2026,Davey Grant,Adrián Luna Martinetti,Davey Grant,-120,-105
ufc-fight-night-april-25-2026,Apr 25 2026,Montel Jackson,Raoni Barcelos,Raoni Barcelos,-196,+164
ufc-fight-night-april-25-2026,Apr 25 2026,Marcus Buchecha,Ryan Spann,Ryan Spann,-162,+136
ufc-fight-night-april-25-2026,Apr 25 2026,Rodolfo Vieira,Eric McConico,Eric McConico,-300,+245
ufc-fight-night-april-25-2026,Apr 25 2026,Jackson McVey,Sedriques Dumas,Jackson McVey,-186,+156
ufc-fight-night-april-25-2026,Apr 25 2026,Mayra Bueno Silva,Michelle Montague,Michelle Montague,+350,-500
ufc-fight-night-april-25-2026,Apr 25 2026,Jafel Filho,Cody Durden,Cody Durden,-650,+480
ufc-fight-night-april-25-2026,Apr 25 2026,Francis Marshall,Lucas Brennan,Francis Marshall,-520,+390
ufc-fight-night-april-25-2026,Apr 25 2026,Max Griffin,Victor Valenzuela,Victor Valenzuela,+108,-126
ufc-fight-night-april-25-2026,Apr 25 2026,Talita Alencar,Julia Polastri,Talita Alencar,+195,-260
ufc-fight-night-april-18-2026,Apr 18 2026,Gilbert Burns,Mike Malott,Mike Malott,+235,-290
ufc-fight-night-april-18-2026,Apr 18 2026,Kyler Phillips,Charles Jourdain,Charles Jourdain,+118,-138
ufc-fight-night-april-18-2026,Apr 18 2026,Mandel Nallo,Jai Herbert,Jai Herbert,-172,+144
ufc-fight-night-april-18-2026,Apr 18 2026,Jasmine Jasudavicius,Karine Silva,Jasmine Jasudavicius,-,-
ufc-fight-night-april-18-2026,Apr 18 2026,Thiago Moisés,Gauge Young,Gauge Young,-,-
ufc-fight-night-april-18-2026,Apr 18 2026,Dennis Buzukja,Marcio Barbosa,Marcio Barbosa,+315,-400
ufc-fight-night-april-18-2026,Apr 18 2026,Julien Leblanc,Robert Valentin,Robert Valentin,+142,-168
ufc-fight-night-april-18-2026,Apr 18 2026,Tanner Boser,Gokhan Saricam,Gokhan Saricam,+128,-152
ufc-fight-night-april-18-2026,Apr 18 2026,Melissa Croden,Daria Zhelezniakova,Melissa Croden,-,-
ufc-fight-night-april-18-2026,Apr 18 2026,JJ Aldrich,Jamey-Lyn Horth,JJ Aldrich,-,-
ufc-fight-night-april-18-2026,Apr 18 2026,John Castaneda,Mark Vologdin,draw/no contest,-,-
ufc-fight-night-april-18-2026,Apr 18 2026,Jamie Siraj,John Yannis,John Yannis,-260,+215
ufc-327,Apr 11 2026,Jiří Procházka,Carlos Ulberg,Carlos Ulberg,-,-
ufc-327,Apr 11 2026,Azamat Murzakanov,Paulo Costa,Paulo Costa,-230,+190
ufc-327,Apr 11 2026,Curtis Blaydes,Josh Hokit,Josh Hokit,-108,-108
ufc-327,Apr 11 2026,Dominick Reyes,Johnny Walker,Dominick Reyes,-168,+142
ufc-327,Apr 11 2026,Cub Swanson,Nate Landwehr,Cub Swanson,-116,-102
ufc-327,Apr 11 2026,Patricio Pitbull,Aaron Pico,Aaron Pico,+220,-270
ufc-327,Apr 11 2026,Kevin Holland,Randy Brown,Kevin Holland,-120,+102
ufc-327,Apr 11 2026,Mateusz Gamrot,Esteban Ribovics,Mateusz Gamrot,-220,+184
ufc-327,Apr 11 2026,Tatiana Suarez,Loopy Godinez,Tatiana Suarez,-,-
ufc-327,Apr 11 2026,Chris Padilla,MarQuel Mederos,draw/no contest,-,-
ufc-327,Apr 11 2026,Kelvin Gastelum,Vicente Luque,Vicente Luque,-270,+220
ufc-327,Apr 11 2026,Charles Radtke,Francisco Prado,Charles Radtke,-178,+150
ufc-fight-night-april-04-2026,Apr 04 2026,Renato Moicano,Chris Duncan,Renato Moicano,+126,-148
ufc-fight-night-april-04-2026,Apr 04 2026,Virna Jandiroba,Tabatha Ricci,Virna Jandiroba,-,-
ufc-fight-night-april-04-2026,Apr 04 2026,Abdul Rakhman Yakhyaev,Brendson Ribeiro,Abdul Rakhman Yakhyaev,-1800,+980
ufc-fight-night-april-04-2026,Apr 04 2026,Ethyn Ewing,Rafael Estevam,Ethyn Ewing,-142,+120
ufc-fight-night-april-04-2026,Apr 04 2026,Tommy McMillen,Manolo Zecchini,Tommy McMillen,-1350,+810
ufc-fight-night-april-04-2026,Apr 04 2026,Jose Delano,Robert Ruchala,Jose Delano,-300,+245
ufc-fight-night-april-04-2026,Apr 04 2026,Guilherme Pat,Thomas Petersen,Thomas Petersen,+100,-118
ufc-fight-night-april-04-2026,Apr 04 2026,Alessandro Costa,Stewart Nicoll,Alessandro Costa,-430,+340
ufc-fight-night-april-04-2026,Apr 04 2026,Lando Vannata,Darrius Flowers,Darrius Flowers,-225,+188
ufc-fight-night-april-04-2026,Apr 04 2026,Alice Pereira,Hailey Cowan,Alice Pereira,-,-
ufc-fight-night-april-04-2026,Apr 04 2026,Azamat Bekoev,Tresean Gore,Tresean Gore,-650,+480
ufc-fight-night-april-04-2026,Apr 04 2026,Dione Barbosa,Melissa Gatto,Dione Barbosa,-,-
ufc-fight-night-april-04-2026,Apr 04 2026,Kai Kamaka III,Dakota Hope,Kai Kamaka III,-154,+130
ufc-fight-night-march-28-2026,Mar 28 2026,Israel Adesanya,Joe Pyfer,Joe Pyfer,-146,+124
ufc-fight-night-march-28-2026,Mar 28 2026,Michael Chiesa,Niko Price,Michael Chiesa,-720,+520
ufc-fight-night-march-28-2026,Mar 28 2026,Julian Erosa,Lerryan Douglas,Lerryan Douglas,+260,-320
ufc-fight-night-march-28-2026,Mar 28 2026,Mansur Abdul-Malik,Yousri Belgaroui,Yousri Belgaroui,-134,+114
ufc-fight-night-march-28-2026,Mar 28 2026,Terrance McKinney,Kyle Nelson,Terrance McKinney,-180,+152
ufc-fight-night-march-28-2026,Mar 28 2026,Ignacio Bahamondes,Tofiq Musayev,Tofiq Musayev,-310,+250
ufc-fight-night-march-28-2026,Mar 28 2026,Chase Hooper,Lance Gibson Jr.,Lance Gibson Jr.,-310,+250
ufc-fight-night-march-28-2026,Mar 28 2026,Marcin Tybura,Tyrell Fortune,Tyrell Fortune,+120,-142
ufc-fight-night-march-28-2026,Mar 28 2026,Casey O'Neill,Gabriella Fernandes,Casey O'Neill,-,-
ufc-fight-night-march-28-2026,Mar 28 2026,Navajo Stirling,Bruno Lopes,Navajo Stirling,-590,+430
ufc-fight-night-march-28-2026,Mar 28 2026,Ricky Simon,Adrian Yanez,draw/no contest,-,-
ufc-fight-night-march-28-2026,Mar 28 2026,Alexia Thainara,Bruna Brasil,Alexia Thainara,-,-
ufc-fight-night-march-21-2026,Mar 21 2026,Movsar Evloev,Lerone Murphy,Movsar Evloev,-240,+198
ufc-fight-night-march-21-2026,Mar 21 2026,Luke Riley,Michael Aswell Jr.,Luke Riley,-205,+172
ufc-fight-night-march-21-2026,Mar 21 2026,Iwo Baraniewski,Austen Lane,Iwo Baraniewski,-590,+430
ufc-fight-night-march-21-2026,Mar 21 2026,Roman Dolidze,Christian Leroy Duncan,Christian Leroy Duncan,+350,-450
ufc-fight-night-march-21-2026,Mar 21 2026,Kurtis Campbell,Danny Silva,Danny Silva,-225,+188
ufc-fight-night-march-21-2026,Mar 21 2026,Mason Jones,Axel Sola,Mason Jones,-142,+120
ufc-fight-night-march-21-2026,Mar 21 2026,Nathaniel Wood,Losene Keita,Nathaniel Wood,+235,-290
ufc-fight-night-march-21-2026,Mar 21 2026,Mario Pinto,Felipe Franco,Mario Pinto,-850,+590
ufc-fight-night-march-21-2026,Mar 21 2026,Mantas Kondratavičius,Antonio Trocoli,Mantas Kondratavicius,-,-
ufc-fight-night-march-21-2026,Mar 21 2026,Louie Sutherland,Brando Peričić,Brando Pericic,-,-
ufc-fight-night-march-21-2026,Mar 21 2026,Shem Rock,Abdul-Kareem Al-Selwady,Abdul-Kareem Al-Selwady,-124,+106
ufc-fight-night-march-21-2026,Mar 21 2026,Shanelle Dyer,Ravena Oliveira,Shanelle Dyer,-,-
ufc-fight-night-march-14-2026,Mar 14 2026,Josh Emmett,Kevin Vallejos,Kevin Vallejos,+410,-550
ufc-fight-night-march-14-2026,Mar 14 2026,Amanda Lemos,Gillian Robertson,Gillian Robertson,-,-
ufc-fight-night-march-14-2026,Mar 14 2026,Marwan Rahiki,Harry Hardwick,Marwan Rahiki,-260,+215
ufc-fight-night-march-14-2026,Mar 14 2026,Ion Cutelaba,Oumar Sy,Ion Cutelaba,+230,-280
ufc-fight-night-march-14-2026,Mar 14 2026,Charles Johnson,Bruno Silva,Charles Johnson,-174,+146
ufc-fight-night-march-14-2026,Mar 14 2026,Chris Curtis,Myktybek Orolbai,Myktybek Orolbai,+265,-330
ufc-fight-night-march-14-2026,Mar 14 2026,Vitor Petrino,Steven Asplund,Vitor Petrino,-230,+190
ufc-fight-night-march-14-2026,Mar 14 2026,Elijah Smith,SuYoung You,Elijah Smith,-255,+210
ufc-fight-night-march-14-2026,Mar 14 2026,Bolaji Oki,Manoel Sousa,Manoel Sousa,+225,-275
ufc-fight-night-march-14-2026,Mar 14 2026,Brad Tavares,Eryk Anders,Eryk Anders,-108,-108
ufc-fight-night-march-14-2026,Mar 14 2026,Bia Mesquita,Montse Rendon,Bia Mesquita,-,-
ufc-fight-night-march-14-2026,Mar 14 2026,Luan Lacerda,Hecher Sosa,Hecher Sosa,+200,-245
ufc-326,Mar 07 2026,Max Holloway,Charles Oliveira,Charles Oliveira,-215,+172
ufc-326,Mar 07 2026,Caio Borralho,Reinier de Ridder,Caio Borralho,-250,+205
ufc-326,Mar 07 2026,Rob Font,Raul Rosas Jr.,Raul Rosas Jr.,+205,-250
ufc-326,Mar 07 2026,Drew Dober,Michael Johnson,Drew Dober,+102,-120
ufc-326,Mar 07 2026,Cody Garbrandt,Xiao Long,Cody Garbrandt,+128,-152
ufc-326,Mar 07 2026,Donte Johnson,Cody Brundage,Donte Johnson,-770,+540
ufc-326,Mar 07 2026,Ricky Turcios,Alberto Montes,Alberto Montes,+158,-188
ufc-326,Mar 07 2026,Cody Durden,Nyamjargal Tumendemberel,Nyamjargal Tumendemberel,+136,-162
ufc-326,Mar 07 2026,Sumudaerji,Jesus Aguilar,Sumudaerji,-215,+180
ufc-326,Mar 07 2026,Rafael Tobias,Diyar Nurgozhay,Diyar Nurgozhay,-186,+156
ufc-326,Mar 07 2026,Luke Fernandez,Rodolfo Bellato,Rodolfo Bellato,-220,+184
ufc-fight-night-february-28-2026,Feb 28 2026,Brandon Moreno,Lone’er Kavanagh,Lone'er Kavanagh,-,-
ufc-fight-night-february-28-2026,Feb 28 2026,Marlon Vera,David Martinez,David Martinez,+245,-300
ufc-fight-night-february-28-2026,Feb 28 2026,Daniel Zellhuber,King Green,King Green,-,-
ufc-fight-night-february-28-2026,Feb 28 2026,Edgar Chairez,Felipe Bunes,Edgar Chairez,-300,+245
ufc-fight-night-february-28-2026,Feb 28 2026,Imanol Rodriguez,Kevin Borjas,Imanol Rodriguez,-450,+350
ufc-fight-night-february-28-2026,Feb 28 2026,Santiago Luna,Angel Pacheco,Santiago Luna,-590,+430
ufc-fight-night-february-28-2026,Feb 28 2026,Ryan Gandra,Jose Daniel Medina,Ryan Gandra,-650,+480
ufc-fight-night-february-28-2026,Feb 28 2026,Ailin Perez,Macy Chiasson,Ailin Perez,-,-
ufc-fight-night-february-28-2026,Feb 28 2026,Cristian Quiñonez,Kris Moutinho,Cristian Quinonez,-,-
ufc-fight-night-february-28-2026,Feb 28 2026,Douglas Silva de Andrade,Javier Reyes,Javier Reyes,+194,-230
ufc-fight-night-february-28-2026,Feb 28 2026,Regina Tarin,Ernesta Kareckaitė,Regina Tarin,-,-
ufc-fight-night-february-28-2026,Feb 28 2026,Erik Silva,Francis Marshall,Francis Marshall,+500,-700
ufc-fight-night-february-28-2026,Feb 28 2026,Damian Pinas,Wes Schultz,Damian Pinas,-260,+215
ufc-fight-night-february-21-2026,Feb 21 2026,Sean Strickland,Anthony Hernandez,Sean Strickland,+220,-270
ufc-fight-night-february-21-2026,Feb 21 2026,Geoff Neal,Uroš Medić,Uros Medic,-,-
ufc-fight-night-february-21-2026,Feb 21 2026,Dan Ige,Melquizael Costa,Melquizael Costa,+180,-215
ufc-fight-night-february-21-2026,Feb 21 2026,Serghei Spivac,Ante Delija,Serghei Spivac,+100,-118
ufc-fight-night-february-21-2026,Feb 21 2026,Jacobe Smith,Josiah Harrell,Jacobe Smith,-320,+260
ufc-fight-night-february-21-2026,Feb 21 2026,Chidi Njokuani,Carlos Leal,Carlos Leal,+128,-152
ufc-fight-night-february-21-2026,Feb 21 2026,Ode' Osbourne,Alibi Idiris,draw/no contest,-,-
ufc-fight-night-february-21-2026,Feb 21 2026,Alden Coria,Luis Gurule,Alden Coria,-390,+310
ufc-fight-night-february-21-2026,Feb 21 2026,Ramiz Brahimaj,Punahele Soriano,Punahele Soriano,-108,-108
ufc-fight-night-february-21-2026,Feb 21 2026,Phil Rowe,Jean-Paul Lebosnoyani,Jean-Paul Lebosnoyani,+172,-205
ufc-fight-night-february-21-2026,Feb 21 2026,Jordan Leavitt,Yadier del Valle,Jordan Leavitt,+330,-420
ufc-fight-night-february-21-2026,Feb 21 2026,Juliana Miller,Carli Judice,Carli Judice,-,-
ufc-fight-night-february-07-2026,Feb 07 2026,Mario Bautista,Vinicius Oliveira,Mario Bautista,-154,+130
ufc-fight-night-february-07-2026,Feb 07 2026,Amir Albazi,Kyoji Horiguchi,Kyoji Horiguchi,+295,-370
ufc-fight-night-february-07-2026,Feb 07 2026,Jailton Almeida,Rizvan Kuniev,Rizvan Kuniev,-154,+130
ufc-fight-night-february-07-2026,Feb 07 2026,Michal Oleksiejczuk,Marc-Andre Barriault,Michal Oleksiejczuk,-490,+380
ufc-fight-night-february-07-2026,Feb 07 2026,Jean Matsumoto,Farid Basharat,Farid Basharat,+245,-300
ufc-fight-night-february-07-2026,Feb 07 2026,Dustin Jacoby,Julius Walker,Dustin Jacoby,-178,+150
ufc-fight-night-february-07-2026,Feb 07 2026,Alex Morono,Daniil Donchenko,Daniil Donchenko,+530,-750
ufc-fight-night-february-07-2026,Feb 07 2026,Nikolay Veretennikov,Niko Price,Nikolay Veretennikov,-270,+220
ufc-fight-night-february-07-2026,Feb 07 2026,Bruna Brasil,Ketlen Souza,Ketlen Souza,-,-
ufc-fight-night-february-07-2026,Feb 07 2026,Javid Basharat,Gianni Vazquez,Javid Basharat,-770,+540
ufc-fight-night-february-07-2026,Feb 07 2026,Wang Cong,Eduarda Moura,Wang Cong,-355,+285
ufc-fight-night-february-07-2026,Feb 07 2026,Muin Gafurov,Jakub Wiklacz,Jakub Wiklacz,-134,+114
ufc-fight-night-february-07-2026,Feb 07 2026,Klaudia Sygula,Priscila Cachoeira,Klaudia Sygula,-,-
ufc-325,Jan 31 2026,Alexander Volkanovski,Diego Lopes,Alexander Volkanovski,-148,+120
ufc-325,Jan 31 2026,Dan Hooker,Benoît Saint Denis,Benoit Saint Denis,+275,-350
ufc-325,Jan 31 2026,Rafael Fiziev,Mauricio Ruffy,Mauricio Ruffy,+108,-126
ufc-325,Jan 31 2026,Tai Tuivasa,Tallison Teixeira,Tallison Teixeira,+265,-330
ufc-325,Jan 31 2026,Quillan Salkilld,Jamie Mullarkey,Quillan Salkilld,-1000,+660
ufc-325,Jan 31 2026,Junior Tafa,Billy Elekana,Billy Elekana,+210,-255
ufc-325,Jan 31 2026,Cam Rowston,Cody Brundage,Cam Rowston,-330,+265
ufc-325,Jan 31 2026,Jacob Malkoun,Torrez Finney,Jacob Malkoun,-146,+124
ufc-325,Jan 31 2026,Jonathan Micallef,Oban Elliott,Jonathan Micallef,-136,+116
ufc-325,Jan 31 2026,Kaan Ofli,Yizha,Kaan Ofli,+168,-200
ufc-325,Jan 31 2026,SangWook Kim,Dom Mar Fan,Dom Mar Fan,+125,-150
ufc-325,Jan 31 2026,Keiichiro Nakamura,Sebastian Szalay,Keiichiro Nakamura,+114,-134
ufc-325,Jan 31 2026,Sulangrangbo,Lawrence Lui,Lawrence Lui,-255,+210
ufc-324,Jan 24 2026,Justin Gaethje,Paddy Pimblett,Justin Gaethje,+184,-230
ufc-324,Jan 24 2026,Sean O'Malley,Song Yadong,Sean O'Malley,-205,+172
ufc-324,Jan 24 2026,Waldo Cortes Acosta,Derrick Lewis,Waldo Cortes Acosta,-310,+250
ufc-324,Jan 24 2026,Natalia Silva,Rose Namajunas,Natalia Silva,-400,+300
ufc-324,Jan 24 2026,Arnold Allen,Jean Silva,Jean Silva,+220,-270
ufc-324,Jan 24 2026,Umar Nurmagomedov,Deiveson Figueiredo,Umar Nurmagomedov,-1350,+810
ufc-324,Jan 24 2026,Ateba Gautier,Andrey Pulyaev,Ateba Gautier,-850,+590
ufc-324,Jan 24 2026,Nikita Krylov,Modestas Bukauskas,Nikita Krylov,+120,-142
ufc-324,Jan 24 2026,Alex Perez,Charles Johnson,Alex Perez,+154,-184
ufc-324,Jan 24 2026,Josh Hokit,Denzel Freeman,Josh Hokit,-225,+188
ufc-324,Jan 24 2026,Adam Fugitt,Ty Miller,Ty Miller,+360,-460
ufc-fight-night-december-13-2025,Dec 13 2025,Brandon Royval,Manel Kape,Manel Kape,+235,-290
ufc-fight-night-december-13-2025,Dec 13 2025,Giga Chikadze,Kevin Vallejos,Kevin Vallejos,+240,-300
ufc-fight-night-december-13-2025,Dec 13 2025,Cesar Almeida,Cezary Oleksiejczuk,Cezary Oleksiejczuk,+180,-215
ufc-fight-night-december-13-2025,Dec 13 2025,Melquizael Costa,Morgan Charriere,Melquizael Costa,-136,+116
ufc-fight-night-december-13-2025,Dec 13 2025,Kennedy Nzechukwu,Marcus Buchecha,draw/no contest,-,-
ufc-fight-night-december-13-2025,Dec 13 2025,King Green,Lance Gibson Jr.,King Green,-,-
ufc-fight-night-december-13-2025,Dec 13 2025,Joanderson Brito,Isaac Thomson,Joanderson Brito,-230,+190
ufc-fight-night-december-13-2025,Dec 13 2025,Neil Magny,Yaroslav Amosov,Yaroslav Amosov,+310,-390
ufc-fight-night-december-13-2025,Dec 13 2025,Sean Sharaf,Steven Asplund,Steven Asplund,+190,-230
ufc-fight-night-december-13-2025,Dec 13 2025,Melissa Croden,Luana Santos,Luana Santos,-,-
ufc-fight-night-december-13-2025,Dec 13 2025,Allen Frye Jr.,Guilherme Pat,Guilherme Pat,+144,-172
ufc-fight-night-december-13-2025,Dec 13 2025,Jamey-Lyn Horth,Tereza Bledá,Jamey-Lyn Horth,-,-
ufc-323,Dec 06 2025,Alexandre Pantoja,Joshua Van,Joshua Van,-240,+198
ufc-323,Dec 06 2025,Brandon Moreno,Tatsuro Taira,Tatsuro Taira,+102,-120
ufc-323,Dec 06 2025,Henry Cejudo,Payton Talbott,Payton Talbott,+220,-270
ufc-323,Dec 06 2025,Grant Dawson,Manuel Torres,Manuel Torres,-245,+200
ufc-323,Dec 06 2025,Terrance McKinney,Chris Duncan,Chris Duncan,+102,-120
ufc-323,Dec 06 2025,Maycee Barber,Karine Silva,Maycee Barber,-,-
ufc-323,Dec 06 2025,Nazim Sadykhov,Farès Ziam,Fares Ziam,+120,-142
ufc-323,Dec 06 2025,Marvin Vettori,Brunno Ferreira,Brunno Ferreira,-116,-102
ufc-323,Dec 06 2025,Edson Barboza,Jalin Turner,Jalin Turner,+295,-370
ufc-323,Dec 06 2025,Iwo Baraniewski,Ibo Aslan,Iwo Baraniewski,-186,+156
ufc-323,Dec 06 2025,Mansur Abdul-Malik,Antonio Trocoli,Mansur Abdul-Malik,-1200,+750
ufc-323,Dec 06 2025,Muhammad Naimov,Mairon Santos,Mairon Santos,+215,-260
ufc-fight-night-november-22-2025,Nov 22 2025,Arman Tsarukyan,Dan Hooker,Arman Tsarukyan,-750,+530
ufc-fight-night-november-22-2025,Nov 22 2025,Belal Muhammad,Ian Machado Garry,Ian Machado Garry,+220,-270
ufc-fight-night-november-22-2025,Nov 22 2025,Volkan Oezdemir,Alonzo Menifield,Volkan Oezdemir,-230,+190
ufc-fight-night-november-22-2025,Nov 22 2025,Jack Hermansson,Myktybek Orolbai,Myktybek Orolbai,+176,-210
ufc-fight-night-november-22-2025,Nov 22 2025,Waldo Cortes Acosta,Shamil Gaziev,Waldo Cortes Acosta,-134,+114
ufc-fight-night-november-22-2025,Nov 22 2025,Tagir Ulanbekov,Kyoji Horiguchi,Kyoji Horiguchi,-210,+176
ufc-fight-night-november-22-2025,Nov 22 2025,Bogdan Grad,Luke Riley,Luke Riley,+205,-250
ufc-fight-night-november-22-2025,Nov 22 2025,Nicolas Dalby,Saygid Izagakhmaev,Nicolas Dalby,+270,-335
ufc-fight-night-november-22-2025,Nov 22 2025,Alex Perez,Asu Almabayev,Asu Almabayev,+168,-200
ufc-fight-night-november-22-2025,Nov 22 2025,Abdul Rakhman Yakhyaev,Rafael Cerqueira,Abdul Rakhman Yakhyaev,-1600,+900
ufc-fight-night-november-22-2025,Nov 22 2025,Bekzat Almakhan,Aleksandre Topuria,Aleksandre Topuria,+102,-120
ufc-fight-night-november-22-2025,Nov 22 2025,Ismail Naurdiev,Ryan Loder,Ismail Naurdiev,-134,+114
ufc-fight-night-november-22-2025,Nov 22 2025,Nurullo Aliev,Shem Rock,Nurullo Aliev,-290,+235
ufc-fight-night-november-22-2025,Nov 22 2025,Marek Bujlo,Denzel Freeman,Denzel Freeman,+176,-210
ufc-322,Nov 15 2025,Jack Della Maddalena,Islam Makhachev,Islam Makhachev,+225,-275
ufc-322,Nov 15 2025,Valentina Shevchenko,Zhang Weili,Valentina Shevchenko,-135,+114
ufc-322,Nov 15 2025,Sean Brady,Michael Morales,Michael Morales,-142,+120
ufc-322,Nov 15 2025,Leon Edwards,Carlos Prates,Carlos Prates,+152,-180
ufc-322,Nov 15 2025,Beneil Dariush,Benoît Saint Denis,Benoit Saint Denis,+150,-180
ufc-322,Nov 15 2025,Bo Nickal,Rodolfo Vieira,Bo Nickal,-230,+190
ufc-322,Nov 15 2025,Roman Kopylov,Gregory Rodrigues,Gregory Rodrigues,+150,-178
ufc-322,Nov 15 2025,Erin Blanchfield,Tracy Cortez,Erin Blanchfield,-258,+210
ufc-322,Nov 15 2025,Malcolm Wellmaker,Ethyn Ewing,Ethyn Ewing,-460,+360
ufc-322,Nov 15 2025,Kyle Daukaus,Gerald Meerschaert,Kyle Daukaus,-460,+360
ufc-322,Nov 15 2025,Pat Sabatini,Chepe Mariscal,Pat Sabatini,-118,+100
ufc-322,Nov 15 2025,Angela Hill,Fatima Kline,Fatima Kline,+390,-520
ufc-322,Nov 15 2025,Baisangur Susurkaev,Eric McConico,Baisangur Susurkaev,-1000,+660
ufc-322,Nov 15 2025,Viacheslav Borshchev,Matheus Camilo,Matheus Camilo,+138,-164
ufc-fight-night-november-08-2025,Nov 08 2025,Gabriel Bonfim,Randy Brown,Gabriel Bonfim,-172,+144
ufc-fight-night-november-08-2025,Nov 08 2025,Matt Schnell,Joseph Morales,Joseph Morales,+350,-450
ufc-fight-night-november-08-2025,Nov 08 2025,Muslim Salikhov,Uroš Medić,Uros Medic,-,-
ufc-fight-night-november-08-2025,Nov 08 2025,Chris Padilla,Ismael Bonfim,Chris Padilla,+108,-126
ufc-fight-night-november-08-2025,Nov 08 2025,Christian Leroy Duncan,Marco Tulio,Christian Leroy Duncan,+144,-172
ufc-fight-night-november-08-2025,Nov 08 2025,Hyder Amil,Jamall Emmers,Jamall Emmers,-146,+124
ufc-fight-night-november-08-2025,Nov 08 2025,Ricky Simon,Raoni Barcelos,Raoni Barcelos,-168,+142
ufc-fight-night-november-08-2025,Nov 08 2025,Mayra Bueno Silva,Jacqueline Cavalcanti,Jacqueline Cavalcanti,-,-
ufc-fight-night-november-08-2025,Nov 08 2025,Josh Hokit,Max Gimenis,Josh Hokit,-390,+310
ufc-fight-night-november-08-2025,Nov 08 2025,Tecia Pennington,Denise Gomes,Denise Gomes,-,-
ufc-fight-night-november-08-2025,Nov 08 2025,Miles Johns,Daniel Marcos,Daniel Marcos,+160,-190
ufc-fight-night-november-01-2025,Nov 01 2025,Steve Garcia,David Onama,Steve Garcia,-134,+114
ufc-fight-night-november-01-2025,Nov 01 2025,Waldo Cortes Acosta,Ante Delija,Waldo Cortes Acosta,+110,-130
ufc-fight-night-november-01-2025,Nov 01 2025,Jeremiah Wells,Themba Gorimbo,Jeremiah Wells,+120,-142
ufc-fight-night-november-01-2025,Nov 01 2025,Isaac Dulgarian,Yadier del Valle,Yadier del Valle,-245,+200
ufc-fight-night-november-01-2025,Nov 01 2025,Charles Radtke,Daniel Frunza,Charles Radtke,-172,+144
ufc-fight-night-november-01-2025,Nov 01 2025,Allan Nascimento,Cody Durden,Allan Nascimento,-290,+235
ufc-fight-night-november-01-2025,Nov 01 2025,Billy Elekana,Kevin Christian,Billy Elekana,-260,+215
ufc-fight-night-november-01-2025,Nov 01 2025,Timmy Cuamba,ChangHo Lee,Timmy Cuamba,-108,-108
ufc-fight-night-november-01-2025,Nov 01 2025,Donte Johnson,Sedriques Dumas,Donte Johnson,-350,+280
ufc-fight-night-november-01-2025,Nov 01 2025,Ketlen Vieira,Norma Dumont,Norma Dumont,+145,-175
ufc-fight-night-november-01-2025,Nov 01 2025,Alice Ardelean,Montserrat Conejo Ruiz,Alice Ardelean,-355,+280
ufc-fight-night-november-01-2025,Nov 01 2025,Phil Rowe,Seokhyeon Ko,Seokhyeon Ko,+152,-180
ufc-fight-night-november-01-2025,Nov 01 2025,Talita Alencar,Ariane Carnelossi,Talita Alencar,-225,+185
ufc-321,Oct 25 2025,Tom Aspinall,Ciryl Gane,draw/no contest,-355,+280
ufc-321,Oct 25 2025,Umar Nurmagomedov,Mario Bautista,Umar Nurmagomedov,-620,+460
ufc-321,Oct 25 2025,Aleksandar Rakić,Azamat Murzakanov,Azamat Murzakanov,-105,-115
ufc-321,Oct 25 2025,Alexander Volkov,Jailton Almeida,Alexander Volkov,+166,-198
ufc-321,Oct 25 2025,Nasrat Haqparast,Quillan Salkilld,Quillan Salkilld,+100,-118
ufc-321,Oct 25 2025,Ikram Aliskerov,JunYong Park,Ikram Aliskerov,-220,+184
ufc-321,Oct 25 2025,Ludovit Klein,Mateusz Rębecki,Ludovit Klein,-142,+120
ufc-321,Oct 25 2025,Valter Walker,Louie Sutherland,Valter Walker,-375,+300
ufc-321,Oct 25 2025,Hamdy Abdelwahab,Chris Barnett,Hamdy Abdelwahab,-460,+360
ufc-321,Oct 25 2025,Azat Maksum,Mitch Raposo,Mitch Raposo,-420,+330
ufc-321,Oct 25 2025,Jaqueline Amorim,Mizuki,Mizuki,-425,+330
ufc-fight-night-october-18-2025,Oct 18 2025,Reinier de Ridder,Brendan Allen,Brendan Allen,-198,+166
ufc-fight-night-october-18-2025,Oct 18 2025,Kevin Holland,Mike Malott,Mike Malott,+100,-118
ufc-fight-night-october-18-2025,Oct 18 2025,Marlon Vera,Aiemann Zahabi,Aiemann Zahabi,+110,-130
ufc-fight-night-october-18-2025,Oct 18 2025,Manon Fiorot,Jasmine Jasudavicius,Manon Fiorot,-,-
ufc-fight-night-october-18-2025,Oct 18 2025,Charles Jourdain,Davey Grant,Charles Jourdain,-166,+140
ufc-fight-night-october-18-2025,Oct 18 2025,Kyle Nelson,Matt Frevola,Kyle Nelson,+102,-120
ufc-fight-night-october-18-2025,Oct 18 2025,Kyle Prepolec,Drew Dober,Drew Dober,+330,-420
ufc-fight-night-october-18-2025,Oct 18 2025,Cody Gibson,Aoriqileng,Aoriqileng,-180,+152
ufc-fight-night-october-18-2025,Oct 18 2025,Bruno Silva,HyunSung Park,Bruno Silva,+190,-230
ufc-fight-night-october-18-2025,Oct 18 2025,Danny Barlow,Djorden Santos,Djorden Santos,-290,+235
ufc-fight-night-october-18-2025,Oct 18 2025,Stephanie Luciano,Ravena Oliveira,Stephanie Luciano,-,-
ufc-fight-night-october-18-2025,Oct 18 2025,Azamat Bekoev,Yousri Belgaroui,Yousri Belgaroui,-295,+240
ufc-fight-night-october-18-2025,Oct 18 2025,Melissa Croden,Tainara Lisboa,Melissa Croden,-,-
ufc-fight-night-october-11-2025,Oct 11 2025,Charles Oliveira,Mateusz Gamrot,Charles Oliveira,-104,-112
ufc-fight-night-october-11-2025,Oct 11 2025,Deiveson Figueiredo,Montel Jackson,Deiveson Figueiredo,+265,-330
ufc-fight-night-october-11-2025,Oct 11 2025,Vicente Luque,Joel Álvarez,Joel Alvarez,-,-
ufc-fight-night-october-11-2025,Oct 11 2025,Jhonata Diniz,Mario Pinto,Mario Pinto,-112,-104
ufc-fight-night-october-11-2025,Oct 11 2025,Ricardo Ramos,Kaan Ofli,Kaan Ofli,-196,+164
ufc-fight-night-october-11-2025,Oct 11 2025,Lucas Almeida,Michael Aswell Jr.,Michael Aswell Jr.,+190,-230
ufc-fight-night-october-11-2025,Oct 11 2025,Jafel Filho,Clayton Carpenter,Jafel Filho,-124,+106
ufc-fight-night-october-11-2025,Oct 11 2025,Vitor Petrino,Thomas Petersen,Vitor Petrino,-295,+240
ufc-fight-night-october-11-2025,Oct 11 2025,Bia Mesquita,Irina Alekseeva,Bia Mesquita,-,-
ufc-fight-night-october-11-2025,Oct 11 2025,Lucas Rocha,Stewart Nicoll,Lucas Rocha,-116,-102
ufc-fight-night-october-11-2025,Oct 11 2025,Julia Polastri,Karolina Kowalkiewicz,Julia Polastri,-,-
ufc-fight-night-october-11-2025,Oct 11 2025,Luan Lacerda,Saimon Oliveira,Luan Lacerda,-280,+230
ufc-320,Oct 04 2025,Magomed Ankalaev,Alex Pereira,Alex Pereira,-245,+200
ufc-320,Oct 04 2025,Merab Dvalishvili,Cory Sandhagen,Merab Dvalishvili,-450,+350
ufc-320,Oct 04 2025,Jiří Procházka,Khalil Rountree Jr.,Jiri Prochazka,-180,+150
ufc-320,Oct 04 2025,Josh Emmett,Youssef Zalal,Youssef Zalal,+380,-490
ufc-320,Oct 04 2025,Abus Magomedov,Joe Pyfer,Joe Pyfer,+205,-250
ufc-320,Oct 04 2025,Ateba Gautier,Tre’ston Vines,Ateba Gautier,-,-
ufc-320,Oct 04 2025,Daniel Santos,JooSang Yoo,Daniel Santos,-162,+136
ufc-320,Oct 04 2025,Patchy Mix,Jakub Wiklacz,Jakub Wiklacz,-305,+245
ufc-320,Oct 04 2025,Edmen Shahbazyan,Andre Muniz,Edmen Shahbazyan,-290,+235
ufc-320,Oct 04 2025,Punahele Soriano,Nikolay Veretennikov,Punahele Soriano,-295,+240
ufc-320,Oct 04 2025,Macy Chiasson,Yana Santos,Yana Santos,-198,+164
ufc-320,Oct 04 2025,Chris Gutierrez,Farid Basharat,Farid Basharat,+385,-500
ufc-320,Oct 04 2025,Ramiz Brahimaj,Austin Vanderford,Ramiz Brahimaj,+240,-295
ufc-320,Oct 04 2025,Veronica Hardy,Brogan Walker,Veronica Hardy,-700,+500
ufc-fight-night-september-27-2025,Sep 27 2025,Carlos Ulberg,Dominick Reyes,Carlos Ulberg,-255,+210
ufc-fight-night-september-27-2025,Sep 27 2025,Jimmy Crute,Ivan Erslan,Jimmy Crute,-215,+180
ufc-fight-night-september-27-2025,Sep 27 2025,Jack Jenkins,Ramon Taveras,Jack Jenkins,-290,+235
ufc-fight-night-september-27-2025,Sep 27 2025,Jake Matthews,Neil Magny,Neil Magny,-370,+295
ufc-fight-night-september-27-2025,Sep 27 2025,Tom Nolan,Charlie Campbell,Tom Nolan,-154,+130
ufc-fight-night-september-27-2025,Sep 27 2025,Navajo Stirling,Rodolfo Bellato,Navajo Stirling,-240,+198
ufc-fight-night-september-27-2025,Sep 27 2025,Cam Rowston,Andre Petroski,Cam Rowston,+146,-174
ufc-fight-night-september-27-2025,Sep 27 2025,Jamie Mullarkey,Rolando Bedoya,Jamie Mullarkey,-120,+102
ufc-fight-night-september-27-2025,Sep 27 2025,Colby Thicknesse,Josias Musasa,Colby Thicknesse,+130,-154
ufc-fight-night-september-27-2025,Sep 27 2025,Michelle Montague,Luana Carolina,Michelle Montague,-,-
ufc-fight-night-september-27-2025,Sep 27 2025,Brando Peričić,Elisha Ellison,Brando Pericic,-,-
ufc-fight-night-september-27-2025,Sep 27 2025,Loma Lookboonmee,Alexia Thainara,Alexia Thainara,-,-
ufc-fight-night-september-13-2025,Sep 13 2025,Diego Lopes,Jean Silva,Diego Lopes,+210,-255
ufc-fight-night-september-13-2025,Sep 13 2025,Rob Font,David Martinez,David Martinez,-118,+100
ufc-fight-night-september-13-2025,Sep 13 2025,Rafa Garcia,Jared Gordon,Rafa Garcia,+190,-230
ufc-fight-night-september-13-2025,Sep 13 2025,Kelvin Gastelum,Dustin Stoltzfus,Kelvin Gastelum,-235,+194
ufc-fight-night-september-13-2025,Sep 13 2025,Santiago Luna,Quang Le,Santiago Luna,-132,+112
ufc-fight-night-september-13-2025,Sep 13 2025,Alexander Hernandez,Diego Ferreira,Alexander Hernandez,+100,-118
ufc-fight-night-september-13-2025,Sep 13 2025,Jose Daniel Medina,Duško Todorović,Dusko Todorovic,+260,-325
ufc-fight-night-september-13-2025,Sep 13 2025,Claudio Puelles,Joaquim Silva,Joaquim Silva,-124,+106
ufc-fight-night-september-13-2025,Sep 13 2025,Tatiana Suarez,Amanda Lemos,Tatiana Suarez,-440,+340
ufc-fight-night-september-13-2025,Sep 13 2025,Jesus Aguilar,Luis Gurule,Jesus Aguilar,+176,-210
ufc-fight-night-september-13-2025,Sep 13 2025,Alessandro Costa,Alden Coria,Alden Coria,-405,+320
ufc-fight-night-september-13-2025,Sep 13 2025,Montse Rendon,Alice Pereira,Montse Rendon,+140,-166
ufc-fight-night-september-13-2025,Sep 13 2025,Rodrigo Sezinando,Daniil Donchenko,Daniil Donchenko,+172,-205
ufc-fight-night-september-06-2025,Sep 06 2025,Nassourdine Imavov,Caio Borralho,Nassourdine Imavov,+112,-132
ufc-fight-night-september-06-2025,Sep 06 2025,Benoît Saint Denis,Mauricio Ruffy,Benoit Saint Denis,-,-
ufc-fight-night-september-06-2025,Sep 06 2025,Modestas Bukauskas,Paul Craig,Modestas Bukauskas,-335,+270
ufc-fight-night-september-06-2025,Sep 06 2025,Bolaji Oki,Mason Jones,Mason Jones,+110,-130
ufc-fight-night-september-06-2025,Sep 06 2025,Axel Sola,Rhys McKee,Axel Sola,-126,+108
ufc-fight-night-september-06-2025,Sep 06 2025,William Gomis,Robert Ruchala,William Gomis,-270,+220
ufc-fight-night-september-06-2025,Sep 06 2025,Oumar Sy,Brendson Ribeiro,Oumar Sy,-560,+420
ufc-fight-night-september-06-2025,Sep 06 2025,Marcin Tybura,Ante Delija,Ante Delija,-106,-110
ufc-fight-night-september-06-2025,Sep 06 2025,Harry Hardwick,Kauê Fernandes,Kaue Fernandes,-,-
ufc-fight-night-september-06-2025,Sep 06 2025,Sam Patterson,Trey Waters,Sam Patterson,-194,+162
ufc-fight-night-september-06-2025,Sep 06 2025,Brad Tavares,Robert Bryczek,Robert Bryczek,-210,+176
ufc-fight-night-september-06-2025,Sep 06 2025,Andreas Gustafsson,Rinat Fakhretdinov,Rinat Fakhretdinov,-134,+114
ufc-fight-night-september-06-2025,Sep 06 2025,Shauna Bannon,Sam Hughes,Sam Hughes,-,-
ufc-fight-night-august-23-2025,Aug 23 2025,Johnny Walker,Zhang Mingyang,Johnny Walker,+295,-370
ufc-fight-night-august-23-2025,Aug 23 2025,Brian Ortega,Aljamain Sterling,Aljamain Sterling,+225,-278
ufc-fight-night-august-23-2025,Aug 23 2025,Sergei Pavlovich,Waldo Cortes Acosta,Sergei Pavlovich,-260,+215
ufc-fight-night-august-23-2025,Aug 23 2025,Sumudaerji,Kevin Borjas,Sumudaerji,-168,+142
ufc-fight-night-august-23-2025,Aug 23 2025,Maheshate,Gauge Young,Gauge Young,+118,-138
ufc-fight-night-august-23-2025,Aug 23 2025,Charles Johnson,Lone’er Kavanagh,Charles Johnson,+170,-205
ufc-fight-night-august-23-2025,Aug 23 2025,Rongzhu,Austin Hubbard,Rongzhu,-295,+240
ufc-fight-night-august-23-2025,Aug 23 2025,Michel Pereira,Kyle Daukaus,Kyle Daukaus,-245,+200
ufc-fight-night-august-23-2025,Aug 23 2025,Yizha,Westin Wilson,Yizha,-1150,+730
ufc-fight-night-august-23-2025,Aug 23 2025,Xiao Long,SuYoung You,SuYoung You,+118,-136
ufc-fight-night-august-23-2025,Aug 23 2025,Uran Satybaldiev,Diyar Nurgozhay,Uran Satybaldiev,-110,-106
ufc-319,Aug 16 2025,Dricus Du Plessis,Khamzat Chimaev,Khamzat Chimaev,+198,-240
ufc-319,Aug 16 2025,Lerone Murphy,Aaron Pico,Lerone Murphy,+146,-174
ufc-319,Aug 16 2025,Geoff Neal,Carlos Prates,Carlos Prates,+180,-215
ufc-319,Aug 16 2025,Tim Elliott,Kai Asakura,Tim Elliott,+265,-330
ufc-319,Aug 16 2025,Baisangur Susurkaev,Eric Nolan,Baisangur Susurkaev,-820,+570
ufc-319,Aug 16 2025,Gerald Meerschaert,Michal Oleksiejczuk,Michal Oleksiejczuk,+180,-210
ufc-319,Aug 16 2025,Jéssica Andrade,Loopy Godinez,Loopy Godinez,+120,-142
ufc-319,Aug 16 2025,Chase Hooper,Alexander Hernandez,Alexander Hernandez,-320,+260
ufc-319,Aug 16 2025,Edson Barboza,Drakkar Klose,Drakkar Klose,-122,+104
ufc-319,Aug 16 2025,Karine Silva,Dione Barbosa,Karine Silva,-205,+170
ufc-319,Aug 16 2025,Alibi Idiris,Joseph Morales,Joseph Morales,-450,+350
ufc-fight-night-august-09-2025,Aug 09 2025,Roman Dolidze,Anthony Hernandez,Anthony Hernandez,+270,-335
ufc-fight-night-august-09-2025,Aug 09 2025,Steve Erceg,Ode' Osbourne,Steve Erceg,-,-
ufc-fight-night-august-09-2025,Aug 09 2025,Iasmin Lucindo,Angela Hill,Iasmin Lucindo,-,-
ufc-fight-night-august-09-2025,Aug 09 2025,Andre Fili,Christian Rodriguez,Andre Fili,+205,-250
ufc-fight-night-august-09-2025,Aug 09 2025,Miles Johns,Jean Matsumoto,Jean Matsumoto,+230,-280
ufc-fight-night-august-09-2025,Aug 09 2025,Eryk Anders,Christian Leroy Duncan,Christian Leroy Duncan,+385,-500
ufc-fight-night-august-09-2025,Aug 09 2025,Julius Walker,Rafael Cerqueira,Julius Walker,-700,+500
ufc-fight-night-august-09-2025,Aug 09 2025,Elijah Smith,Toshiomi Kazama,Elijah Smith,-770,+540
ufc-fight-night-august-09-2025,Aug 09 2025,Joselyne Edwards,Priscila Cachoeira,Joselyne Edwards,-,-
ufc-fight-night-august-09-2025,Aug 09 2025,Uroš Medić,Gilbert Urbina,Uros Medic,-,-
ufc-fight-night-august-09-2025,Aug 09 2025,Gabriella Fernandes,Julija Stoliarenko,Gabriella Fernandes,-,-
ufc-fight-night-august-09-2025,Aug 09 2025,Cody Brundage,Eric McConico,Eric McConico,-172,+144
ufc-fight-night-august-02-2025,Aug 02 2025,Tatsuro Taira,HyunSung Park,Tatsuro Taira,-340,+275
ufc-fight-night-august-02-2025,Aug 02 2025,Mateusz Rębecki,Chris Duncan,Chris Duncan,-,-
ufc-fight-night-august-02-2025,Aug 02 2025,Elves Brener,Esteban Ribovics,Esteban Ribovics,+215,-260
ufc-fight-night-august-02-2025,Aug 02 2025,Karol Rosa,Nora Cornolle,Karol Rosa,-,-
ufc-fight-night-august-02-2025,Aug 02 2025,Neil Magny,Elizeu Zaleski dos Santos,Neil Magny,+144,-174
ufc-fight-night-august-02-2025,Aug 02 2025,Danny Silva,Kevin Vallejos,Kevin Vallejos,+340,-430
ufc-fight-night-august-02-2025,Aug 02 2025,Rinya Nakamura,Nathan Fletcher,Rinya Nakamura,-405,+320
ufc-fight-night-august-02-2025,Aug 02 2025,Rodolfo Vieira,Tresean Gore,Rodolfo Vieira,-210,+176
ufc-fight-night-august-02-2025,Aug 02 2025,Nick Klein,Andrey Pulyaev,Andrey Pulyaev,+132,-156
ufc-fight-night-august-02-2025,Aug 02 2025,Austin Bashi,John Yannis,Austin Bashi,-750,+530
ufc-fight-night-august-02-2025,Aug 02 2025,Rafael Estevam,Felipe Bunes,Rafael Estevam,-620,+460
ufc-fight-night-august-02-2025,Aug 02 2025,Piera Rodriguez,Ketlen Souza,Piera Rodriguez,-,-
ufc-fight-night-july-26-2025,Jul 26 2025,Robert Whittaker,Reinier de Ridder,Reinier de Ridder,-146,+124
ufc-fight-night-july-26-2025,Jul 26 2025,Petr Yan,Marcus McGhee,Petr Yan,-375,+300
ufc-fight-night-july-26-2025,Jul 26 2025,Shara Magomedov,Marc-Andre Barriault,Shara Magomedov,-650,+480
ufc-fight-night-july-26-2025,Jul 26 2025,Asu Almabayev,Jose Ochoa,Asu Almabayev,-118,+100
ufc-fight-night-july-26-2025,Jul 26 2025,Nikita Krylov,Bogdan Guskov,Bogdan Guskov,-198,+166
ufc-fight-night-july-26-2025,Jul 26 2025,Bryce Mitchell,Said Nurmagomedov,Bryce Mitchell,-142,+120
ufc-fight-night-july-26-2025,Jul 26 2025,Muslim Salikhov,Carlos Leal,Muslim Salikhov,+380,-490
ufc-fight-night-july-26-2025,Jul 26 2025,Davey Grant,Da'Mon Blackshear,Davey Grant,+315,-400
ufc-fight-night-july-26-2025,Jul 26 2025,Amanda Ribas,Tabatha Ricci,Tabatha Ricci,-,-
ufc-fight-night-july-26-2025,Jul 26 2025,Ibo Aslan,Billy Elekana,Billy Elekana,-270,+220
ufc-fight-night-july-26-2025,Jul 26 2025,Mohammad Yahya,Steven Nguyen,Steven Nguyen,+285,-355
ufc-fight-night-july-26-2025,Jul 26 2025,Martin Buday,Marcus Buchecha,Martin Buday,+225,-275
ufc-318,Jul 19 2025,Max Holloway,Dustin Poirier,Max Holloway,-134,+114
ufc-318,Jul 19 2025,Paulo Costa,Roman Kopylov,Paulo Costa,+188,-225
ufc-318,Jul 19 2025,Kevin Holland,Daniel Rodriguez,Daniel Rodriguez,-590,+440
ufc-318,Jul 19 2025,Dan Ige,Patricio Pitbull,Patricio Pitbull,-220,+184
ufc-318,Jul 19 2025,Michael Johnson,Daniel Zellhuber,Michael Johnson,+410,-550
ufc-318,Jul 19 2025,Kyler Phillips,Vinicius Oliveira,Vinicius Oliveira,+124,-146
ufc-318,Jul 19 2025,Marvin Vettori,Brendan Allen,Brendan Allen,+160,-190
ufc-318,Jul 19 2025,Francisco Prado,Nikolay Veretennikov,Nikolay Veretennikov,-146,+124
ufc-318,Jul 19 2025,Ateba Gautier,Robert Valentin,Ateba Gautier,-520,+400
ufc-318,Jul 19 2025,Adam Fugitt,Islam Dulatov,Islam Dulatov,+440,-590
ufc-318,Jul 19 2025,Jimmy Crute,Marcin Prachnio,Jimmy Crute,-346,+280
ufc-318,Jul 19 2025,Ryan Spann,Lukasz Brzeski,Ryan Spann,-235,+194
ufc-318,Jul 19 2025,Brunno Ferreira,Jackson McVey,Brunno Ferreira,-590,+440
ufc-318,Jul 19 2025,Carli Judice,Nicolle Caliari,Carli Judice,-,-
ufc-fight-night-july-12-2025,Jul 12 2025,Derrick Lewis,Tallison Teixeira,Derrick Lewis,+235,-290
ufc-fight-night-july-12-2025,Jul 12 2025,Stephen Thompson,Gabriel Bonfim,Gabriel Bonfim,+350,-450
ufc-fight-night-july-12-2025,Jul 12 2025,Calvin Kattar,Steve Garcia,Steve Garcia,+108,-126
ufc-fight-night-july-12-2025,Jul 12 2025,Nate Landwehr,Morgan Charriere,Morgan Charriere,+210,-255
ufc-fight-night-july-12-2025,Jul 12 2025,Vitor Petrino,Austen Lane,Vitor Petrino,-750,+530
ufc-fight-night-july-12-2025,Jul 12 2025,Junior Tafa,Tuco Tokkos,Tuco Tokkos,-172,+144
ufc-fight-night-july-12-2025,Jul 12 2025,Max Griffin,Chris Curtis,Chris Curtis,+245,-300
ufc-fight-night-july-12-2025,Jul 12 2025,Jake Matthews,Chidi Njokuani,Jake Matthews,+134,-158
ufc-fight-night-july-12-2025,Jul 12 2025,Lauren Murphy,Eduarda Moura,Eduarda Moura,+455,-625
ufc-fight-night-july-12-2025,Jul 12 2025,Kennedy Nzechukwu,Valter Walker,Valter Walker,-210,+176
ufc-fight-night-july-12-2025,Jul 12 2025,Mitch Ramirez,Mike Davis,Mike Davis,+660,-1000
ufc-fight-night-july-12-2025,Jul 12 2025,Fatima Kline,Melissa Martinez,Fatima Kline,-1200,+750
ufc-317,Jun 28 2025,Ilia Topuria,Charles Oliveira,Ilia Topuria,-430,+340
ufc-317,Jun 28 2025,Alexandre Pantoja,Kai Kara-France,Alexandre Pantoja,-235,+194
ufc-317,Jun 28 2025,Brandon Royval,Joshua Van,Joshua Van,+108,-126
ufc-317,Jun 28 2025,Beneil Dariush,Renato Moicano,Beneil Dariush,+100,-118
ufc-317,Jun 28 2025,Payton Talbott,Felipe Lima,Payton Talbott,+150,-178
ufc-317,Jun 28 2025,Jack Hermansson,Gregory Rodrigues,Gregory Rodrigues,+188,-225
ufc-317,Jun 28 2025,Viviane Araújo,Tracy Cortez,Tracy Cortez,+185,-225
ufc-317,Jun 28 2025,Terrance McKinney,Viacheslav Borshchev,Terrance McKinney,-172,+144
ufc-317,Jun 28 2025,Niko Price,Jacobe Smith,Jacobe Smith,+1100,-2100
ufc-317,Jun 28 2025,Jhonata Diniz,Alvin Hines,Jhonata Diniz,-390,+310
ufc-fight-night-june-21-2025,Jun 21 2025,Jamahal Hill,Khalil Rountree Jr.,Khalil Rountree Jr.,-108,-108
ufc-fight-night-june-21-2025,Jun 21 2025,Rafael Fiziev,Ignacio Bahamondes,Rafael Fiziev,+120,-142
ufc-fight-night-june-21-2025,Jun 21 2025,Curtis Blaydes,Rizvan Kuniev,Curtis Blaydes,-255,+210
ufc-fight-night-june-21-2025,Jun 21 2025,Tofiq Musayev,Myktybek Orolbai,Myktybek Orolbai,+138,-164
ufc-fight-night-june-21-2025,Jun 21 2025,Nazim Sadykhov,Nikolas Motta,Nazim Sadykhov,-430,+340
ufc-fight-night-june-21-2025,Jun 21 2025,Muhammad Naimov,Bogdan Grad,Muhammad Naimov,-250,+205
ufc-fight-night-june-21-2025,Jun 21 2025,Seokhyeon Ko,Oban Elliott,Seokhyeon Ko,+370,-480
ufc-fight-night-june-21-2025,Jun 21 2025,Ismail Naurdiev,JunYong Park,JunYong Park,+140,-166
ufc-fight-night-june-21-2025,Jun 21 2025,Daria Zhelezniakova,Melissa Mullins,Daria Zhelezniakova,+210,-258
ufc-fight-night-june-21-2025,Jun 21 2025,Irina Alekseeva,Klaudia Sygula,Klaudia Sygula,-225,+185
ufc-fight-night-june-21-2025,Jun 21 2025,Tagir Ulanbekov,Azat Maksum,Tagir Ulanbekov,-450,+350
ufc-fight-night-june-21-2025,Jun 21 2025,Hamdy Abdelwahab,Mohammed Usman,Mohammed Usman,-166,+140
ufc-fight-night-june-14-2025,Jun 14 2025,Kamaru Usman,Joaquin Buckley,Kamaru Usman,+215,-260
ufc-fight-night-june-14-2025,Jun 14 2025,Rose Namajunas,Miranda Maverick,Rose Namajunas,-258,+210
ufc-fight-night-june-14-2025,Jun 14 2025,Edmen Shahbazyan,Andre Petroski,Edmen Shahbazyan,-154,+130
ufc-fight-night-june-14-2025,Jun 14 2025,Cody Garbrandt,Raoni Barcelos,Raoni Barcelos,+205,-250
ufc-fight-night-june-14-2025,Jun 14 2025,Mansur Abdul-Malik,Cody Brundage,draw/no contest,-800,+550
ufc-fight-night-june-14-2025,Jun 14 2025,Alonzo Menifield,Oumar Sy,Alonzo Menifield,+500,-700
ufc-fight-night-june-14-2025,Jun 14 2025,Paul Craig,Rodolfo Bellato,draw/no contest,+310,-395
ufc-fight-night-june-14-2025,Jun 14 2025,Michael Chiesa,Court McGee,Michael Chiesa,-335,+270
ufc-fight-night-june-14-2025,Jun 14 2025,Malcolm Wellmaker,Kris Moutinho,Malcolm Wellmaker,-2000,+1040
ufc-fight-night-june-14-2025,Jun 14 2025,Cody Durden,Jose Ochoa,Jose Ochoa,+160,-190
ufc-fight-night-june-14-2025,Jun 14 2025,Ricky Simon,Cameron Smotherman,Ricky Simon,-450,+350
ufc-fight-night-june-14-2025,Jun 14 2025,Phil Rowe,Ange Loosa,Phil Rowe,+116,-136
ufc-fight-night-june-14-2025,Jun 14 2025,Jamey-Lyn Horth,Vanessa Demopoulos,Jamey-Lyn Horth,-600,+440
ufc-316,Jun 07 2025,Merab Dvalishvili,Sean O'Malley,Merab Dvalishvili,-275,+225
ufc-316,Jun 07 2025,Julianna Peña,Kayla Harrison,Kayla Harrison,+455,-625
ufc-316,Jun 07 2025,Kelvin Gastelum,Joe Pyfer,Joe Pyfer,+310,-390
ufc-316,Jun 07 2025,Mario Bautista,Patchy Mix,Mario Bautista,+150,-180
ufc-316,Jun 07 2025,Vicente Luque,Kevin Holland,Kevin Holland,+194,-240
ufc-316,Jun 07 2025,Bruno Silva,Joshua Van,Joshua Van,+460,-620
ufc-316,Jun 07 2025,Azamat Murzakanov,Brendson Ribeiro,Azamat Murzakanov,-620,+460
ufc-316,Jun 07 2025,Serghei Spivac,Waldo Cortes Acosta,Waldo Cortes Acosta,-158,+134
ufc-316,Jun 07 2025,Khaos Williams,Andreas Gustafsson,Andreas Gustafsson,-188,+158
ufc-316,Jun 07 2025,Ariane da Silva,Wang Cong,Wang Cong,+425,-575
ufc-316,Jun 07 2025,Jeka Saragih,JooSang Yoo,JooSang Yoo,+420,-560
ufc-316,Jun 07 2025,Quillan Salkilld,Yanal Ashmouz,Quillan Salkilld,-510,+390
ufc-316,Jun 07 2025,MarQuel Mederos,Mark Choinski,MarQuel Mederos,-188,+158
ufc-fight-night-may-31-2025,May 31 2025,Mateusz Gamrot,Ludovit Klein,Mateusz Gamrot,-162,+136
ufc-fight-night-may-31-2025,May 31 2025,Billy Ray Goff,Ramiz Brahimaj,Ramiz Brahimaj,-420,+340
ufc-fight-night-may-31-2025,May 31 2025,Dustin Jacoby,Bruno Lopes,Dustin Jacoby,-198,+166
ufc-fight-night-may-31-2025,May 31 2025,Ketlen Vieira,Macy Chiasson,Ketlen Vieira,+114,-135
ufc-fight-night-may-31-2025,May 31 2025,Jafel Filho,Allan Nascimento,Allan Nascimento,+116,-136
ufc-fight-night-may-31-2025,May 31 2025,Kurt Holobaugh,Jordan Leavitt,Jordan Leavitt,+190,-230
ufc-fight-night-may-31-2025,May 31 2025,Bolaji Oki,Michael Aswell Jr.,Bolaji Oki,-375,+300
ufc-fight-night-may-31-2025,May 31 2025,Rayanne Dos Santos,Alice Ardelean,Alice Ardelean,-218,+180
ufc-fight-night-may-17-2025,May 17 2025,Gilbert Burns,Michael Morales,Michael Morales,+430,-590
ufc-fight-night-may-17-2025,May 17 2025,Sodiq Yusuff,Mairon Santos,Mairon Santos,+128,-152
ufc-fight-night-may-17-2025,May 17 2025,Dustin Stoltzfus,Nursulton Ruziboev,Nursulton Ruziboev,+198,-240
ufc-fight-night-may-17-2025,May 17 2025,Julian Erosa,Melquizael Costa,Melquizael Costa,+150,-178
ufc-fight-night-may-17-2025,May 17 2025,Gabe Green,Matheus Camilo,Gabe Green,+198,-240
ufc-fight-night-may-17-2025,May 17 2025,Jared Gordon,Thiago Moisés,Jared Gordon,-112,-108
ufc-fight-night-may-17-2025,May 17 2025,Yadier del Valle,Connor Matthews,Yadier del Valle,-560,+420
ufc-fight-night-may-17-2025,May 17 2025,Luana Santos,Tainara Lisboa,Luana Santos,-166,+140
ufc-fight-night-may-17-2025,May 17 2025,Elise Reed,Denise Gomes,Denise Gomes,+425,-575
ufc-fight-night-may-17-2025,May 17 2025,HyunSung Park,Carlos Hernandez,HyunSung Park,-180,+152
ufc-fight-night-may-17-2025,May 17 2025,Tecia Pennington,Luana Pinheiro,Tecia Pennington,-,-
ufc-315,May 10 2025,Belal Muhammad,Jack Della Maddalena,Jack Della Maddalena,-180,+154
ufc-315,May 10 2025,Valentina Shevchenko,Manon Fiorot,Valentina Shevchenko,+114,-135
ufc-315,May 10 2025,José Aldo,Aiemann Zahabi,Aiemann Zahabi,-192,+160
ufc-315,May 10 2025,Alexa Grasso,Natalia Silva,Natalia Silva,+200,-245
ufc-315,May 10 2025,Benoît Saint Denis,Kyle Prepolec,Benoit Saint Denis,-1600,+900
ufc-315,May 10 2025,Mike Malott,Charles Radtke,Mike Malott,-200,+168
ufc-315,May 10 2025,Jéssica Andrade,Jasmine Jasudavicius,Jasmine Jasudavicius,+230,-285
ufc-315,May 10 2025,Modestas Bukauskas,Ion Cutelaba,Modestas Bukauskas,+102,-120
ufc-315,May 10 2025,Navajo Stirling,Ivan Erslan,Navajo Stirling,-310,+250
ufc-315,May 10 2025,Marc-Andre Barriault,Bruno Silva,Marc-Andre Barriault,-162,+136
ufc-315,May 10 2025,Daniel Santos,JeongYeong Lee,Daniel Santos,+122,-144
ufc-315,May 10 2025,Brad Katona,Bekzat Almakhan,Bekzat Almakhan,+124,-146
ufc-fight-night-may-03-2025,May 03 2025,Cory Sandhagen,Deiveson Figueiredo,Cory Sandhagen,-550,+410
ufc-fight-night-may-03-2025,May 03 2025,Reinier de Ridder,Bo Nickal,Reinier de Ridder,+295,-370
ufc-fight-night-may-03-2025,May 03 2025,Santiago Ponzinibbio,Daniel Rodriguez,Daniel Rodriguez,-138,+118
ufc-fight-night-may-03-2025,May 03 2025,Montel Jackson,Daniel Marcos,Montel Jackson,-225,+188
ufc-fight-night-may-03-2025,May 03 2025,Cameron Smotherman,Serhiy Sidey,Serhiy Sidey,+116,-136
ufc-fight-night-may-03-2025,May 03 2025,Jeremy Stephens,Mason Jones,Mason Jones,+460,-620
ufc-fight-night-may-03-2025,May 03 2025,Yana Santos,Miesha Tate,Yana Santos,+120,-142
ufc-fight-night-may-03-2025,May 03 2025,Ryan Loder,Azamat Bekoev,Azamat Bekoev,+265,-330
ufc-fight-night-may-03-2025,May 03 2025,Marina Rodriguez,Gillian Robertson,Gillian Robertson,+260,-325
ufc-fight-night-may-03-2025,May 03 2025,Gaston Bolanos,Quang Le,Quang Le,-126,+108
ufc-fight-night-may-03-2025,May 03 2025,Thomas Petersen,Don'Tale Mayes,Thomas Petersen,-320,+260
ufc-fight-night-may-03-2025,May 03 2025,Juliana Miller,Ivana Petrovic,Juliana Miller,+190,-230
ufc-fight-night-april-26-2025,Apr 26 2025,Ian Machado Garry,Carlos Prates,Ian Machado Garry,-138,+112
ufc-fight-night-april-26-2025,Apr 26 2025,Anthony Smith,Zhang Mingyang,Zhang Mingyang,+360,-500
ufc-fight-night-april-26-2025,Apr 26 2025,Giga Chikadze,David Onama,David Onama,+154,-192
ufc-fight-night-april-26-2025,Apr 26 2025,Michel Pereira,Abus Magomedov,Abus Magomedov,-148,+120
ufc-fight-night-april-26-2025,Apr 26 2025,Randy Brown,Nicolas Dalby,Randy Brown,-280,+220
ufc-fight-night-april-26-2025,Apr 26 2025,Ikram Aliskerov,Andre Muniz,Ikram Aliskerov,-550,+390
ufc-fight-night-april-26-2025,Apr 26 2025,Matt Schnell,Jimmy Flick,Matt Schnell,-188,+152
ufc-fight-night-april-26-2025,Apr 26 2025,Evan Elder,Gauge Young,Evan Elder,-215,+172
ufc-fight-night-april-26-2025,Apr 26 2025,Chris Gutierrez,John Castaneda,Chris Gutierrez,-152,+124
ufc-fight-night-april-26-2025,Apr 26 2025,Da'Mon Blackshear,Alatengheili,Da'Mon Blackshear,-470,+330
ufc-fight-night-april-26-2025,Apr 26 2025,Malcolm Wellmaker,Cameron Saaiman,Malcolm Wellmaker,-115,-105
ufc-fight-night-april-26-2025,Apr 26 2025,Jaqueline Amorim,Polyana Viana,Jaqueline Amorim,-800,+550
ufc-fight-night-april-26-2025,Apr 26 2025,Timmy Cuamba,Roberto Romero,Timmy Cuamba,+116,-142
ufc-fight-night-april-26-2025,Apr 26 2025,Chelsea Chandler,Joselyne Edwards,Joselyne Edwards,+235,-290
ufc-314,Apr 12 2025,Michael Chandler,Paddy Pimblett,Paddy Pimblett,+128,-152
ufc-314,Apr 12 2025,Yair Rodriguez,Patricio Pitbull,Yair Rodriguez,-194,+162
ufc-314,Apr 12 2025,Bryce Mitchell,Jean Silva,Jean Silva,+166,-198
ufc-314,Apr 12 2025,Nikita Krylov,Dominick Reyes,Dominick Reyes,-166,+140
ufc-314,Apr 12 2025,Dan Ige,Sean Woodson,Dan Ige,+158,-190
ufc-314,Apr 12 2025,Yan Xiaonan,Virna Jandiroba,Virna Jandiroba,+114,-135
ufc-314,Apr 12 2025,Jim Miller,Chase Hooper,Chase Hooper,+610,-900
ufc-314,Apr 12 2025,Darren Elkins,Julian Erosa,Julian Erosa,+220,-270
ufc-314,Apr 12 2025,Sedriques Dumas,Michal Oleksiejczuk,Michal Oleksiejczuk,+190,-230
ufc-314,Apr 12 2025,Sumudaerji,Mitch Raposo,Sumudaerji,-156,+132
ufc-314,Apr 12 2025,Tresean Gore,Marco Tulio,Marco Tulio,+300,-375
ufc-314,Apr 12 2025,Nora Cornolle,Hailey Cowan,Nora Cornolle,-245,+200
ufc-fight-night-april-05-2025,Apr 05 2025,Josh Emmett,Lerone Murphy,Lerone Murphy,+245,-300
ufc-fight-night-april-05-2025,Apr 05 2025,Pat Sabatini,Joanderson Brito,Pat Sabatini,+205,-250
ufc-fight-night-april-05-2025,Apr 05 2025,Cortavious Romious,ChangHo Lee,ChangHo Lee,+120,-142
ufc-fight-night-april-05-2025,Apr 05 2025,Brad Tavares,Gerald Meerschaert,Brad Tavares,-178,+150
ufc-fight-night-april-05-2025,Apr 05 2025,Ode' Osbourne,Luis Gurule,Ode Osbourne,+210,-258
ufc-fight-night-april-05-2025,Apr 05 2025,Torrez Finney,Robert Valentin,Torrez Finney,-300,+245
ufc-fight-night-april-05-2025,Apr 05 2025,Diana Belbita,Dione Barbosa,Dione Barbosa,+650,-1000
ufc-fight-night-april-05-2025,Apr 05 2025,Rhys McKee,Daniel Frunza,Rhys McKee,+132,-154
ufc-fight-night-april-05-2025,Apr 05 2025,Loma Lookboonmee,Istela Nunes,Loma Lookboonmee,-950,+600
ufc-fight-night-april-05-2025,Apr 05 2025,Victor Henry,Pedro Falcao,Victor Henry,-210,+176
ufc-fight-night-april-05-2025,Apr 05 2025,Martin Buday,Uran Satybaldiev,Martin Buday,-162,+136
ufc-fight-night-april-05-2025,Apr 05 2025,Vanessa Demopoulos,Talita Alencar,Talita Alencar,-108,-112
ufc-fight-night-march-29-2025,Mar 29 2025,Brandon Moreno,Steve Erceg,Brandon Moreno,-235,+194
ufc-fight-night-march-29-2025,Mar 29 2025,Manuel Torres,Drew Dober,Manuel Torres,-112,-104
ufc-fight-night-march-29-2025,Mar 29 2025,Edgar Chairez,CJ Vergara,Edgar Chairez,-270,+220
ufc-fight-night-march-29-2025,Mar 29 2025,Raul Rosas Jr.,Vince Morales,Raul Rosas Jr.,-450,+350
ufc-fight-night-march-29-2025,Mar 29 2025,David Martinez,Saimon Oliveira,David Martinez,-430,+340
ufc-fight-night-march-29-2025,Mar 29 2025,Ronaldo Rodriguez,Kevin Borjas,Kevin Borjas,-154,+130
ufc-fight-night-march-29-2025,Mar 29 2025,Jose Daniel Medina,Ateba Gautier,Ateba Gautier,+360,-460
ufc-fight-night-march-29-2025,Mar 29 2025,Christian Rodriguez,Melquizael Costa,Melquizael Costa,-156,+132
ufc-fight-night-march-29-2025,Mar 29 2025,Loopy Godinez,Julia Polastri,Loopy Godinez,-238,+195
ufc-fight-night-march-29-2025,Mar 29 2025,Rafa Garcia,Vinc Pichel,Rafa Garcia,-420,+330
ufc-fight-night-march-29-2025,Mar 29 2025,Jamall Emmers,Gabriel Miranda,Jamall Emmers,-450,+350
ufc-fight-night-march-29-2025,Mar 29 2025,MarQuel Mederos,Austin Hubbard,MarQuel Mederos,-168,+142
ufc-fight-night-march-22-2025,Mar 22 2025,Leon Edwards,Sean Brady,Sean Brady,+132,-156
ufc-fight-night-march-22-2025,Mar 22 2025,Gunnar Nelson,Kevin Holland,Kevin Holland,-116,-102
ufc-fight-night-march-22-2025,Mar 22 2025,Molly McCann,Alexia Thainara,Alexia Thainara,-,-
ufc-fight-night-march-22-2025,Mar 22 2025,Jordan Vucenic,Chris Duncan,Chris Duncan,-420,+330
ufc-fight-night-march-22-2025,Mar 22 2025,Nathaniel Wood,Morgan Charriere,Nathaniel Wood,+124,-146
ufc-fight-night-march-22-2025,Mar 22 2025,Jai Herbert,Chris Padilla,Chris Padilla,-112,-104
ufc-fight-night-march-22-2025,Mar 22 2025,Lone’er Kavanagh,Felipe dos Santos,Lone'er Kavanagh,-375,+295
ufc-fight-night-march-22-2025,Mar 22 2025,Marcin Tybura,Mick Parkin,Marcin Tybura,+122,-144
ufc-fight-night-march-22-2025,Mar 22 2025,Christian Leroy Duncan,Andrey Pulyaev,Christian Leroy Duncan,-520,+400
ufc-fight-night-march-22-2025,Mar 22 2025,Shauna Bannon,Puja Tomar,Shauna Bannon,-185,+154
ufc-fight-night-march-22-2025,Mar 22 2025,Nathan Fletcher,Caolán Loughran,Caolan Loughran,-166,+140
ufc-fight-night-march-22-2025,Mar 22 2025,Guram Kutateladze,Kauê Fernandes,Kaue Fernandes,-425,+330
ufc-fight-night-march-15-2025,Mar 15 2025,Chidi Njokuani,Elizeu Zaleski dos Santos,Chidi Njokuani,+164,-196
ufc-fight-night-march-15-2025,Mar 15 2025,Alexander Hernandez,Kurt Holobaugh,Alexander Hernandez,-215,+180
ufc-fight-night-march-15-2025,Mar 15 2025,Da'Mon Blackshear,Cody Gibson,Da'Mon Blackshear,-450,+350
ufc-fight-night-march-15-2025,Mar 15 2025,Diyar Nurgozhay,Brendson Ribeiro,Brendson Ribeiro,-375,+300
ufc-fight-night-march-15-2025,Mar 15 2025,Seungwoo Choi,Kevin Vallejos,Kevin Vallejos,-,-
ufc-fight-night-march-15-2025,Mar 15 2025,Waldo Cortes Acosta,Ryan Spann,Waldo Cortes Acosta,-184,+154
ufc-fight-night-march-15-2025,Mar 15 2025,SuYoung You,AJ Cunningham,SuYoung You,-550,+410
ufc-fight-night-march-15-2025,Mar 15 2025,Carlos Vera,Josias Musasa,Carlos Vera,+560,-770
ufc-fight-night-march-15-2025,Mar 15 2025,Stephanie Luciano,Sam Hughes,Sam Hughes,-230,+190
ufc-fight-night-march-15-2025,Mar 15 2025,Daniel Barez,Andre Lima,Andre Lima,+310,-390
ufc-fight-night-march-15-2025,Mar 15 2025,Josiane Nunes,Priscila Cachoeira,Priscila Cachoeira,-185,+154
ufc-fight-night-march-15-2025,Mar 15 2025,Yuneisy Duben,Carli Judice,Carli Judice,-,-
ufc-313,Mar 08 2025,Jalin Turner,Ignacio Bahamondes,Ignacio Bahamondes,+108,-126
ufc-313,Mar 08 2025,Amanda Lemos,Iasmin Lucindo,Amanda Lemos,+120,-142
ufc-313,Mar 08 2025,King Green,Mauricio Ruffy,Mauricio Ruffy,+400,-535
ufc-313,Mar 08 2025,Joshua Van,Rei Tsuruya,Joshua Van,-168,+142
ufc-313,Mar 08 2025,Brunno Ferreira,Armen Petrosyan,Brunno Ferreira,+118,-138
ufc-313,Mar 08 2025,Alex Morono,Carlos Leal,Carlos Leal,+530,-750
ufc-313,Mar 08 2025,Mairon Santos,Francis Marshall,Mairon Santos,-290,+235
ufc-313,Mar 08 2025,Djorden Santos,Ozzy Diaz,Ozzy Diaz,-190,+160
ufc-fight-night-march-01-2025,Mar 01 2025,Manel Kape,Asu Almabayev,Manel Kape,-215,+180
ufc-fight-night-march-01-2025,Mar 01 2025,Cody Brundage,Julian Marquez,Cody Brundage,+102,-120
ufc-fight-night-march-01-2025,Mar 01 2025,Nasrat Haqparast,Esteban Ribovics,Nasrat Haqparast,+215,-260
ufc-fight-night-march-01-2025,Mar 01 2025,Hyder Amil,William Gomis,Hyder Amil,+166,-198
ufc-fight-night-march-01-2025,Mar 01 2025,Danny Barlow,Sam Patterson,Sam Patterson,-310,+250
ufc-fight-night-march-01-2025,Mar 01 2025,Austen Lane,Mario Pinto,Mario Pinto,+430,-590
ufc-fight-night-march-01-2025,Mar 01 2025,Ricardo Ramos,Chepe Mariscal,Chepe Mariscal,+320,-405
ufc-fight-night-march-01-2025,Mar 01 2025,Danny Silva,Lucas Almeida,Danny Silva,-235,+194
ufc-fight-night-march-01-2025,Mar 01 2025,Andrea Lee,JJ Aldrich,JJ Aldrich,+164,-198
ufc-fight-night-march-01-2025,Mar 01 2025,Charles Johnson,Ramazan Temirov,Ramazan Temirov,-126,+108
ufc-fight-night-february-22-2025,Feb 22 2025,Henry Cejudo,Song Yadong,Song Yadong,+220,-270
ufc-fight-night-february-22-2025,Feb 22 2025,Brendan Allen,Anthony Hernandez,Anthony Hernandez,+285,-355
ufc-fight-night-february-22-2025,Feb 22 2025,Rob Font,Jean Matsumoto,Rob Font,+138,-164
ufc-fight-night-february-22-2025,Feb 22 2025,Jean Silva,Melsik Baghdasaryan,Jean Silva,-490,+380
ufc-fight-night-february-22-2025,Feb 22 2025,Alonzo Menifield,Julius Walker,Alonzo Menifield,-240,+198
ufc-fight-night-february-22-2025,Feb 22 2025,Ion Cutelaba,Ibo Aslan,Ion Cutelaba,+154,-184
ufc-fight-night-february-22-2025,Feb 22 2025,Andre Fili,Melquizael Costa,Melquizael Costa,+100,-118
ufc-fight-night-february-22-2025,Feb 22 2025,Mansur Abdul-Malik,Nick Klein,Mansur Abdul-Malik,-1150,+730
ufc-fight-night-february-22-2025,Feb 22 2025,Ricky Simon,Javid Basharat,Ricky Simon,+194,-235
ufc-fight-night-february-22-2025,Feb 22 2025,Nikolay Veretennikov,Austin Vanderford,Austin Vanderford,-102,-116
ufc-fight-night-february-22-2025,Feb 22 2025,Nursulton Ruziboev,Eric McConico,Nursulton Ruziboev,-295,+240
ufc-fight-night-february-22-2025,Feb 22 2025,Modestas Bukauskas,Rafael Cerqueira,Modestas Bukauskas,-290,+235
ufc-fight-night-february-15-2025,Feb 15 2025,Jared Cannonier,Gregory Rodrigues,Jared Cannonier,+188,-225
ufc-fight-night-february-15-2025,Feb 15 2025,Calvin Kattar,Youssef Zalal,Youssef Zalal,+360,-460
ufc-fight-night-february-15-2025,Feb 15 2025,Edmen Shahbazyan,Dylan Budka,Edmen Shahbazyan,-390,+310
ufc-fight-night-february-15-2025,Feb 15 2025,Ismael Bonfim,Nazim Sadykhov,Nazim Sadykhov,-220,+184
ufc-fight-night-february-15-2025,Feb 15 2025,Rodolfo Vieira,Andre Petroski,Andre Petroski,-290,+235
ufc-fight-night-february-15-2025,Feb 15 2025,Angela Hill,Ketlen Souza,Angela Hill,-102,-118
ufc-fight-night-february-15-2025,Feb 15 2025,Rafael Estevam,Jesus Aguilar,Rafael Estevam,-500,+385
ufc-fight-night-february-15-2025,Feb 15 2025,Gabriel Bonfim,Khaos Williams,Gabriel Bonfim,-220,+184
ufc-fight-night-february-15-2025,Feb 15 2025,Vince Morales,Elijah Smith,Elijah Smith,+124,-146
ufc-fight-night-february-15-2025,Feb 15 2025,Don'Tale Mayes,Valter Walker,Valter Walker,+235,-290
ufc-fight-night-february-15-2025,Feb 15 2025,Julia Avila,Jacqueline Cavalcanti,Jacqueline Cavalcanti,+500,-700
ufc-312,Feb 08 2025,Dricus Du Plessis,Sean Strickland,Dricus Du Plessis,-215,+180
ufc-312,Feb 08 2025,Zhang Weili,Tatiana Suarez,Zhang Weili,+114,-135
ufc-312,Feb 08 2025,Justin Tafa,Tallison Teixeira,Tallison Teixeira,+126,-148
ufc-312,Feb 08 2025,Jimmy Crute,Rodolfo Bellato,draw/no contest,+124,-148
ufc-312,Feb 08 2025,Jake Matthews,Francisco Prado,Jake Matthews,-235,+194
ufc-312,Feb 08 2025,Jack Jenkins,Gabriel Santos,Gabriel Santos,+190,-230
ufc-312,Feb 08 2025,Tom Nolan,Viacheslav Borshchev,Tom Nolan,+100,-118
ufc-312,Feb 08 2025,Wang Cong,Bruna Brasil,Wang Cong,-355,+280
ufc-312,Feb 08 2025,Colby Thicknesse,Aleksandre Topuria,Aleksandre Topuria,+280,-350
ufc-312,Feb 08 2025,Rongzhu,Kody Steele,Rongzhu,+240,-295
ufc-312,Feb 08 2025,Jonathan Micallef,Kevin Jousset,Jonathan Micallef,+198,-240
ufc-312,Feb 08 2025,Quillan Salkilld,Anshul Jubli,Quillan Salkilld,-650,+480
ufc-fight-night-february-01-2025,Feb 01 2025,Israel Adesanya,Nassourdine Imavov,Nassourdine Imavov,-156,+132
ufc-fight-night-february-01-2025,Feb 01 2025,Sergei Pavlovich,Jairzinho Rozenstruik,Sergei Pavlovich,-295,+240
ufc-fight-night-february-01-2025,Feb 01 2025,Said Nurmagomedov,Vinicius Oliveira,Vinicius Oliveira,-164,+138
ufc-fight-night-february-01-2025,Feb 01 2025,Farès Ziam,Mike Davis,Fares Ziam,+120,-142
ufc-fight-night-february-01-2025,Feb 01 2025,Muhammad Naimov,Kaan Ofli,Muhammad Naimov,-335,+270
ufc-fight-night-february-01-2025,Feb 01 2025,Shamil Gaziev,Thomas Petersen,Shamil Gaziev,-340,+275
ufc-fight-night-february-01-2025,Feb 01 2025,Terrance McKinney,Damir Hadžović,Terrance McKinney,-500,+380
ufc-fight-night-february-01-2025,Feb 01 2025,Jasmine Jasudavicius,Mayra Bueno Silva,Jasmine Jasudavicius,-,-
ufc-fight-night-february-01-2025,Feb 01 2025,Bogdan Grad,Lucas Alexander,Bogdan Grad,+102,-120
ufc-fight-night-february-01-2025,Feb 01 2025,Hamdy Abdelwahab,Jamal Pogues,Hamdy Abdelwahab,-122,+104
ufc-311,Jan 18 2025,Islam Makhachev,Renato Moicano,Islam Makhachev,-1100,+700
ufc-311,Jan 18 2025,Merab Dvalishvili,Umar Nurmagomedov,Merab Dvalishvili,+225,-275
ufc-311,Jan 18 2025,Jiří Procházka,Jamahal Hill,Jiri Prochazka,+105,-125
ufc-311,Jan 18 2025,Jailton Almeida,Serghei Spivac,Jailton Almeida,-450,+350
ufc-311,Jan 18 2025,Kevin Holland,Reinier de Ridder,Reinier de Ridder,+108,-126
ufc-311,Jan 18 2025,Payton Talbott,Raoni Barcelos,Raoni Barcelos,-1200,+750
ufc-311,Jan 18 2025,Bogdan Guskov,Billy Elekana,Bogdan Guskov,-355,+285
ufc-311,Jan 18 2025,Grant Dawson,Diego Ferreira,Grant Dawson,-245,+200
ufc-311,Jan 18 2025,Karol Rosa,Ailin Perez,Ailin Perez,-245,+200
ufc-311,Jan 18 2025,Rinya Nakamura,Muin Gafurov,Muin Gafurov,-620,+460
ufc-311,Jan 18 2025,Ricky Turcios,Benardo Sopaj,Benardo Sopaj,+215,-260
ufc-311,Jan 18 2025,Tagir Ulanbekov,Clayton Carpenter,Tagir Ulanbekov,-330,+265
ufc-fight-night-january-11-2025,Jan 11 2025,Mackenzie Dern,Amanda Ribas,Mackenzie Dern,+164,-198
ufc-fight-night-january-11-2025,Jan 11 2025,Santiago Ponzinibbio,Carlston Harris,Santiago Ponzinibbio,-134,+114
ufc-fight-night-january-11-2025,Jan 11 2025,Cesar Almeida,Abdul Razak Alhassan,Cesar Almeida,-255,+210
ufc-fight-night-january-11-2025,Jan 11 2025,Chris Curtis,Roman Kopylov,Roman Kopylov,+188,-225
ufc-fight-night-january-11-2025,Jan 11 2025,Christian Rodriguez,Austin Bashi,Christian Rodriguez,+215,-260
ufc-fight-night-january-11-2025,Jan 11 2025,Punahele Soriano,Uroš Medić,Punahele Soriano,+170,-205
ufc-fight-night-january-11-2025,Jan 11 2025,Jose Johnson,Felipe Bunes,Felipe Bunes,-176,+148
ufc-fight-night-january-11-2025,Jan 11 2025,Marco Tulio,Ihor Potieria,Marco Tulio,-550,+410
ufc-fight-night-january-11-2025,Jan 11 2025,Thiago Moisés,Trey Ogden,Thiago Moises,-180,+150
ufc-fight-night-january-11-2025,Jan 11 2025,Preston Parsons,Jacobe Smith,Jacobe Smith,+450,-600
ufc-fight-night-january-11-2025,Jan 11 2025,Ernesta Kareckaitė,Nicolle Caliari,Ernesta Kareckaite,-258,+210
ufc-fight-night-january-11-2025,Jan 11 2025,Magomed Gadzhiyasulov,Bruno Lopes,Bruno Lopes,-255,+210
ufc-fight-night-january-11-2025,Jan 11 2025,Fatima Kline,Viktoriia Dudakova,Fatima Kline,-800,+550
ufc-fight-night-january-11-2025,Jan 11 2025,Nurullo Aliev,Joe Solecki,Nurullo Aliev,-720,+530
ufc-fight-night-december-14-2024,Dec 14 2024,Colby Covington,Joaquin Buckley,Joaquin Buckley,+220,-270
ufc-fight-night-december-14-2024,Dec 14 2024,Cub Swanson,Billy Quarantillo,Cub Swanson,+132,-156
ufc-fight-night-december-14-2024,Dec 14 2024,Manel Kape,Bruno Silva,Manel Kape,-350,+280
ufc-fight-night-december-14-2024,Dec 14 2024,Vitor Petrino,Dustin Jacoby,Dustin Jacoby,-355,+285
ufc-fight-night-december-14-2024,Dec 14 2024,Adrian Yanez,Daniel Marcos,Daniel Marcos,+180,-215
ufc-fight-night-december-14-2024,Dec 14 2024,Navajo Stirling,Tuco Tokkos,Navajo Stirling,-720,+520
ufc-fight-night-december-14-2024,Dec 14 2024,Michael Johnson,Ottman Azaitar,Michael Johnson,-220,+184
ufc-fight-night-december-14-2024,Dec 14 2024,Joel Álvarez,Drakkar Klose,Joel Alvarez,-425,+330
ufc-fight-night-december-14-2024,Dec 14 2024,Sean Woodson,Fernando Padilla,Sean Woodson,-156,+132
ufc-fight-night-december-14-2024,Dec 14 2024,Miles Johns,Felipe Lima,Felipe Lima,+210,-255
ufc-fight-night-december-14-2024,Dec 14 2024,Miranda Maverick,Jamey-Lyn Horth,Miranda Maverick,-600,+440
ufc-fight-night-december-14-2024,Dec 14 2024,Davey Grant,Ramon Taveras,Davey Grant,-118,-102
ufc-fight-night-december-14-2024,Dec 14 2024,Josefine Knutsson,Piera Rodriguez,Piera Rodriguez,-245,+200
ufc-310,Dec 07 2024,Alexandre Pantoja,Kai Asakura,Alexandre Pantoja,-250,+205
ufc-310,Dec 07 2024,Shavkat Rakhmonov,Ian Machado Garry,Shavkat Rakhmonov,-375,+300
ufc-310,Dec 07 2024,Bryce Mitchell,Kron Gracie,Bryce Mitchell,-720,+520
ufc-310,Dec 07 2024,Nate Landwehr,Dooho Choi,Dooho Choi,-134,+114
ufc-310,Dec 07 2024,Dominick Reyes,Anthony Smith,Dominick Reyes,-330,+265
ufc-310,Dec 07 2024,Vicente Luque,Themba Gorimbo,Vicente Luque,+138,-164
ufc-310,Dec 07 2024,Movsar Evloev,Aljamain Sterling,Movsar Evloev,-235,+194
ufc-310,Dec 07 2024,Randy Brown,Bryan Battle,Bryan Battle,+164,-196
ufc-310,Dec 07 2024,Chris Weidman,Eryk Anders,Eryk Anders,-116,-102
ufc-310,Dec 07 2024,Cody Durden,Joshua Van,Joshua Van,+132,-156
ufc-310,Dec 07 2024,Michael Chiesa,Max Griffin,Michael Chiesa,-116,-102
ufc-310,Dec 07 2024,Clay Guida,Chase Hooper,Chase Hooper,+730,-1150
ufc-310,Dec 07 2024,Kennedy Nzechukwu,Lukasz Brzeski,Kennedy Nzechukwu,-620,+460
ufc-fight-night-november-23-2024,Nov 23 2024,Petr Yan,Deiveson Figueiredo,Petr Yan,-300,+245
ufc-fight-night-november-23-2024,Nov 23 2024,Yan Xiaonan,Tabatha Ricci,Yan Xiaonan,-,-
ufc-fight-night-november-23-2024,Nov 23 2024,Song Kenan,Muslim Salikhov,Muslim Salikhov,+180,-215
ufc-fight-night-november-23-2024,Nov 23 2024,Wang Cong,Gabriella Fernandes,Gabriella Fernandes,-500,+380
ufc-fight-night-november-23-2024,Nov 23 2024,Volkan Oezdemir,Carlos Ulberg,Carlos Ulberg,+225,-275
ufc-fight-night-november-23-2024,Nov 23 2024,Zhang Mingyang,Ozzy Diaz,Zhang Mingyang,-260,+215
ufc-fight-night-november-23-2024,Nov 23 2024,Baergeng Jieleyisi,SuYoung You,SuYoung You,+184,-220
ufc-fight-night-november-23-2024,Nov 23 2024,Kiru Sahota,DongHun Choi,DongHun Choi,+106,-124
ufc-fight-night-november-23-2024,Nov 23 2024,Shi Ming,Feng Xiaocan,Shi Ming,-,-
ufc-fight-night-november-23-2024,Nov 23 2024,Nyamjargal Tumendemberel,Carlos Hernandez,Carlos Hernandez,+122,-156
ufc-fight-night-november-23-2024,Nov 23 2024,Lone’er Kavanagh,Jose Ochoa,Lone'er Kavanagh,-,-
ufc-fight-night-november-23-2024,Nov 23 2024,Xiao Long,Quang Le,Xiao Long,-144,+122
ufc-fight-night-november-23-2024,Nov 23 2024,Maheshate,Nikolas Motta,Nikolas Motta,-215,+180
ufc-309,Nov 16 2024,Jon Jones,Stipe Miocic,Jon Jones,-620,+460
ufc-309,Nov 16 2024,Bo Nickal,Paul Craig,Bo Nickal,-1200,+750
ufc-309,Nov 16 2024,Viviane Araújo,Karine Silva,Viviane Araujo,+240,-298
ufc-309,Nov 16 2024,Mauricio Ruffy,James Llontop,Mauricio Ruffy,-950,+640
ufc-309,Nov 16 2024,Jonathan Martinez,Marcus McGhee,Marcus McGhee,+118,-138
ufc-309,Nov 16 2024,Jim Miller,Damon Jackson,Jim Miller,+150,-178
ufc-309,Nov 16 2024,David Onama,Roberto Romero,David Onama,-1200,+750
ufc-309,Nov 16 2024,Marcin Tybura,Jhonata Diniz,Marcin Tybura,-144,+122
ufc-309,Nov 16 2024,Mickey Gall,Ramiz Brahimaj,Ramiz Brahimaj,-138,+118
ufc-309,Nov 16 2024,Bassil Hafez,Oban Elliott,Oban Elliott,+230,-280
ufc-309,Nov 16 2024,Veronica Hardy,Eduarda Moura,Eduarda Moura,-142,+120
ufc-fight-night-november-09-2024,Nov 09 2024,Neil Magny,Carlos Prates,Carlos Prates,+570,-820
ufc-fight-night-november-09-2024,Nov 09 2024,Gerald Meerschaert,Reinier de Ridder,Reinier de Ridder,+245,-300
ufc-fight-night-november-09-2024,Nov 09 2024,Gaston Bolanos,Cortavious Romious,Gaston Bolanos,+176,-210
ufc-fight-night-november-09-2024,Nov 09 2024,Luana Pinheiro,Gillian Robertson,Gillian Robertson,+310,-395
ufc-fight-night-november-09-2024,Nov 09 2024,Mansur Abdul-Malik,Duško Todorović,Mansur Abdul-Malik,-485,+370
ufc-fight-night-november-09-2024,Nov 09 2024,Karolina Kowalkiewicz,Denise Gomes,Denise Gomes,+400,-535
ufc-fight-night-november-09-2024,Nov 09 2024,Matthew Semelsberger,Charles Radtke,Charles Radtke,+138,-164
ufc-fight-night-november-09-2024,Nov 09 2024,Cody Stamann,Da'Mon Blackshear,Da'Mon Blackshear,+220,-270
ufc-fight-night-november-09-2024,Nov 09 2024,Tresean Gore,Antonio Trocoli,Tresean Gore,-178,+150
ufc-fight-night-november-09-2024,Nov 09 2024,Melissa Mullins,Klaudia Sygula,Melissa Mullins,-298,+240
ufc-fight-night-november-02-2024,Nov 02 2024,Brandon Moreno,Amir Albazi,Brandon Moreno,-176,+142
ufc-fight-night-november-02-2024,Nov 02 2024,Erin Blanchfield,Rose Namajunas,Erin Blanchfield,-135,+114
ufc-fight-night-november-02-2024,Nov 02 2024,Caio Machado,Brendson Ribeiro,Brendson Ribeiro,-152,+124
ufc-fight-night-november-02-2024,Nov 02 2024,Ariane da Silva,Jasmine Jasudavicius,Jasmine Jasudavicius,+190,-230
ufc-fight-night-november-02-2024,Nov 02 2024,Marc-Andre Barriault,Dustin Stoltzfus,Dustin Stoltzfus,-205,+164
ufc-fight-night-november-02-2024,Nov 02 2024,Mike Malott,Trevin Giles,Mike Malott,-310,+240
ufc-fight-night-november-02-2024,Nov 02 2024,Aiemann Zahabi,Pedro Munhoz,Aiemann Zahabi,-140,+114
ufc-fight-night-november-02-2024,Nov 02 2024,Charles Jourdain,Victor Henry,Charles Jourdain,-142,+116
ufc-fight-night-november-02-2024,Nov 02 2024,Jack Shore,Youssef Zalal,Youssef Zalal,+250,-325
ufc-fight-night-november-02-2024,Nov 02 2024,Alexandr Romanov,Rodrigo Nascimento,Alexandr Romanov,-105,-115
ufc-fight-night-november-02-2024,Nov 02 2024,Serhiy Sidey,Garrett Armfield,Serhiy Sidey,-140,+114
ufc-fight-night-november-02-2024,Nov 02 2024,Chad Anheliger,Cody Gibson,Cody Gibson,+164,-205
ufc-fight-night-november-02-2024,Nov 02 2024,Jamey-Lyn Horth,Ivana Petrovic,Jamey-Lyn Horth,-205,+170
ufc-308,Oct 26 2024,Ilia Topuria,Max Holloway,Ilia Topuria,-260,+215
ufc-308,Oct 26 2024,Robert Whittaker,Khamzat Chimaev,Khamzat Chimaev,+198,-240
ufc-308,Oct 26 2024,Magomed Ankalaev,Aleksandar Rakić,Magomed Ankalaev,-380,+300
ufc-308,Oct 26 2024,Lerone Murphy,Dan Ige,Lerone Murphy,-260,+215
ufc-308,Oct 26 2024,Shara Magomedov,Armen Petrosyan,Shara Magomedov,-176,+148
ufc-308,Oct 26 2024,Ibo Aslan,Rafael Cerqueira,Ibo Aslan,-102,-116
ufc-308,Oct 26 2024,Geoff Neal,Rafael Dos Anjos,Geoff Neal,-290,+235
ufc-308,Oct 26 2024,Mateusz Rębecki,Myktybek Orolbai,Mateusz Rebecki,+250,-310
ufc-308,Oct 26 2024,Abus Magomedov,Brunno Ferreira,Abus Magomedov,-156,+132
ufc-308,Oct 26 2024,Kennedy Nzechukwu,Chris Barnett,Kennedy Nzechukwu,-900,+610
ufc-308,Oct 26 2024,Farid Basharat,Victor Hugo,Farid Basharat,-720,+520
ufc-308,Oct 26 2024,Ismail Naurdiev,Bruno Silva,Ismail Naurdiev,-172,+142
ufc-308,Oct 26 2024,Rinat Fakhretdinov,Carlos Leal,Rinat Fakhretdinov,-230,+190
ufc-fight-night-october-19-2024,Oct 19 2024,Anthony Hernandez,Michel Pereira,Anthony Hernandez,-134,+114
ufc-fight-night-october-19-2024,Oct 19 2024,Rob Font,Kyler Phillips,Rob Font,+385,-500
ufc-fight-night-october-19-2024,Oct 19 2024,Charles Johnson,Sumudaerji,Charles Johnson,+184,-220
ufc-fight-night-october-19-2024,Oct 19 2024,Jake Hadley,Cameron Smotherman,Cameron Smotherman,-520,+390
ufc-fight-night-october-19-2024,Oct 19 2024,Darren Elkins,Daniel Pineda,Darren Elkins,-112,-104
ufc-fight-night-october-19-2024,Oct 19 2024,Matheus Nicolau,Asu Almabayev,Asu Almabayev,+180,-215
ufc-fight-night-october-19-2024,Oct 19 2024,Brad Katona,Jean Matsumoto,Jean Matsumoto,+188,-225
ufc-fight-night-october-19-2024,Oct 19 2024,Joselyne Edwards,Tamires Vidal,Joselyne Edwards,-258,+210
ufc-fight-night-october-19-2024,Oct 19 2024,Jessica Penne,Elise Reed,Elise Reed,+154,-185
ufc-fight-night-october-19-2024,Oct 19 2024,Melissa Martinez,Alice Ardelean,Melissa Martinez,-148,+124
ufc-fight-night-october-19-2024,Oct 19 2024,Austen Lane,Robelis Despaigne,Austen Lane,+270,-335
ufc-fight-night-october-12-2024,Oct 12 2024,Brandon Royval,Tatsuro Taira,Brandon Royval,+235,-290
ufc-fight-night-october-12-2024,Oct 12 2024,Brad Tavares,JunYong Park,JunYong Park,+152,-180
ufc-fight-night-october-12-2024,Oct 12 2024,Chidi Njokuani,Jared Gooden,Chidi Njokuani,-178,+150
ufc-fight-night-october-12-2024,Oct 12 2024,Grant Dawson,Rafa Garcia,Grant Dawson,-405,+320
ufc-fight-night-october-12-2024,Oct 12 2024,Daniel Rodriguez,Alex Morono,Daniel Rodriguez,-205,+172
ufc-fight-night-october-12-2024,Oct 12 2024,CJ Vergara,Ramazan Temirov,Ramazan Temirov,+265,-330
ufc-fight-night-october-12-2024,Oct 12 2024,Jonathan Pearce,Pat Sabatini,Pat Sabatini,-184,+154
ufc-fight-night-october-12-2024,Oct 12 2024,Themba Gorimbo,Niko Price,Themba Gorimbo,-350,+280
ufc-fight-night-october-12-2024,Oct 12 2024,Junior Tafa,Sean Sharaf,Junior Tafa,-330,+265
ufc-fight-night-october-12-2024,Oct 12 2024,Julia Polastri,Cory McKenna,Julia Polastri,-130,+110
ufc-fight-night-october-12-2024,Oct 12 2024,Dan Argueta,Cody Haddon,Cody Haddon,+154,-184
ufc-fight-night-october-12-2024,Oct 12 2024,Clayton Carpenter,Lucas Rocha,Clayton Carpenter,-225,+188
ufc-307,Oct 05 2024,Alex Pereira,Khalil Rountree Jr.,Alex Pereira,-480,+370
ufc-307,Oct 05 2024,Raquel Pennington,Julianna Peña,Julianna Pena,-170,+142
ufc-307,Oct 05 2024,José Aldo,Mario Bautista,Mario Bautista,+124,-148
ufc-307,Oct 05 2024,Roman Dolidze,Kevin Holland,Roman Dolidze,+130,-154
ufc-307,Oct 05 2024,Ketlen Vieira,Kayla Harrison,Kayla Harrison,+600,-900
ufc-307,Oct 05 2024,Stephen Thompson,Joaquin Buckley,Joaquin Buckley,+188,-225
ufc-307,Oct 05 2024,Marina Rodriguez,Iasmin Lucindo,Iasmin Lucindo,+142,-170
ufc-307,Oct 05 2024,Austin Hubbard,Alexander Hernandez,Alexander Hernandez,+122,-144
ufc-307,Oct 05 2024,Cesar Almeida,Ihor Potieria,Cesar Almeida,-375,+300
ufc-307,Oct 05 2024,Ryan Spann,Ovince Saint Preux,Ryan Spann,-240,+198
ufc-307,Oct 05 2024,Carla Esparza,Tecia Pennington,Tecia Pennington,-,-
ufc-307,Oct 05 2024,Court McGee,Tim Means,Court McGee,+164,-196
ufc-fight-night-september-28-2024,Sep 28 2024,Renato Moicano,Benoît Saint Denis,Renato Moicano,+215,-265
ufc-fight-night-september-28-2024,Sep 28 2024,Nassourdine Imavov,Brendan Allen,Nassourdine Imavov,-200,+168
ufc-fight-night-september-28-2024,Sep 28 2024,William Gomis,Joanderson Brito,William Gomis,+245,-300
ufc-fight-night-september-28-2024,Sep 28 2024,Kevin Jousset,Bryan Battle,Bryan Battle,+142,-168
ufc-fight-night-september-28-2024,Sep 28 2024,Morgan Charriere,Gabriel Miranda,Morgan Charriere,-750,+530
ufc-fight-night-september-28-2024,Sep 28 2024,Farès Ziam,Matt Frevola,Fares Ziam,-118,-102
ufc-fight-night-september-28-2024,Sep 28 2024,Ion Cutelaba,Ivan Erslan,Ion Cutelaba,-102,-116
ufc-fight-night-september-28-2024,Sep 28 2024,Oumar Sy,Da Woon Jung,Oumar Sy,-510,+390
ufc-fight-night-september-28-2024,Sep 28 2024,Ludovit Klein,Roosevelt Roberts,Ludovit Klein,-1000,+660
ufc-fight-night-september-28-2024,Sep 28 2024,Taylor Lapilus,Vince Morales,Taylor Lapilus,-350,+280
ufc-fight-night-september-28-2024,Sep 28 2024,Ailin Perez,Daria Zhelezniakova,Ailin Perez,-230,+190
ufc-fight-night-september-28-2024,Sep 28 2024,Daniel Barez,Victor Altamirano,Daniel Barez,+112,-132
ufc-fight-night-september-28-2024,Sep 28 2024,Nora Cornolle,Jacqueline Cavalcanti,Jacqueline Cavalcanti,+170,-205
ufc-fight-night-september-28-2024,Sep 28 2024,Bolaji Oki,Chris Duncan,Chris Duncan,-180,+152
riyadh-season-noche-ufc,Sep 14 2024,Brian Ortega,Diego Lopes,Diego Lopes,+144,-172
riyadh-season-noche-ufc,Sep 14 2024,Daniel Zellhuber,Esteban Ribovics,Esteban Ribovics,-215,+180
riyadh-season-noche-ufc,Sep 14 2024,Ronaldo Rodriguez,Ode' Osbourne,Ronaldo Rodriguez,-,-
riyadh-season-noche-ufc,Sep 14 2024,Irene Aldana,Norma Dumont,Norma Dumont,-130,+110
riyadh-season-noche-ufc,Sep 14 2024,Manuel Torres,Ignacio Bahamondes,Ignacio Bahamondes,-132,+112
riyadh-season-noche-ufc,Sep 14 2024,Yazmin Jauregui,Ketlen Souza,Ketlen Souza,-455,+350
riyadh-season-noche-ufc,Sep 14 2024,Edgar Chairez,Joshua Van,Joshua Van,+194,-235
riyadh-season-noche-ufc,Sep 14 2024,Raul Rosas Jr.,Aoriqileng,Raul Rosas Jr.,-1100,+700
ufc-fight-night-september-07-2024,Sep 07 2024,Gilbert Burns,Sean Brady,Sean Brady,+152,-180
ufc-fight-night-september-07-2024,Sep 07 2024,Jéssica Andrade,Natalia Silva,Natalia Silva,+250,-310
ufc-fight-night-september-07-2024,Sep 07 2024,Steve Garcia,Kyle Nelson,Steve Garcia,-180,+152
ufc-fight-night-september-07-2024,Sep 07 2024,Matt Schnell,Cody Durden,Cody Durden,+230,-280
ufc-fight-night-september-07-2024,Sep 07 2024,Trevor Peek,Yanal Ashmouz,Yanal Ashmouz,-126,+108
ufc-fight-night-september-07-2024,Sep 07 2024,Rongzhu,Chris Padilla,Chris Padilla,-245,+200
ufc-fight-night-september-07-2024,Sep 07 2024,Isaac Dulgarian,Brendon Marotte,Isaac Dulgarian,-1800,+1000
ufc-fight-night-september-07-2024,Sep 07 2024,Felipe dos Santos,Andre Lima,Andre Lima,+148,-176
ufc-fight-night-september-07-2024,Sep 07 2024,Yizha,Gabriel Santos,Gabriel Santos,+235,-290
ufc-fight-night-september-07-2024,Sep 07 2024,Jaqueline Amorim,Vanessa Demopoulos,Jaqueline Amorim,-305,+245
ufc-fight-night-september-07-2024,Sep 07 2024,Andre Petroski,Dylan Budka,Andre Petroski,-300,+245
ufc-fight-night-september-07-2024,Sep 07 2024,Zygimantas Ramaska,Nathan Fletcher,Nathan Fletcher,+108,-126
ufc-fight-night-august-24-2024,Aug 24 2024,Jared Cannonier,Caio Borralho,Caio Borralho,+200,-245
ufc-fight-night-august-24-2024,Aug 24 2024,Angela Hill,Tabatha Ricci,Tabatha Ricci,+110,-130
ufc-fight-night-august-24-2024,Aug 24 2024,Robert Valentin,Ryan Loder,Ryan Loder,-168,+142
ufc-fight-night-august-24-2024,Aug 24 2024,Kaan Ofli,Mairon Santos,Mairon Santos,+168,-200
ufc-fight-night-august-24-2024,Aug 24 2024,Neil Magny,Michael Morales,Michael Morales,+590,-850
ufc-fight-night-august-24-2024,Aug 24 2024,Edmen Shahbazyan,Gerald Meerschaert,Gerald Meerschaert,-360,+290
ufc-fight-night-august-24-2024,Aug 24 2024,Dennis Buzukja,Francis Marshall,Francis Marshall,+116,-136
ufc-fight-night-august-24-2024,Aug 24 2024,Viacheslav Borshchev,James Llontop,Viacheslav Borshchev,-210,+176
ufc-fight-night-august-24-2024,Aug 24 2024,Jacqueline Cavalcanti,Josiane Nunes,Jacqueline Cavalcanti,-230,+190
ufc-fight-night-august-24-2024,Aug 24 2024,Wang Cong,Victoria Leonardo,Wang Cong,-1200,+750
ufc-305,Aug 17 2024,Dricus Du Plessis,Israel Adesanya,Dricus Du Plessis,-102,-116
ufc-305,Aug 17 2024,Kai Kara-France,Steve Erceg,Kai Kara-France,+142,-168
ufc-305,Aug 17 2024,Mateusz Gamrot,Dan Hooker,Dan Hooker,-340,+275
ufc-305,Aug 17 2024,Tai Tuivasa,Jairzinho Rozenstruik,Jairzinho Rozenstruik,+190,-230
ufc-305,Aug 17 2024,Li Jingliang,Carlos Prates,Carlos Prates,+280,-350
ufc-305,Aug 17 2024,Junior Tafa,Valter Walker,Valter Walker,-126,+108
ufc-305,Aug 17 2024,Josh Culibao,Ricardo Ramos,Ricardo Ramos,-136,+116
ufc-305,Aug 17 2024,Casey O'Neill,Luana Santos,Casey O'Neill,-,-
ufc-305,Aug 17 2024,Jack Jenkins,Herbert Burns,Jack Jenkins,-800,+560
ufc-305,Aug 17 2024,Tom Nolan,Alex Reyes,Tom Nolan,-1350,+810
ufc-305,Aug 17 2024,Song Kenan,Ricky Glenn,Song Kenan,-188,+158
ufc-305,Aug 17 2024,Stewart Nicoll,Jesus Aguilar,Jesus Aguilar,-210,+176
ufc-fight-night-august-10-2024,Aug 10 2024,Marcin Tybura,Serghei Spivac,Serghei Spivac,+138,-164
ufc-fight-night-august-10-2024,Aug 10 2024,Damon Jackson,Chepe Mariscal,Chepe Mariscal,+184,-220
ufc-fight-night-august-10-2024,Aug 10 2024,Danny Barlow,Nikolay Veretennikov,Danny Barlow,-370,+295
ufc-fight-night-august-10-2024,Aug 10 2024,Chris Gutierrez,Quang Le,Chris Gutierrez,-560,+420
ufc-fight-night-august-10-2024,Aug 10 2024,Yana Santos,Chelsea Chandler,Yana Santos,-142,+120
ufc-fight-night-august-10-2024,Aug 10 2024,Toshiomi Kazama,Charalampos Grigoriou,Toshiomi Kazama,+210,-255
ufc-fight-night-august-10-2024,Aug 10 2024,Karol Rosa,Pannie Kianzad,Karol Rosa,-205,+170
ufc-fight-night-august-10-2024,Aug 10 2024,Jhonata Diniz,Karl Williams,Jhonata Diniz,+176,-210
ufc-fight-night-august-10-2024,Aug 10 2024,Youssef Zalal,Jarno Errens,Youssef Zalal,-490,+380
ufc-fight-night-august-10-2024,Aug 10 2024,Stephanie Luciano,Talita Alencar,Stephanie Luciano,-,-
ufc-fight-night-august-03-2024,Aug 03 2024,Cory Sandhagen,Umar Nurmagomedov,Umar Nurmagomedov,+280,-350
ufc-fight-night-august-03-2024,Aug 03 2024,Shara Magomedov,Michal Oleksiejczuk,Shara Magomedov,-260,+215
ufc-fight-night-august-03-2024,Aug 03 2024,Marlon Vera,Deiveson Figueiredo,Deiveson Figueiredo,+116,-136
ufc-fight-night-august-03-2024,Aug 03 2024,Tony Ferguson,Michael Chiesa,Michael Chiesa,+410,-550
ufc-fight-night-august-03-2024,Aug 03 2024,Mackenzie Dern,Loopy Godinez,Mackenzie Dern,-,-
ufc-fight-night-august-03-2024,Aug 03 2024,Joel Álvarez,Elves Brener,Joel Alvarez,-192,+160
ufc-fight-night-august-03-2024,Aug 03 2024,Azamat Murzakanov,Alonzo Menifield,Azamat Murzakanov,-225,+188
ufc-fight-night-august-03-2024,Aug 03 2024,Mohammad Yahya,Kauê Fernandes,Kaue Fernandes,+300,-380
ufc-fight-night-august-03-2024,Aug 03 2024,Shamil Gaziev,Don'Tale Mayes,Shamil Gaziev,-300,+245
ufc-fight-night-august-03-2024,Aug 03 2024,Guram Kutateladze,Jordan Vucenic,Guram Kutateladze,-230,+190
ufc-fight-night-august-03-2024,Aug 03 2024,Viktoriia Dudakova,Sam Hughes,Sam Hughes,-175,+145
ufc-fight-night-august-03-2024,Aug 03 2024,Jai Herbert,Rolando Bedoya,Jai Herbert,-130,+110
ufc-fight-night-august-03-2024,Aug 03 2024,Sedriques Dumas,Denis Tiuliulin,Sedriques Dumas,-220,+184
ufc-304,Jul 27 2024,King Green,Paddy Pimblett,Paddy Pimblett,-125,+105
ufc-304,Jul 27 2024,Christian Leroy Duncan,Gregory Rodrigues,Gregory Rodrigues,-134,+114
ufc-304,Jul 27 2024,Arnold Allen,Giga Chikadze,Arnold Allen,-225,+188
ufc-304,Jul 27 2024,Nathaniel Wood,Daniel Pineda,Nathaniel Wood,-430,+340
ufc-304,Jul 27 2024,Molly McCann,Bruna Brasil,Bruna Brasil,-360,+285
ufc-304,Jul 27 2024,Jake Hadley,Caolán Loughran,Jake Hadley,-218,+180
ufc-304,Jul 27 2024,Muhammad Mokaev,Manel Kape,Muhammad Mokaev,-162,+136
ufc-304,Jul 27 2024,Oban Elliott,Preston Parsons,Oban Elliott,+124,-146
ufc-304,Jul 27 2024,Modestas Bukauskas,Marcin Prachnio,Modestas Bukauskas,-146,+124
ufc-304,Jul 27 2024,Sam Patterson,Kiefer Crosbie,Sam Patterson,-420,+330
ufc-304,Jul 27 2024,Mick Parkin,Lukasz Brzeski,Mick Parkin,-355,+285
ufc-304,Jul 27 2024,Shauna Bannon,Alice Ardelean,Shauna Bannon,+114,-135
ufc-fight-night-july-20-2024,Jul 20 2024,Amanda Lemos,Virna Jandiroba,Virna Jandiroba,+114,-135
ufc-fight-night-july-20-2024,Jul 20 2024,Steve Garcia,Seungwoo Choi,Steve Garcia,-148,+124
ufc-fight-night-july-20-2024,Jul 20 2024,Kurt Holobaugh,Kaynan Kruschewsky,Kurt Holobaugh,+114,-134
ufc-fight-night-july-20-2024,Jul 20 2024,Cody Durden,Bruno Silva,Bruno Silva,-102,-116
ufc-fight-night-july-20-2024,Jul 20 2024,Dooho Choi,Bill Algeo,Dooho Choi,+146,-174
ufc-fight-night-july-20-2024,Jul 20 2024,JeongYeong Lee,Hyder Amil,Hyder Amil,-196,+164
ufc-fight-night-july-20-2024,Jul 20 2024,Brian Kelleher,Cody Gibson,Cody Gibson,+168,-200
ufc-fight-night-july-20-2024,Jul 20 2024,Miranda Maverick,Dione Barbosa,Miranda Maverick,-218,+180
ufc-fight-night-july-20-2024,Jul 20 2024,Loik Radzhabov,Trey Ogden,Trey Ogden,-116,-102
ufc-fight-night-july-20-2024,Jul 20 2024,Luana Carolina,Lucie Pudilova,Luana Carolina,-110,-110
ufc-fight-night-july-20-2024,Jul 20 2024,Mohammed Usman,Thomas Petersen,Thomas Petersen,-120,+102
ufc-fight-night-july-13-2024,Jul 13 2024,Rose Namajunas,Tracy Cortez,Rose Namajunas,-142,-
ufc-fight-night-july-13-2024,Jul 13 2024,Santiago Ponzinibbio,Muslim Salikhov,Muslim Salikhov,-200,+168
ufc-fight-night-july-13-2024,Jul 13 2024,Drew Dober,Jean Silva,Jean Silva,-102,-116
ufc-fight-night-july-13-2024,Jul 13 2024,Gabriel Bonfim,Ange Loosa,Gabriel Bonfim,-330,+265
ufc-fight-night-july-13-2024,Jul 13 2024,Julian Erosa,Christian Rodriguez,Julian Erosa,+184,-220
ufc-fight-night-july-13-2024,Jul 13 2024,Abdul Razak Alhassan,Cody Brundage,draw/no contest,-166,+140
ufc-fight-night-july-13-2024,Jul 13 2024,Joshua Van,Charles Johnson,Charles Johnson,-235,+194
ufc-fight-night-july-13-2024,Jul 13 2024,Jasmine Jasudavicius,Fatima Kline,Jasmine Jasudavicius,-105,-115
ufc-fight-night-july-13-2024,Jul 13 2024,Montel Jackson,Da'Mon Blackshear,Montel Jackson,-144,+122
ufc-fight-night-july-13-2024,Jul 13 2024,Luana Santos,Mariya Agapova,Luana Santos,-410,+290
ufc-fight-night-july-13-2024,Jul 13 2024,Josh Fremd,Andre Petroski,Andre Petroski,-102,-116
ufc-fight-night-july-13-2024,Jul 13 2024,Evan Elder,Darrius Flowers,Evan Elder,-430,+340
ufc-303,Jun 29 2024,Dan Ige,Diego Lopes,Diego Lopes,-,-
ufc-303,Jun 29 2024,Anthony Smith,Roman Dolidze,Roman Dolidze,+124,-146
ufc-303,Jun 29 2024,Mayra Bueno Silva,Macy Chiasson,Macy Chiasson,-110,-110
ufc-303,Jun 29 2024,Joe Pyfer,Marc-Andre Barriault,Joe Pyfer,-295,+240
ufc-303,Jun 29 2024,Cub Swanson,Andre Fili,Andre Fili,+190,-230
ufc-303,Jun 29 2024,Charles Jourdain,Jean Silva,Jean Silva,-112,-104
ufc-303,Jun 29 2024,Payton Talbott,Yanis Ghemmouri,Payton Talbott,-1800,+980
ufc-303,Jun 29 2024,Michelle Waterson-Gomez,Gillian Robertson,Gillian Robertson,+154,-185
ufc-303,Jun 29 2024,Andrei Arlovski,Martin Buday,Martin Buday,+215,-260
ufc-303,Jun 29 2024,Rei Tsuruya,Carlos Hernandez,Rei Tsuruya,-450,+350
ufc-303,Jun 29 2024,Ricky Simon,Vinicius Oliveira,Vinicius Oliveira,-245,+200
ufc-fight-night-june-22-2024,Jun 22 2024,Robert Whittaker,Ikram Aliskerov,Robert Whittaker,-148,+126
ufc-fight-night-june-22-2024,Jun 22 2024,Sergei Pavlovich,Alexander Volkov,Alexander Volkov,-240,+198
ufc-fight-night-june-22-2024,Jun 22 2024,Kelvin Gastelum,Daniel Rodriguez,Kelvin Gastelum,-200,+168
ufc-fight-night-june-22-2024,Jun 22 2024,Shara Magomedov,Antonio Trocoli,Shara Magomedov,-490,+380
ufc-fight-night-june-22-2024,Jun 22 2024,Johnny Walker,Volkan Oezdemir,Volkan Oezdemir,-120,+102
ufc-fight-night-june-22-2024,Jun 22 2024,Nasrat Haqparast,Jared Gordon,Nasrat Haqparast,-230,+190
ufc-fight-night-june-22-2024,Jun 22 2024,Muhammad Naimov,Felipe Lima,Felipe Lima,-104,-112
ufc-fight-night-june-22-2024,Jun 22 2024,Rinat Fakhretdinov,Nicolas Dalby,Rinat Fakhretdinov,-360,+290
ufc-fight-night-june-22-2024,Jun 22 2024,Kyung Ho Kang,Muin Gafurov,Muin Gafurov,+136,-162
ufc-fight-night-june-22-2024,Jun 22 2024,Magomed Gadzhiyasulov,Brendson Ribeiro,Magomed Gadzhiyasulov,-320,+260
ufc-fight-night-june-22-2024,Jun 22 2024,Xiao Long,ChangHo Lee,ChangHo Lee,-112,-104
ufc-fight-night-june-15-2024,Jun 15 2024,Alex Perez,Tatsuro Taira,Tatsuro Taira,+168,-200
ufc-fight-night-june-15-2024,Jun 15 2024,Douglas Silva de Andrade,Miles Johns,Miles Johns,+120,-142
ufc-fight-night-june-15-2024,Jun 15 2024,Timmy Cuamba,Lucas Almeida,Lucas Almeida,-188,+158
ufc-fight-night-june-15-2024,Jun 15 2024,Brady Hiestand,Garrett Armfield,Brady Hiestand,+166,-198
ufc-fight-night-june-15-2024,Jun 15 2024,Asu Almabayev,Jose Johnson,Asu Almabayev,-550,+410
ufc-fight-night-june-15-2024,Jun 15 2024,Josh Quinlan,Adam Fugitt,Adam Fugitt,-124,+106
ufc-fight-night-june-15-2024,Jun 15 2024,Jimmy Flick,Nate Maness,Nate Maness,+420,-560
ufc-fight-night-june-15-2024,Jun 15 2024,Carli Judice,Gabriella Fernandes,Gabriella Fernandes,-,-
ufc-fight-night-june-15-2024,Jun 15 2024,Jeka Saragih,Westin Wilson,Westin Wilson,-350,+280
ufc-fight-night-june-15-2024,Jun 15 2024,Melquizael Costa,Shayilan Nuerdanbieke,Melquizael Costa,-198,+164
ufc-fight-night-june-15-2024,Jun 15 2024,Josefine Knutsson,Julia Polastri,Josefine Knutsson,-,-
ufc-fight-night-june-08-2024,Jun 08 2024,Jared Cannonier,Nassourdine Imavov,Nassourdine Imavov,+104,-122
ufc-fight-night-june-08-2024,Jun 08 2024,Dominick Reyes,Dustin Jacoby,Dominick Reyes,+194,-240
ufc-fight-night-june-08-2024,Jun 08 2024,Raul Rosas Jr.,Ricky Turcios,Raul Rosas Jr.,-230,+190
ufc-fight-night-june-08-2024,Jun 08 2024,Brunno Ferreira,Dustin Stoltzfus,Brunno Ferreira,-270,+220
ufc-fight-night-june-08-2024,Jun 08 2024,Miguel Baeza,Punahele Soriano,Punahele Soriano,-190,+160
ufc-fight-night-june-08-2024,Jun 08 2024,Thiago Moisés,Ludovit Klein,Ludovit Klein,-,-
ufc-fight-night-june-08-2024,Jun 08 2024,Charles Radtke,Carlos Prates,Carlos Prates,+172,-205
ufc-fight-night-june-08-2024,Jun 08 2024,Andrea Lee,Montana De La Rosa,Montana De La Rosa,-,-
ufc-fight-night-june-08-2024,Jun 08 2024,Brad Katona,Jesse Butler,Brad Katona,-720,+520
ufc-fight-night-june-08-2024,Jun 08 2024,John Castaneda,Daniel Marcos,Daniel Marcos,+108,-126
ufc-fight-night-june-08-2024,Jun 08 2024,Eduarda Moura,Denise Gomes,Denise Gomes,-,-
ufc-fight-night-june-08-2024,Jun 08 2024,Cody Stamann,Taylor Lapilus,Taylor Lapilus,+220,-270
ufc-fight-night-june-08-2024,Jun 08 2024,Rayanne Dos Santos,Puja Tomar,Puja Tomar,-,-
ufc-302,Jun 01 2024,Islam Makhachev,Dustin Poirier,Islam Makhachev,-550,+410
ufc-302,Jun 01 2024,Sean Strickland,Paulo Costa,Sean Strickland,-245,+200
ufc-302,Jun 01 2024,Kevin Holland,Michal Oleksiejczuk,Kevin Holland,-295,+240
ufc-302,Jun 01 2024,Niko Price,Alex Morono,Niko Price,+215,-260
ufc-302,Jun 01 2024,Randy Brown,Elizeu Zaleski dos Santos,Randy Brown,-184,+154
ufc-302,Jun 01 2024,Cesar Almeida,Roman Kopylov,Roman Kopylov,-112,-104
ufc-302,Jun 01 2024,Jailton Almeida,Alexandr Romanov,Jailton Almeida,-300,+245
ufc-302,Jun 01 2024,Grant Dawson,Joe Solecki,Grant Dawson,-500,+385
ufc-302,Jun 01 2024,Phil Rowe,Jake Matthews,Jake Matthews,+136,-162
ufc-302,Jun 01 2024,Mickey Gall,Bassil Hafez,Bassil Hafez,+330,-420
ufc-302,Jun 01 2024,Ailin Perez,Joselyne Edwards,Ailin Perez,-185,+154
ufc-302,Jun 01 2024,Mitch Raposo,Andre Lima,Andre Lima,+215,-260
ufc-fight-night-may-18-2024,May 18 2024,Edson Barboza,Lerone Murphy,Lerone Murphy,+122,-150
ufc-fight-night-may-18-2024,May 18 2024,Khaos Williams,Carlston Harris,Khaos Williams,-134,+110
ufc-fight-night-may-18-2024,May 18 2024,Themba Gorimbo,Ramiz Brahimaj,Themba Gorimbo,-144,+118
ufc-fight-night-may-18-2024,May 18 2024,Adrian Yanez,Vinicius Salvador,Adrian Yanez,-420,+330
ufc-fight-night-may-18-2024,May 18 2024,Luana Pinheiro,Angela Hill,Angela Hill,+114,-135
ufc-fight-night-may-18-2024,May 18 2024,Victor Martinez,Tom Nolan,Tom Nolan,+380,-490
ufc-fight-night-may-18-2024,May 18 2024,Oumar Sy,Tuco Tokkos,Oumar Sy,-450,+350
ufc-fight-night-may-18-2024,May 18 2024,Tamires Vidal,Melissa Gatto,Melissa Gatto,+270,-340
ufc-fight-night-may-18-2024,May 18 2024,Abus Magomedov,Warlley Alves,Abus Magomedov,-290,+235
ufc-fight-night-may-18-2024,May 18 2024,Piera Rodriguez,Ariane Carnelossi,Ariane Carnelossi,-198,+164
ufc-fight-night-may-18-2024,May 18 2024,Alatengheili,Kleydson Rodrigues,Alatengheili,+130,-154
ufc-fight-night-may-18-2024,May 18 2024,Vanessa Demopoulos,Emily Ducote,Vanessa Demopoulos,+270,-340
ufc-fight-night-may-11-2024,May 11 2024,Derrick Lewis,Rodrigo Nascimento,Derrick Lewis,-162,+136
ufc-fight-night-may-11-2024,May 11 2024,Joaquin Buckley,Nursulton Ruziboev,Joaquin Buckley,-132,+112
ufc-fight-night-may-11-2024,May 11 2024,Alonzo Menifield,Carlos Ulberg,Carlos Ulberg,+225,-275
ufc-fight-night-may-11-2024,May 11 2024,Diego Ferreira,Mateusz Rębecki,Diego Ferreira,+380,-500
ufc-fight-night-may-11-2024,May 11 2024,Alex Caceres,Sean Woodson,Sean Woodson,+176,-210
ufc-fight-night-may-11-2024,May 11 2024,Waldo Cortes Acosta,Robelis Despaigne,Waldo Cortes Acosta,+198,-240
ufc-fight-night-may-11-2024,May 11 2024,Chase Hooper,Viacheslav Borshchev,Chase Hooper,+116,-136
ufc-fight-night-may-11-2024,May 11 2024,Terrance McKinney,Esteban Ribovics,Esteban Ribovics,+138,-164
ufc-fight-night-may-11-2024,May 11 2024,Tabatha Ricci,Tecia Pennington,Tabatha Ricci,-142,+120
ufc-fight-night-may-11-2024,May 11 2024,Billy Ray Goff,Trey Waters,Trey Waters,+138,-164
ufc-fight-night-may-11-2024,May 11 2024,Charles Johnson,Jake Hadley,Charles Johnson,+112,-132
ufc-fight-night-may-11-2024,May 11 2024,JJ Aldrich,Veronica Hardy,Veronica Hardy,+114,-135
ufc-301,May 04 2024,Alexandre Pantoja,Steve Erceg,Alexandre Pantoja,-188,+158
ufc-301,May 04 2024,José Aldo,Jonathan Martinez,Jose Aldo,-142,+120
ufc-301,May 04 2024,Anthony Smith,Vitor Petrino,Anthony Smith,+380,-490
ufc-301,May 04 2024,Michel Pereira,Ihor Potieria,Michel Pereira,-620,+460
ufc-301,May 04 2024,Paul Craig,Caio Borralho,Caio Borralho,+430,-590
ufc-301,May 04 2024,Jack Shore,Joanderson Brito,Joanderson Brito,+150,-178
ufc-301,May 04 2024,Karolina Kowalkiewicz,Iasmin Lucindo,Iasmin Lucindo,+310,-395
ufc-301,May 04 2024,Elves Brener,Myktybek Orolbai,Myktybek Orolbai,+205,-250
ufc-301,May 04 2024,Joaquim Silva,Drakkar Klose,Drakkar Klose,+152,-180
ufc-301,May 04 2024,Mauricio Ruffy,Jamie Mullarkey,Mauricio Ruffy,-205,+172
ufc-301,May 04 2024,Dione Barbosa,Ernesta Kareckaitė,Dione Barbosa,-,-
ufc-301,May 04 2024,Ismael Bonfim,Vinc Pichel,Ismael Bonfim,-510,+390
ufc-301,May 04 2024,Alessandro Costa,Kevin Borjas,Alessandro Costa,-130,+110
ufc-fight-night-april-27-2024,Apr 27 2024,Matheus Nicolau,Alex Perez,Alex Perez,-176,+148
ufc-fight-night-april-27-2024,Apr 27 2024,Ryan Spann,Bogdan Guskov,Bogdan Guskov,-184,+154
ufc-fight-night-april-27-2024,Apr 27 2024,Ariane da Silva,Karine Silva,Karine Silva,+130,-155
ufc-fight-night-april-27-2024,Apr 27 2024,Austen Lane,Jhonata Diniz,Jhonata Diniz,+250,-310
ufc-fight-night-april-27-2024,Apr 27 2024,Jonathan Pearce,David Onama,David Onama,-162,+136
ufc-fight-night-april-27-2024,Apr 27 2024,Tim Means,Uroš Medić,Uros Medic,+250,-310
ufc-fight-night-april-27-2024,Apr 27 2024,Rani Yahya,Victor Henry,Victor Henry,+330,-420
ufc-fight-night-april-27-2024,Apr 27 2024,Austin Hubbard,Michal Figlak,Austin Hubbard,+146,-174
ufc-fight-night-april-27-2024,Apr 27 2024,Don'Tale Mayes,Caio Machado,Don'Tale Mayes,-100,-118
ufc-fight-night-april-27-2024,Apr 27 2024,Marnic Mann,Ketlen Souza,Ketlen Souza,+275,-345
ufc-fight-night-april-27-2024,Apr 27 2024,James Llontop,Chris Padilla,Chris Padilla,-420,+330
ufc-fight-night-april-27-2024,Apr 27 2024,Ivana Petrovic,Liang Na,Ivana Petrovic,-520,+390
ufc-fight-night-april-27-2024,Apr 27 2024,Gabriel Benitez,Maheshate,Maheshate,+200,-245
ufc-300,Apr 13 2024,Alex Pereira,Jamahal Hill,Alex Pereira,-134,+116
ufc-300,Apr 13 2024,Zhang Weili,Yan Xiaonan,Zhang Weili,-,-
ufc-300,Apr 13 2024,Justin Gaethje,Max Holloway,Max Holloway,-162,+136
ufc-300,Apr 13 2024,Charles Oliveira,Arman Tsarukyan,Arman Tsarukyan,+176,-210
ufc-300,Apr 13 2024,Holly Holm,Kayla Harrison,Kayla Harrison,-,-
ufc-300,Apr 13 2024,Sodiq Yusuff,Diego Lopes,Diego Lopes,+122,-144
ufc-300,Apr 13 2024,Jalin Turner,Renato Moicano,Renato Moicano,-235,+194
ufc-300,Apr 13 2024,Jéssica Andrade,Marina Rodriguez,Jessica Andrade,-135,+114
ufc-300,Apr 13 2024,King Green,Jim Miller,King Green,-180,+150
ufc-300,Apr 13 2024,Deiveson Figueiredo,Cody Garbrandt,Deiveson Figueiredo,-295,+240
ufc-fight-night-april-06-2024,Apr 06 2024,Alexander Hernandez,Damon Jackson,Damon Jackson,-196,+164
ufc-fight-night-april-06-2024,Apr 06 2024,Morgan Charriere,Chepe Mariscal,Chepe Mariscal,-120,+102
ufc-fight-night-april-06-2024,Apr 06 2024,Ignacio Bahamondes,Christos Giagos,Ignacio Bahamondes,-330,+265
ufc-fight-night-april-06-2024,Apr 06 2024,Trevor Peek,Charlie Campbell,Charlie Campbell,+144,-172
ufc-fight-night-april-06-2024,Apr 06 2024,Court McGee,Alex Morono,Alex Morono,+220,-270
ufc-fight-night-april-06-2024,Apr 06 2024,Valter Walker,Lukasz Brzeski,Lukasz Brzeski,-225,+188
ufc-fight-night-april-06-2024,Apr 06 2024,Norma Dumont,Germaine de Randamie,Norma Dumont,-125,+105
ufc-fight-night-april-06-2024,Apr 06 2024,Pedro Falcao,Victor Hugo,Victor Hugo,+120,-142
ufc-fight-night-april-06-2024,Apr 06 2024,Dan Argueta,Jean Matsumoto,Jean Matsumoto,+134,-158
ufc-fight-night-april-06-2024,Apr 06 2024,Dylan Budka,Cesar Almeida,Cesar Almeida,-146,+124
ufc-fight-night-april-06-2024,Apr 06 2024,Melissa Mullins,Nora Cornolle,Nora Cornolle,-345,+275
ufc-fight-night-march-30-2024,Mar 30 2024,Vicente Luque,Joaquin Buckley,Joaquin Buckley,-112,-104
ufc-fight-night-march-30-2024,Mar 30 2024,Chris Weidman,Bruno Silva,Chris Weidman,+194,-240
ufc-fight-night-march-30-2024,Mar 30 2024,Nursulton Ruziboev,Sedriques Dumas,Nursulton Ruziboev,-230,+190
ufc-fight-night-march-30-2024,Mar 30 2024,Bill Algeo,Kyle Nelson,Kyle Nelson,-245,+200
ufc-fight-night-march-30-2024,Mar 30 2024,Chidi Njokuani,Rhys McKee,Chidi Njokuani,-144,+122
ufc-fight-night-march-30-2024,Mar 30 2024,Nate Landwehr,Jamall Emmers,Nate Landwehr,+158,-188
ufc-fight-night-march-30-2024,Mar 30 2024,Virna Jandiroba,Loopy Godinez,Virna Jandiroba,+164,-198
ufc-fight-night-march-30-2024,Mar 30 2024,Julio Arce,Herbert Burns,Julio Arce,-370,+295
ufc-fight-night-march-30-2024,Mar 30 2024,Dennis Buzukja,Connor Matthews,Dennis Buzukja,-118,-100
ufc-fight-night-march-30-2024,Mar 30 2024,Ibo Aslan,Anton Turkalj,Ibo Aslan,-124,+106
ufc-fight-night-march-30-2024,Mar 30 2024,Andre Petroski,Jacob Malkoun,Jacob Malkoun,+194,-235
ufc-fight-night-march-30-2024,Mar 30 2024,Angel Pacheco,Caolán Loughran,Caolan Loughran,-,-
ufc-fight-night-march-23-2024,Mar 23 2024,Amanda Ribas,Rose Namajunas,Rose Namajunas,+180,-218
ufc-fight-night-march-23-2024,Mar 23 2024,Karl Williams,Justin Tafa,Karl Williams,-188,+158
ufc-fight-night-march-23-2024,Mar 23 2024,Edmen Shahbazyan,AJ Dobson,Edmen Shahbazyan,-200,+168
ufc-fight-night-march-23-2024,Mar 23 2024,Payton Talbott,Cameron Saaiman,Payton Talbott,-158,+134
ufc-fight-night-march-23-2024,Mar 23 2024,Billy Quarantillo,Youssef Zalal,Youssef Zalal,-104,-112
ufc-fight-night-march-23-2024,Mar 23 2024,Fernando Padilla,Luis Pajuelo,Fernando Padilla,-164,+138
ufc-fight-night-march-23-2024,Mar 23 2024,Kurt Holobaugh,Trey Ogden,Trey Ogden,+120,-142
ufc-fight-night-march-23-2024,Mar 23 2024,Ricardo Ramos,Julian Erosa,Julian Erosa,-164,+138
ufc-fight-night-march-23-2024,Mar 23 2024,Miles Johns,Cody Gibson,Miles Johns,-142,+120
ufc-fight-night-march-23-2024,Mar 23 2024,Jarno Errens,Steven Nguyen,Jarno Errens,+136,-162
ufc-fight-night-march-23-2024,Mar 23 2024,Montse Rendon,Daria Zhelezniakova,Daria Zhelezniakova,-,-
ufc-fight-night-march-23-2024,Mar 23 2024,Igor Severino,Andre Lima,Andre Lima,+136,-162
ufc-fight-night-march-23-2024,Mar 23 2024,Mohammed Usman,Mick Parkin,Mick Parkin,+120,-142
ufc-fight-night-march-16-2024,Mar 16 2024,Tai Tuivasa,Marcin Tybura,Marcin Tybura,-112,-104
ufc-fight-night-march-16-2024,Mar 16 2024,Bryan Battle,Ange Loosa,draw/no contest,-166,+140
ufc-fight-night-march-16-2024,Mar 16 2024,Ovince Saint Preux,Kennedy Nzechukwu,Ovince Saint Preux,+490,-670
ufc-fight-night-march-16-2024,Mar 16 2024,Christian Rodriguez,Isaac Dulgarian,Christian Rodriguez,+168,-200
ufc-fight-night-march-16-2024,Mar 16 2024,Pannie Kianzad,Macy Chiasson,Macy Chiasson,+170,-205
ufc-fight-night-march-16-2024,Mar 16 2024,Gerald Meerschaert,Bryan Barberena,Gerald Meerschaert,-235,+194
ufc-fight-night-march-16-2024,Mar 16 2024,Natan Levy,Mike Davis,Mike Davis,+360,-460
ufc-fight-night-march-16-2024,Mar 16 2024,Josiane Nunes,Chelsea Chandler,Chelsea Chandler,-142,+120
ufc-fight-night-march-16-2024,Mar 16 2024,Jafel Filho,Ode' Osbourne,Jafel Filho,-180,+150
ufc-fight-night-march-16-2024,Mar 16 2024,Josh Culibao,Danny Silva,Danny Silva,-184,+154
ufc-fight-night-march-16-2024,Mar 16 2024,Jaqueline Amorim,Cory McKenna,Jaqueline Amorim,+105,-125
ufc-fight-night-march-16-2024,Mar 16 2024,Thiago Moisés,Mitch Ramirez,Thiago Moises,-,-
ufc-fight-night-march-16-2024,Mar 16 2024,Charalampos Grigoriou,Chad Anheliger,Chad Anheliger,-164,+138
ufc-299,Mar 09 2024,Dustin Poirier,Benoît Saint Denis,Dustin Poirier,+142,-170
ufc-299,Mar 09 2024,Gilbert Burns,Jack Della Maddalena,Jack Della Maddalena,+138,-164
ufc-299,Mar 09 2024,Petr Yan,Song Yadong,Petr Yan,-122,+104
ufc-299,Mar 09 2024,Curtis Blaydes,Jailton Almeida,Curtis Blaydes,-100,-118
ufc-299,Mar 09 2024,Katlyn Cerminara,Maycee Barber,Maycee Barber,+142,-170
ufc-299,Mar 09 2024,Mateusz Gamrot,Rafael Dos Anjos,Mateusz Gamrot,-450,+350
ufc-299,Mar 09 2024,Pedro Munhoz,Kyler Phillips,Kyler Phillips,+190,-230
ufc-299,Mar 09 2024,Ion Cutelaba,Philipe Lins,Philipe Lins,-124,+106
ufc-299,Mar 09 2024,Michel Pereira,Michal Oleksiejczuk,Michel Pereira,-152,+128
ufc-299,Mar 09 2024,Robelis Despaigne,Josh Parisian,Robelis Despaigne,-335,+270
ufc-299,Mar 09 2024,CJ Vergara,Asu Almabayev,Asu Almabayev,+420,-560
ufc-299,Mar 09 2024,Joanne Wood,Maryna Moroz,Joanne Wood,-,-
ufc-fight-night-march-02-2024,Mar 02 2024,Jairzinho Rozenstruik,Shamil Gaziev,Jairzinho Rozenstruik,+140,-166
ufc-fight-night-march-02-2024,Mar 02 2024,Vitor Petrino,Tyson Pedro,Vitor Petrino,-350,+280
ufc-fight-night-march-02-2024,Mar 02 2024,Alex Perez,Muhammad Mokaev,Muhammad Mokaev,+310,-390
ufc-fight-night-march-02-2024,Mar 02 2024,Umar Nurmagomedov,Bekzat Almakhan,Umar Nurmagomedov,-1200,+750
ufc-fight-night-march-02-2024,Mar 02 2024,Matt Schnell,Steve Erceg,Steve Erceg,+350,-450
ufc-fight-night-march-02-2024,Mar 02 2024,Eryk Anders,Jamie Pickett,Eryk Anders,-500,+385
ufc-fight-night-march-02-2024,Mar 02 2024,Vinicius Oliveira,Benardo Sopaj,Vinicius Oliveira,-134,+114
ufc-fight-night-march-02-2024,Mar 02 2024,Aiemann Zahabi,Javid Basharat,Aiemann Zahabi,+570,-820
ufc-fight-night-march-02-2024,Mar 02 2024,Christian Leroy Duncan,Claudio Ribeiro,Christian Leroy Duncan,-320,+260
ufc-fight-night-march-02-2024,Mar 02 2024,Ludovit Klein,AJ Cunningham,Ludovit Klein,-1000,+660
ufc-fight-night-march-02-2024,Mar 02 2024,Abdul-Kareem Al-Selwady,Loik Radzhabov,Loik Radzhabov,-174,+146
ufc-fight-night-february-24-2024,Feb 24 2024,Daniel Zellhuber,Francisco Prado,Daniel Zellhuber,-275,+225
ufc-fight-night-february-24-2024,Feb 24 2024,Yazmin Jauregui,Sam Hughes,Yazmin Jauregui,-575,+425
ufc-fight-night-february-24-2024,Feb 24 2024,Manuel Torres,Chris Duncan,Manuel Torres,-184,+154
ufc-fight-night-february-24-2024,Feb 24 2024,Cristian Quiñonez,Raoni Barcelos,Raoni Barcelos,+136,-162
ufc-fight-night-february-24-2024,Feb 24 2024,Jesus Aguilar,Mateus Mendonça,Jesus Aguilar,+114,-135
ufc-fight-night-february-24-2024,Feb 24 2024,Claudio Puelles,Farès Ziam,Fares Ziam,+164,-198
ufc-fight-night-february-24-2024,Feb 24 2024,Ronaldo Rodriguez,Denys Bondar,Ronaldo Rodriguez,-118,-100
ufc-fight-night-february-24-2024,Feb 24 2024,Victor Altamirano,Felipe dos Santos,Felipe dos Santos,+240,-295
ufc-fight-night-february-24-2024,Feb 24 2024,Erik Silva,Muhammad Naimov,Muhammad Naimov,+420,-560
ufc-298,Feb 17 2024,Alexander Volkanovski,Ilia Topuria,Ilia Topuria,-120,+102
ufc-298,Feb 17 2024,Robert Whittaker,Paulo Costa,Robert Whittaker,-245,+200
ufc-298,Feb 17 2024,Geoff Neal,Ian Machado Garry,Ian Machado Garry,+194,-235
ufc-298,Feb 17 2024,Merab Dvalishvili,Henry Cejudo,Merab Dvalishvili,-245,+200
ufc-298,Feb 17 2024,Anthony Hernandez,Roman Kopylov,Anthony Hernandez,-240,+198
ufc-298,Feb 17 2024,Amanda Lemos,Mackenzie Dern,Amanda Lemos,-135,+114
ufc-298,Feb 17 2024,Marcos Rogerio de Lima,Junior Tafa,Marcos Rogerio de Lima,-215,+180
ufc-298,Feb 17 2024,Rinya Nakamura,Carlos Vera,Rinya Nakamura,-1200,+750
ufc-298,Feb 17 2024,Zhang Mingyang,Brendson Ribeiro,Zhang Mingyang,-120,+102
ufc-298,Feb 17 2024,Josh Quinlan,Danny Barlow,Danny Barlow,+190,-230
ufc-298,Feb 17 2024,Oban Elliott,Val Woodburn,Oban Elliott,-290,+235
ufc-298,Feb 17 2024,Andrea Lee,Miranda Maverick,Miranda Maverick,+154,-185
ufc-fight-night-february-10-2024,Feb 10 2024,Jack Hermansson,Joe Pyfer,Jack Hermansson,+210,-255
ufc-fight-night-february-10-2024,Feb 10 2024,Dan Ige,Andre Fili,Dan Ige,-172,+144
ufc-fight-night-february-10-2024,Feb 10 2024,Robert Bryczek,Ihor Potieria,Ihor Potieria,+142,-168
ufc-fight-night-february-10-2024,Feb 10 2024,Brad Tavares,Gregory Rodrigues,Gregory Rodrigues,+190,-230
ufc-fight-night-february-10-2024,Feb 10 2024,Michael Johnson,Darrius Flowers,Michael Johnson,-132,+112
ufc-fight-night-february-10-2024,Feb 10 2024,Rodolfo Vieira,Armen Petrosyan,Rodolfo Vieira,-120,+102
ufc-fight-night-february-10-2024,Feb 10 2024,Trevin Giles,Carlos Prates,Carlos Prates,+200,-245
ufc-fight-night-february-10-2024,Feb 10 2024,Bolaji Oki,Timmy Cuamba,Bolaji Oki,-172,+144
ufc-fight-night-february-10-2024,Feb 10 2024,Loma Lookboonmee,Bruna Brasil,Loma Lookboonmee,-278,+225
ufc-fight-night-february-10-2024,Feb 10 2024,Devin Clark,Marcin Prachnio,Marcin Prachnio,-235,+194
ufc-fight-night-february-10-2024,Feb 10 2024,Max Griffin,Jeremiah Wells,Max Griffin,+132,-156
ufc-fight-night-february-10-2024,Feb 10 2024,Zac Pauga,Bogdan Guskov,Bogdan Guskov,-120,+102
ufc-fight-night-february-10-2024,Feb 10 2024,Fernie Garcia,Hyder Amil,Hyder Amil,+176,-210
ufc-fight-night-february-10-2024,Feb 10 2024,Daniel Marcos,Aoriqileng,draw/no contest,-250,+205
ufc-fight-night-february-03-2024,Feb 03 2024,Roman Dolidze,Nassourdine Imavov,Nassourdine Imavov,+138,-164
ufc-fight-night-february-03-2024,Feb 03 2024,Renato Moicano,Drew Dober,Renato Moicano,-180,+152
ufc-fight-night-february-03-2024,Feb 03 2024,Randy Brown,Muslim Salikhov,Randy Brown,-275,+225
ufc-fight-night-february-03-2024,Feb 03 2024,Viviane Araújo,Natalia Silva,Natalia Silva,+270,-340
ufc-fight-night-february-03-2024,Feb 03 2024,Aliaskhab Khizriev,Makhmud Muradov,draw/no contest,-192,+160
ufc-fight-night-february-03-2024,Feb 03 2024,Gilbert Urbina,Charles Radtke,Charles Radtke,-200,+168
ufc-fight-night-february-03-2024,Feb 03 2024,Molly McCann,Diana Belbita,Molly McCann,-265,+215
ufc-fight-night-february-03-2024,Feb 03 2024,Azat Maksum,Charles Johnson,Charles Johnson,-235,+194
ufc-fight-night-february-03-2024,Feb 03 2024,Themba Gorimbo,Pete Rodriguez,Themba Gorimbo,-245,+200
ufc-fight-night-february-03-2024,Feb 03 2024,JeongYeong Lee,Blake Bilder,JeongYeong Lee,-164,+138
ufc-fight-night-february-03-2024,Feb 03 2024,Luana Carolina,Julija Stoliarenko,Luana Carolina,-,-
ufc-fight-night-february-03-2024,Feb 03 2024,Landon Quinones,MarQuel Mederos,MarQuel Mederos,+120,-142
ufc-fight-night-february-03-2024,Feb 03 2024,Thomas Petersen,Jamal Pogues,Jamal Pogues,-166,+140
ufc-297,Jan 20 2024,Raquel Pennington,Mayra Bueno Silva,Raquel Pennington,+140,-166
ufc-297,Jan 20 2024,Neil Magny,Mike Malott,Neil Magny,+270,-335
ufc-297,Jan 20 2024,Chris Curtis,Marc-Andre Barriault,Chris Curtis,-184,+154
ufc-297,Jan 20 2024,Arnold Allen,Movsar Evloev,Movsar Evloev,+160,-190
ufc-297,Jan 20 2024,Brad Katona,Garrett Armfield,Garrett Armfield,-210,+176
ufc-297,Jan 20 2024,Charles Jourdain,Sean Woodson,Sean Woodson,-196,+164
ufc-297,Jan 20 2024,Serhiy Sidey,Ramon Taveras,Ramon Taveras,-184,+154
ufc-297,Jan 20 2024,Gillian Robertson,Polyana Viana,Gillian Robertson,-305,+245
ufc-297,Jan 20 2024,Yohan Lainesse,Sam Patterson,Sam Patterson,-146,+124
ufc-297,Jan 20 2024,Jasmine Jasudavicius,Priscila Cachoeira,Jasmine Jasudavicius,-380,+300
ufc-297,Jan 20 2024,Malcolm Gordon,Jimmy Flick,Jimmy Flick,-205,+172
ufc-fight-night-january-13-2024,Jan 13 2024,Jim Miller,Gabriel Benitez,Jim Miller,-148,+126
ufc-fight-night-january-13-2024,Jan 13 2024,Ricky Simon,Mario Bautista,Mario Bautista,-184,+154
ufc-fight-night-january-13-2024,Jan 13 2024,Phil Hawes,Brunno Ferreira,Brunno Ferreira,+108,-130
ufc-fight-night-january-13-2024,Jan 13 2024,Andrei Arlovski,Waldo Cortes Acosta,Waldo Cortes Acosta,+490,-670
ufc-fight-night-january-13-2024,Jan 13 2024,Matthew Semelsberger,Preston Parsons,Preston Parsons,-116,-102
ufc-fight-night-january-13-2024,Jan 13 2024,Marcus McGhee,Gaston Bolanos,Marcus McGhee,-230,+190
ufc-fight-night-january-13-2024,Jan 13 2024,Farid Basharat,Taylor Lapilus,Farid Basharat,-290,+235
ufc-fight-night-january-13-2024,Jan 13 2024,Westin Wilson,Jean Silva,Jean Silva,+640,-950
ufc-fight-night-january-13-2024,Jan 13 2024,Nikolas Motta,Tom Nolan,Nikolas Motta,+280,-350
ufc-fight-night-january-13-2024,Jan 13 2024,Joshua Van,Felipe Bunes,Joshua Van,-245,+200
ufc-fight-night-january-13-2024,Jan 13 2024,Magomed Ankalaev,Johnny Walker,Magomed Ankalaev,-550,+410
ufc-297,Jan 20 2024,Sean Strickland,Dricus Du Plessis,Dricus Du Plessis,-110,-106
ufc-fight-night-february-24-2024,Feb 24 2024,Brandon Moreno,Brandon Royval,Brandon Royval,-290,+235
ufc-fight-night-february-24-2024,Feb 24 2024,Yair Rodriguez,Brian Ortega,Brian Ortega,-148,+126
ufc-fight-night-february-24-2024,Feb 24 2024,Cristian Quinonez,Raoni Barcelos,Raoni Barcelos,+144,-172
ufc-fight-night-february-24-2024,Feb 24 2024,Jesus Aguilar,Mateus Mendonca,Jesus Aguilar,+104,-122
ufc-fight-night-february-24-2024,Feb 24 2024,Edgar Chairez,Daniel Lacerda,Edgar Chairez,-490,+380
ufc-fight-night-february-24-2024,Feb 24 2024,Claudio Puelles,Fares Ziam,Fares Ziam,+172,-205
ufc-299,Mar 09 2024,Sean O'Malley,Marlon Vera,Sean O'Malley,-255,+210
ufc-299,Mar 09 2024,Dustin Poirier,Benoit Saint Denis,Dustin Poirier,+168,-200
ufc-299,Mar 09 2024,Kevin Holland,Michael Page,Michael Page,-130,+110
ufc-fight-night-march-16-2024,Mar 16 2024,Jafel Filho,Ode Osbourne,Jafel Filho,-162,+136
ufc-fight-night-march-16-2024,Mar 16 2024,Thiago Moises,Mitch Ramirez,Thiago Moises,-390,+310
ufc-fight-night-march-30-2024,Mar 30 2024,Angel Pacheco,Caolan Loughran,Caolan Loughran,+295,-370
ufc-fight-night-april-06-2024,Apr 06 2024,Brendan Allen,Chris Curtis,Brendan Allen,-200,+168
ufc-300,Apr 13 2024,Bo Nickal,Cody Brundage,Bo Nickal,-2000,+1040
ufc-300,Apr 13 2024,Jiri Prochazka,Aleksandar Rakic,Jiri Prochazka,-106,-110
ufc-300,Apr 13 2024,Calvin Kattar,Aljamain Sterling,Aljamain Sterling,+142,-168
ufc-fight-night-april-27-2024,Apr 27 2024,Tim Means,Uros Medic,Uros Medic,+245,-300
ufc-301,May 04 2024,Jose Aldo,Jonathan Martinez,Jose Aldo,+118,-138
ufc-fight-night-may-11-2024,May 11 2024,Diego Ferreira,Mateusz Rebecki,Diego Ferreira,+360,-460
ufc-fight-night-june-08-2024,Jun 08 2024,Julian Marquez,Zach Reese,Zach Reese,-142,+120
ufc-fight-night-june-08-2024,Jun 08 2024,Thiago Moises,Ludovit Klein,Ludovit Klein,+114,-134
ufc-303,Jun 29 2024,Alex Pereira,Jiri Prochazka,Alex Pereira,-144,+122
ufc-303,Jun 29 2024,Ian Machado Garry,Michael Page,Ian Machado Garry,-164,+138
ufc-fight-night-july-20-2024,Jul 20 2024,Steve Garcia,SeungWoo Choi,Steve Garcia,-154,+130
ufc-304,Jul 27 2024,Leon Edwards,Belal Muhammad,Belal Muhammad,-255,+210
ufc-304,Jul 27 2024,Tom Aspinall,Curtis Blaydes,Tom Aspinall,-405,+320
ufc-304,Jul 27 2024,Jake Hadley,Caolan Loughran,Jake Hadley,+184,-220
ufc-fight-night-august-03-2024,Aug 03 2024,Joel Alvarez,Elves Brener,Joel Alvarez,-164,+138
ufc-fight-night-august-03-2024,Aug 03 2024,Mohammad Yahya,Kaue Fernandes,Kaue Fernandes,+315,-400
ufc-fight-night-august-24-2024,Aug 24 2024,Zach Reese,Jose Daniel Medina,Zach Reese,-590,+440
ufc-306,Sep 14 2024,Sean O'Malley,Merab Dvalishvili,Merab Dvalishvili,-122,+104
ufc-306,Sep 14 2024,Ronaldo Rodriguez,Ode Osbourne,Ronaldo Rodriguez,-154,+130
ufc-fight-night-september-28-2024,Sep 28 2024,Renato Moicano,Benoit Saint Denis,Renato Moicano,+220,-270
ufc-fight-night-september-28-2024,Sep 28 2024,Fares Ziam,Matt Frevola,Fares Ziam,-130,+110
ufc-307,Oct 05 2024,Jose Aldo,Mario Bautista,Mario Bautista,+120,-142
ufc-308,Oct 26 2024,Magomed Ankalaev,Aleksandar Rakic,Magomed Ankalaev,-360,+290
ufc-308,Oct 26 2024,Mateusz Rebecki,Myktybek Orolbai,Mateusz Rebecki,+240,-295
ufc-fight-night-november-09-2024,Nov 09 2024,Mansur Abdul-Malik,Dusko Todorovic,Mansur Abdul-Malik,-480,+370
ufc-fight-night-november-09-2024,Nov 09 2024,Elizeu Zaleski dos Santos,Zachary Scroggin,Elizeu Zaleski dos Santos,-820,+570
ufc-309,Nov 16 2024,Charles Oliveira,Michael Chandler,Charles Oliveira,-250,+205
ufc-fight-night-november-23-2024,Nov 23 2024,Lone'er Kavanagh,Jose Ochoa,Lone'er Kavanagh,-320,+260
ufc-310,Dec 07 2024,Ciryl Gane,Alexander Volkov,Ciryl Gane,-375,+300
ufc-fight-night-december-14-2024,Dec 14 2024,Joel Alvarez,Drakkar Klose,Joel Alvarez,-405,+320
ufc-fight-night-january-11-2025,Jan 11 2025,Punahele Soriano,Uros Medic,Punahele Soriano,+180,-215
ufc-fight-night-january-11-2025,Jan 11 2025,Thiago Moises,Trey Ogden,Thiago Moises,-172,+144
ufc-311,Jan 18 2025,Jiri Prochazka,Jamahal Hill,Jiri Prochazka,+110,-130
ufc-311,Jan 18 2025,Zach Reese,Azamat Bekoev,Azamat Bekoev,+164,-196
ufc-fight-night-february-01-2025,Feb 01 2025,Shara Magomedov,Michael Page,Michael Page,-194,+162
ufc-fight-night-february-01-2025,Feb 01 2025,Fares Ziam,Mike Davis,Fares Ziam,+122,-144
ufc-fight-night-february-01-2025,Feb 01 2025,Terrance McKinney,Damir Hadzovic,Terrance McKinney,-590,+430
ufc-fight-night-february-15-2025,Feb 15 2025,Connor Matthews,Jose Delgado,Jose Delgado,+310,-390
ufc-313,Mar 08 2025,Alex Pereira,Magomed Ankalaev,Magomed Ankalaev,-118,+100
ufc-313,Mar 08 2025,Justin Gaethje,Rafael Fiziev,Justin Gaethje,+134,-158
ufc-fight-night-march-15-2025,Mar 15 2025,Marvin Vettori,Roman Dolidze,Roman Dolidze,-162,+136
ufc-fight-night-march-15-2025,Mar 15 2025,SeungWoo Choi,Kevin Vallejos,Kevin Vallejos,+430,-590
ufc-fight-night-march-22-2025,Mar 22 2025,Jan Blachowicz,Carlos Ulberg,Carlos Ulberg,+235,-290
ufc-fight-night-march-22-2025,Mar 22 2025,Lone'er Kavanagh,Felipe dos Santos,Lone'er Kavanagh,-290,+235
ufc-fight-night-march-22-2025,Mar 22 2025,Nathan Fletcher,Caolan Loughran,Caolan Loughran,-130,+108
ufc-fight-night-march-22-2025,Mar 22 2025,Guram Kutateladze,Kaue Fernandes,Kaue Fernandes,-400,+315
ufc-fight-night-april-05-2025,Apr 05 2025,Ode Osbourne,Luis Gurule,Ode Osbourne,+210,-255
ufc-314,Apr 12 2025,Alexander Volkanovski,Diego Lopes,Alexander Volkanovski,-148,+126
ufc-315,May 10 2025,Jose Aldo,Aiemann Zahabi,Aiemann Zahabi,-176,+148
ufc-315,May 10 2025,Benoit Saint Denis,Kyle Prepolec,Benoit Saint Denis,-1200,+750
ufc-fight-night-may-17-2025,May 17 2025,Jared Gordon,Thiago Moises,Jared Gordon,-120,+102
ufc-fight-night-may-31-2025,May 31 2025,Zach Reese,Dusko Todorovic,Zach Reese,-230,+190
ufc-317,Jun 28 2025,Hyder Amil,Jose Delgado,Jose Delgado,+128,-152
ufc-fight-night-august-02-2025,Aug 02 2025,Mateusz Rebecki,Chris Duncan,Chris Duncan,-215,+180
ufc-fight-night-august-09-2025,Aug 09 2025,Steve Erceg,Ode Osbourne,Steve Erceg,-550,+410
ufc-fight-night-august-09-2025,Aug 09 2025,Uros Medic,Gilbert Urbina,Uros Medic,-360,+290
ufc-319,Aug 16 2025,Jared Cannonier,Michael Page,Michael Page,+162,-194
ufc-fight-night-august-23-2025,Aug 23 2025,Taiyilake Nueraji,Kiefer Crosbie,Taiyilake Nueraji,-510,+390
ufc-fight-night-august-23-2025,Aug 23 2025,Charles Johnson,Lone'er Kavanagh,Charles Johnson,+205,-250
ufc-fight-night-september-06-2025,Sep 06 2025,Benoit Saint Denis,Mauricio Ruffy,Benoit Saint Denis,+142,-168
ufc-fight-night-september-06-2025,Sep 06 2025,Harry Hardwick,Kaue Fernandes,Kaue Fernandes,+154,-184
ufc-fight-night-september-13-2025,Sep 13 2025,Jose Daniel Medina,Dusko Todorovic,Dusko Todorovic,+330,-420
ufc-fight-night-september-27-2025,Sep 27 2025,Brando Pericic,Elisha Ellison,Brando Pericic,-215,+180
ufc-320,Oct 04 2025,Jiri Prochazka,Khalil Rountree Jr.,Jiri Prochazka,-210,+176
ufc-320,Oct 04 2025,Ateba Gautier,Tre'ston Vines,Ateba Gautier,-1800,+980
ufc-fight-night-october-11-2025,Oct 11 2025,Vicente Luque,Joel Alvarez,Joel Alvarez,+390,-520
ufc-321,Oct 25 2025,Aleksandar Rakic,Azamat Murzakanov,Azamat Murzakanov,-112,-104
ufc-321,Oct 25 2025,Ludovit Klein,Mateusz Rebecki,Ludovit Klein,-136,+116
ufc-321,Oct 25 2025,Nathaniel Wood,Jose Delgado,Nathaniel Wood,+130,-154
ufc-fight-night-november-08-2025,Nov 08 2025,Muslim Salikhov,Uros Medic,Uros Medic,+124,-146
ufc-fight-night-november-08-2025,Nov 08 2025,Zach Reese,Jackson McVey,Zach Reese,-295,+240
ufc-322,Nov 15 2025,Beneil Dariush,Benoit Saint Denis,Benoit Saint Denis,+160,-190
ufc-323,Dec 06 2025,Merab Dvalishvili,Petr Yan,Petr Yan,-400,+315
ufc-323,Dec 06 2025,Nazim Sadykhov,Fares Ziam,Fares Ziam,+134,-158
ufc-325,Jan 31 2026,Dan Hooker,Benoit Saint Denis,Benoit Saint Denis,+260,-320
ufc-325,Jan 31 2026,Sangwook Kim,Dom Mar Fan,Dom Mar Fan,+124,-146
ufc-fight-night-february-21-2026,Feb 21 2026,Geoff Neal,Uros Medic,Uros Medic,-215,+180
ufc-fight-night-february-21-2026,Feb 21 2026,Zach Reese,Michel Pereira,Michel Pereira,+132,-156
ufc-fight-night-february-28-2026,Feb 28 2026,Brandon Moreno,Lone'er Kavanagh,Lone'er Kavanagh,-210,+176
ufc-fight-night-february-28-2026,Feb 28 2026,Cristian Quinonez,Kris Moutinho,Cristian Quinonez,-600,+450
ufc-fight-night-february-28-2026,Feb 28 2026,Regina Tarin,Ernesta Kareckaite,Regina Tarin,+154,-184
ufc-326,Mar 07 2026,Gregory Rodrigues,Brunno Ferreira,Gregory Rodrigues,-176,+148
ufc-fight-night-march-14-2026,Mar 14 2026,Andre Fili,Jose Delgado,Jose Delgado,+310,-390
ufc-fight-night-march-21-2026,Mar 21 2026,Michael Page,Sam Patterson,Michael Page,-190,+160
ufc-fight-night-march-21-2026,Mar 21 2026,Mantas Kondratavicius,Antonio Trocoli,Mantas Kondratavicius,-700,+500
ufc-fight-night-march-21-2026,Mar 21 2026,Louie Sutherland,Brando Pericic,Brando Pericic,+205,-250
ufc-327,Apr 11 2026,Jiri Prochazka,Carlos Ulberg,Carlos Ulberg,-112,-104
ufc-fight-night-april-18-2026,Apr 18 2026,Thiago Moises,Gauge Young,Gauge Young,+136,-162
ufc-fight-night-april-25-2026,Apr 25 2026,Davey Grant,Adrian Luna Martinetti,Davey Grant,-126,+108
ufc-fight-night-may-02-2026,May 02 2026,Shamil Gaziev,Brando Pericic,Brando Pericic,-102,-116
ufc-328,May 09 2026,Joel Alvarez,Yaroslav Amosov,Yaroslav Amosov,+150,-178
ufc-328,May 09 2026,Grant Dawson,Mateusz Rebecki,Grant Dawson,-146,+124
ufc-fight-night-may-30-2026,May 30 2026,Ding Meng,Jose Souza,Jose Souza,-108,+104
ufc-fight-night-june-06-2026,Jun 06 2026,Fares Ziam,Tom Nolan,Tom Nolan,-285,+270
ufc-329,Jul 11 2026,Benoit Saint Denis,Paddy Pimblett,Paddy Pimblett,-127,+122
ufc-329,Jul 11 2026,Brandon Royval,Lone'er Kavanagh,Brandon Royval,+186,-194
ufc-329,Jul 11 2026,Ryan Gandra,Zach Reese,Ryan Gandra,-144,+127
ufc-fight-night-july-18-2026,Jul 18 2026,Austin Bashi,Jose Delgado,Jose Delgado,-127,+122
ufc-fight-night-july-18-2026,Jul 18 2026,Ezra Elliott,Damien Anderson,Ezra Elliott,+104,-108
ufc-fight-night-july-25-2026,Jul 25 2026,Magomed Ankalaev,Bogdan Guskov,Magomed Ankalaev,-456,+426
ufc-fight-night-july-25-2026,Jul 25 2026,Steve Erceg,Ramazan Temirov,Ramazan Temirov,+100,-104
ufc-fight-night-july-25-2026,Jul 25 2026,Magomed Zaynukov,Damian Rzepecki,Magomed Zaynukov,-245,+233
ufc-fight-night-july-25-2026,Jul 25 2026,Rizvan Kuniev,Tyrell Fortune,Rizvan Kuniev,-317,+285
ufc-fight-night-july-25-2026,Jul 25 2026,Abubakar Vagaev,Saygid Izagakhmaev,Abubakar Vagaev,-213,+212
ufc-fight-night-july-25-2026,Jul 25 2026,Valter Walker,Thomas Petersen,Valter Walker,-170,+163
ufc-fight-night-july-25-2026,Jul 25 2026,Dustin Jacoby,Muhammad Saidov,Muhammad Saidov,-178,+170
ufc-fight-night-july-25-2026,Jul 25 2026,Santiago Ponzinibbio,Sam Patterson,Sam Patterson,+400,-426
ufc-fight-night-july-25-2026,Jul 25 2026,Ismael Bonfim,Axel Sola,Axel Sola,+178,-186
ufc-fight-night-july-25-2026,Jul 25 2026,Magomed Tuchalov,Brendson Ribeiro,Magomed Tuchalov,-733,+733
ufc-fight-night-july-25-2026,Jul 25 2026,Nurullo Aliev,Mike Davis,Nurullo Aliev,-809,+733
ufc-fight-night-july-25-2026,Jul 25 2026,Cody Gibson,Abdul Hussein,Abdul Hussein,+410,-550
ufc-fight-night-august-01-2026,Aug 01 2026,Uros Medic,Daniel Rodriguez,Uros Medic,-335,+317
ufc-fight-night-august-01-2026,Aug 01 2026,Jan Blachowicz,Navajo Stirling,Navajo Stirling,+300,-317
ufc-fight-night-august-01-2026,Aug 01 2026,Aleksandar Rakic,Marcin Tybura,Aleksandar Rakic,-355,+335
ufc-fight-night-august-01-2026,Aug 01 2026,Dusko Todorovic,Robert Valentin,Robert Valentin,+144,-156
ufc-fight-night-august-01-2026,Aug 01 2026,Vlasto Cepo,Gilbert Urbina,Gilbert Urbina,-317,+300
ufc-fight-night-august-01-2026,Aug 01 2026,Milos Janicic,Noah Gugnon,Noah Gugnon,-108,+100
ufc-fight-night-august-01-2026,Aug 01 2026,Ludovit Klein,Tofiq Musayev,Tofiq Musayev,-233,+223
ufc-fight-night-august-01-2026,Aug 01 2026,Oban Elliott,Michael Oliveira,Michael Oliveira,+335,-355
ufc-fight-night-august-01-2026,Aug 01 2026,Borislav Nikolic,Mark Vologdin,Borislav Nikolic,-203,+194
ufc-fight-night-august-01-2026,Aug 01 2026,Dennis Buzukja,Bogdan Grad,Bogdan Grad,+186,-194
ufc-fight-night-august-01-2026,Aug 01 2026,Mateusz Rebecki,Kyle Prepolec,Mateusz Rebecki,-809,+669
ufc-fight-night-august-01-2026,Aug 01 2026,Jovan Leka,Alexander Poppeck,Jovan Leka,-317,+300
ufc-fight-night-august-08-2026,Aug 08 2026,Mateusz Gamrot,Quillan Salkilld,Quillan Salkilld,+127,-138
ufc-fight-night-august-08-2026,Aug 08 2026,Diego Ferreira,Billy Quarantillo,Diego Ferreira,-163,+150
ufc-fight-night-august-08-2026,Aug 08 2026,Darren Elkins,Yadier del Valle,Yadier del Valle,+669,-733
ufc-fight-night-august-08-2026,Aug 08 2026,Billy Ray Goff,Ty Miller,Ty Miller,+400,-426
ufc-fight-night-august-08-2026,Aug 08 2026,Steven Asplund,Guilherme Pat,Steven Asplund,-270,+257
ufc-fight-night-august-08-2026,Aug 08 2026,Diyar Nurgozhay,Bruno Lopes,Diyar Nurgozhay,-150,+144
ufc-fight-night-august-08-2026,Aug 08 2026,Manoel Sousa,Richie Miranda,Manoel Sousa,-300,+285
ufc-fight-night-august-08-2026,Aug 08 2026,Miles Johns,Gianni Vazquez,Miles Johns,-194,+186
ufc-330,Aug 15 2026,Islam Makhachev,Ian Machado Garry,Islam Makhachev,-285,+270
ufc-330,Aug 15 2026,Jalin Turner,Kaue Fernandes,Jalin Turner,-108,+100
ufc-330,Aug 15 2026,Mansur Abdul-Malik,Dustin Stoltzfus,Dustin Stoltzfus,-614,+567
ufc-330,Aug 15 2026,Edson Barboza,Esteban Ribovics,Esteban Ribovics,+567,-614
ufc-330,Aug 15 2026,Chidi Njokuani,Joel Alvarez,Chidi Njokuani,+270,-300
ufc-330,Aug 15 2026,Charles Johnson,Eduardo Chapolin,Charles Johnson,-108,+104
ufc-330,Aug 15 2026,Donte Johnson,Eric McConico,Donte Johnson,-317,+300
ufc-330,Aug 15 2026,Vicente Luque,Tresean Gore,Tresean Gore,-104,+100
ufc-330,Aug 15 2026,Rafael Tobias,Lucas Fernando,Lucas Fernando,+270,-285
ufc-330,Aug 15 2026,Neil Magny,Ramiz Brahimaj,Neil Magny,+170,-178
ufc-330,Aug 15 2026,Jeremiah Wells,Myktybek Orolbai,Jeremiah Wells,+750,-1200
ufc-fight-night-august-22-2026,Aug 22 2026,Anthony Hernandez,Gregory Rodrigues,Gregory Rodrigues,-186,+186
ufc-fight-night-august-22-2026,Aug 22 2026,Serghei Spivac,Vitor Petrino,Vitor Petrino,+133,-144
ufc-fight-night-august-22-2026,Aug 22 2026,Reinier de Ridder,Roman Dolidze,Reinier de Ridder,-355,+335
ufc-fight-night-august-22-2026,Aug 22 2026,MarQuel Mederos,Mason Jones,MarQuel Mederos,+317,-335
ufc-fight-night-august-22-2026,Aug 22 2026,Anthony Wint,Terrance Chatman,Anthony Wint,-809,+809
ufc-fight-night-august-22-2026,Aug 22 2026,Jamall Emmers,Lerryan Douglas,Jamall Emmers,+317,-335
ufc-fight-night-august-22-2026,Aug 22 2026,Kennedy Nzechukwu,Shamil Gaziev,Shamil Gaziev,+113,-117
ufc-fight-night-august-22-2026,Aug 22 2026,Chris Padilla,Nasrat Haqparast,Chris Padilla,-113,+108
ufc-fight-night-august-22-2026,Aug 22 2026,Marcio Barbosa,Ryan Kuse,Marcio Barbosa,-733,+669
ufc-fight-night-august-22-2026,Aug 22 2026,Gauge Young,Stan Dorsainvil,Stan Dorsainvil,-1900,+1329
ufc-fight-night-august-22-2026,Aug 22 2026,Wes Schultz,Jackson McVey,Jackson McVey,+285,-317
ufc-fight-night-august-29-2026,Aug 29 2026,Umar Nurmagomedov,Song Yadong,Song Yadong,-525,+488
ufc-fight-night-august-29-2026,Aug 29 2026,Aoriqileng,Kai Asakura,Kai Asakura,+400,-400
ufc-fight-night-august-29-2026,Aug 29 2026,Alex Perez,Sumudaerji,Sumudaerji,+194,-203
ufc-fight-night-august-29-2026,Aug 29 2026,Liu Ce,Levi Rodrigues Jr.,Liu Ce,-156,+150
ufc-fight-night-august-29-2026,Aug 29 2026,Bilal Hasan,Nilson Rojas,Bilal Hasan,-669,+614
ufc-fight-night-august-29-2026,Aug 29 2026,Namsrai Batbayar,Andre Lima,Andre Lima,+233,-245
ufc-fight-night-august-29-2026,Aug 29 2026,Rei Tsuruya,Kevin Borjas,Rei Tsuruya,-733,+614
ufc-fight-night-august-29-2026,Aug 29 2026,Jack Jenkins,Sean Woodson,Sean Woodson,+127,-138
ufc-fight-night-august-29-2026,Aug 29 2026,Xiao Long,Francesco Nuzzi,Francesco Nuzzi,-163,+156
ufc-fight-night-august-29-2026,Aug 29 2026,Lawrence Lui,Hector Santiago,Hector Santiago,-335,+300
ufc-fight-night-august-29-2026,Aug 29 2026,Ding Meng,Cam Nelson,Cam Nelson,+525,-567
