Red Fighter,Blue Fighter,Probability Win,Probability Lose,Probability Draw
Dricus Du Plessis,Sean Strickland,0.6874443779492208,0.30407294445390687,0.008482677596872277
Sean Strickland,Dricus Du Plessis,0.33936167857282956,0.6531917268080616,0.007446594619108848
