Red Fighter,Blue Fighter,Probability Win,Probability Lose,Probability Draw
Conor McGregor,Islam Makhachev,0.48741320698165397,0.5062762051605827,0.006310587857763385
Islam Makhachev,Conor McGregor,0.5743403873531284,0.4053056706124763,0.02035394203439526
