{"predict_data": [{"Result": "unknown", "Red age": 27, "Blue age": 30, "age oppdiff": -3, "Red totalfights": 6, "Blue totalfights": 11, "Red elo": 1098.2774398239517, "Blue elo": 1126.2795017724288, "Red losestreak": 0, "Blue losestreak": 1, "Red winstreak": 6, "Blue winstreak": 0, "Red titlewins": 0, "Blue titlewins": 0, "Red oppelo": 6297.7116926337385, "Blue oppelo": 11405.535881038528, "Red wins": 6, "Blue wins": 10, "Red losses": 0, "Blue losses": 1, "Red KD": 0.0949012708382633, "Blue KD": 0.0122529644268774, "Red KD differential": 0.0949012708382633, "Blue KD differential": 0.0122529644268774, "Red Sig. str.": 5.224922263368499, "Blue Sig. str.": 6.200890367834044, "Red Sig. str. differential": 5.224922263368499, "Blue Sig. str. differential": 6.200890367834044, "Red Total str.": 6.291549666253479, "Blue Total str.": 6.469403098249048, "Red Total str. differential": 6.291549666253479, "Blue Total str. differential": 6.469403098249048, "Red Td": 0.079880628000519, "Blue Td": 0.0274418814454787, "Red Td differential": 0.079880628000519, "Blue Td differential": 0.0274418814454787, "Red Sub. att": 0.0373028332212005, "Blue Sub. att": 0.0038480040322561, "Red Sub. att differential": 0.0373028332212005, "Blue Sub. att differential": 0.0038480040322561, "Red Rev.": 0.0, "Blue Rev.": 0.0, "Red Rev. differential": 0.0, "Blue Rev. differential": 0.0, "Red Ctrl": 0.2118558365962074, "Blue Ctrl": 0.0927382053006588, "Red Ctrl differential": 0.2118558365962074, "Blue Ctrl differential": 0.0927382053006588, "Red Head": 4.027490949259651, "Blue Head": 4.94261507417805, "Red Head differential": 4.027490949259651, "Blue Head differential": 4.94261507417805, "Red Body": 0.7430590356825342, "Blue Body": 0.5173184437942366, "Red Body differential": 0.7430590356825342, "Blue Body differential": 0.5173184437942366, "Red Leg": 0.4543722784263138, "Blue Leg": 0.7409568498617557, "Red Leg differential": 0.4543722784263138, "Blue Leg differential": 0.7409568498617557, "Red Distance": 3.753527287542601, "Blue Distance": 5.884679701461237, "Red Distance differential": 3.753527287542601, "Blue Distance differential": 5.884679701461237, "Red Clinch": 0.1907906347855188, "Blue Clinch": 0.2406713629614053, "Red Clinch differential": 0.1907906347855188, "Blue Clinch differential": 0.2406713629614053, "Red Ground": 1.2806043410403796, "Blue Ground": 0.0755393034114002, "Red Ground differential": 1.2806043410403796, "Blue Ground differential": 0.0755393034114002, "Red Sig. str.%": 0.0586218750571693, "Blue Sig. str.%": 0.0671210055747149, "Red Sig. str.% differential": 0.0586218750571693, "Blue Sig. str.% differential": 0.0671210055747149, "Red Sig. str.% defense": 337.0, "Blue Sig. str.% defense": 8997.0, "Red Total str.% differential": 0.0628564946140967, "Blue Total str.% differential": 0.0684165727622931, "Red Td%": 0.0234174504474232, "Blue Td%": 0.0069065836683525, "Red Td% differential": 0.0234174504474232, "Blue Td% differential": 0.0069065836683525, "Red Td% defense": 1170.0, "Blue Td% defense": 31300.0, "Red Head% differential": 0.0534502842263531, "Blue Head% differential": 0.0617020499171568, "Red Body%": 0.0752447457053343, "Blue Body%": 0.0415176410687205, "Red Body% differential": 0.0752447457053343, "Blue Body% differential": 0.0415176410687205, "Red Body% defense": 150.0, "Blue Body% defense": 2328.0, "Red Leg%": 0.0791259755466686, "Blue Leg%": 0.1009672932281636, "Red Leg% differential": 0.0791259755466686, "Blue Leg% differential": 0.1009672932281636, "Red Leg% defense": 1.0, "Blue Leg% defense": 44.0, "Red Distance% differential": 0.0493758440102193, "Blue Distance% differential": 0.0692147341555471, "Red Clinch%": 0.0701654452241117, "Blue Clinch%": 0.0315690300410703, "Red Clinch% differential": 0.0701654452241117, "Blue Clinch% differential": 0.0315690300410703, "Red Clinch% defense": 192.0, "Blue Clinch% defense": 5248.0, "Red Ground%": 0.0990104504127546, "Blue Ground%": 0.0128080471892189, "Red Ground% differential": 0.0990104504127546, "Blue Ground% differential": 0.0128080471892189, "Red Ground% defense": 363.0, "Blue Ground% defense": 30305.0, "totalfights oppdiff": -5.0, "elo oppdiff": -28.00206194847715, "losestreak oppdiff": -1.0, "winstreak oppdiff": 6.0, "titlewins oppdiff": 0.0, "oppelo oppdiff": -5107.824188404789, "wins oppdiff": -4.0, "losses oppdiff": -1.0, "KD oppdiff": 0.0826483064113859, "KD differential oppdiff": 0.0826483064113859, "Sig. str. oppdiff": -0.9759681044655446, "Sig. str. differential oppdiff": -0.9759681044655446, "Total str. oppdiff": -0.1778534319955689, "Total str. differential oppdiff": -0.1778534319955689, "Td oppdiff": 0.0524387465550402, "Td differential oppdiff": 0.0524387465550402, "Sub. att oppdiff": 0.0334548291889444, "Sub. att differential oppdiff": 0.0334548291889444, "Rev. oppdiff": 0.0, "Rev. differential oppdiff": 0.0, "Ctrl oppdiff": 0.1191176312955485, "Ctrl differential oppdiff": 0.1191176312955485, "Head oppdiff": -0.9151241249183996, "Head differential oppdiff": -0.9151241249183996, "Body oppdiff": 0.2257405918882975, "Body differential oppdiff": 0.2257405918882975, "Leg oppdiff": -0.2865845714354419, "Leg differential oppdiff": -0.2865845714354419, "Distance oppdiff": -2.131152413918636, "Distance differential oppdiff": -2.131152413918636, "Clinch oppdiff": -0.0498807281758864, "Clinch differential oppdiff": -0.0498807281758864, "Ground oppdiff": 1.205065037628979, "Ground differential oppdiff": 1.205065037628979, "Sig. str.% oppdiff": -0.0084991305175456, "Sig. str.% differential oppdiff": -0.0084991305175456, "Sig. str.% defense oppdiff": -8660.0, "Total str.% differential oppdiff": -0.0055600781481963, "Td% oppdiff": 0.0165108667790706, "Td% differential oppdiff": 0.0165108667790706, "Td% defense oppdiff": -30130.0, "Head% differential oppdiff": -0.0082517656908036, "Body% oppdiff": 0.0337271046366138, "Body% differential oppdiff": 0.0337271046366138, "Body% defense oppdiff": -2178.0, "Leg% oppdiff": -0.021841317681495, "Leg% differential oppdiff": -0.021841317681495, "Leg% defense oppdiff": -43.0, "Distance% differential oppdiff": -0.0198388901453277, "Clinch% oppdiff": 0.0385964151830413, "Clinch% differential oppdiff": 0.0385964151830413, "Ground% oppdiff": 0.0862024032235357, "Ground% differential oppdiff": 0.0862024032235357, "Ground% defense oppdiff": -29942.0, "predicted_result": "win", "probability_draw": 0.005350173130898827, "probability_loss": 0.41033240932062515, "probability_win": 0.5843174175484759}, {"Result": "unknown", "Red age": 30, "Blue age": 27, "age oppdiff": 3, "Red totalfights": 11, "Blue totalfights": 6, "Red elo": 1126.2795017724288, "Blue elo": 1098.2774398239517, "Red losestreak": 1, "Blue losestreak": 0, "Red winstreak": 0, "Blue winstreak": 6, "Red titlewins": 0, "Blue titlewins": 0, "Red oppelo": 11405.535881038528, "Blue oppelo": 6297.7116926337385, "Red wins": 10, "Blue wins": 6, "Red losses": 1, "Blue losses": 0, "Red KD": 0.0122529644268774, "Blue KD": 0.0949012708382633, "Red KD differential": 0.0122529644268774, "Blue KD differential": 0.0949012708382633, "Red Sig. str.": 6.200890367834044, "Blue Sig. str.": 5.224922263368499, "Red Sig. str. differential": 6.200890367834044, "Blue Sig. str. differential": 5.224922263368499, "Red Total str.": 6.469403098249048, "Blue Total str.": 6.291549666253479, "Red Total str. differential": 6.469403098249048, "Blue Total str. differential": 6.291549666253479, "Red Td": 0.0274418814454787, "Blue Td": 0.079880628000519, "Red Td differential": 0.0274418814454787, "Blue Td differential": 0.079880628000519, "Red Sub. att": 0.0038480040322561, "Blue Sub. att": 0.0373028332212005, "Red Sub. att differential": 0.0038480040322561, "Blue Sub. att differential": 0.0373028332212005, "Red Rev.": 0.0, "Blue Rev.": 0.0, "Red Rev. differential": 0.0, "Blue Rev. differential": 0.0, "Red Ctrl": 0.0927382053006588, "Blue Ctrl": 0.2118558365962074, "Red Ctrl differential": 0.0927382053006588, "Blue Ctrl differential": 0.2118558365962074,