{"predict_data": [{"Red Fighter": "Dricus Du Plessis", "Blue Fighter": "Sean Strickland", "Probability Win": 0.6874443779492208, "Probability Lose": 0.30407294445390687, "Probability Draw": 0.008482677596872277}, {"Red Fighter": "Sean Strickland", "Blue Fighter": "Dricus Du Plessis", "Probability Win": 0.33936167857282956, "Probability Lose": 0.6531917268080616, "Probability Draw": 0.007446594619108848}], "class_probabilities": {"Win": [0.6874443779492208, 0.33936167857282956], "Lose": [0.30407294445390687, 0.6531917268080616], "Draw": [0.008482677596872277, 0.007446594619108848]}}