{"predict_data": [{"Red Fighter": "Arnold Allen", "Blue Fighter": "Movsar Evloev", "Probability Win": 0.5148364229977487, "Probability Lose": 0.47831813497461545, "Probability Draw": 0.006845442027635958}, {"Red Fighter": "Movsar Evloev", "Blue Fighter": "Arnold Allen", "Probability Win": 0.4588439973247169, "Probability Lose": 0.5273081244501324, "Probability Draw": 0.01384787822515065}], "class_probabilities": {"Win": [0.5148364229977487, 0.4588439973247169], "Lose": [0.47831813497461545, 0.5273081244501324], "Draw": [0.006845442027635958, 0.01384787822515065]}}