{"predict_data": [{"Result": "unknown", "Red age": 37, "Blue age": 43, "age oppdiff": -6, "Red totalfights": 17, "Blue totalfights": 7, "Red elo": 1053.4078272199213, "Blue elo": 957.0755311530264, "Red losestreak": 2, "Blue losestreak": 1, "Red winstreak": 0, "Blue winstreak": 0, "Red titlewins": 0, "Blue titlewins": 0, "Red oppelo": 17970.94077970467, "Blue oppelo": 6972.706621727348, "Red wins": 10, "Blue wins": 2, "Red losses": 7, "Blue losses": 5, "Red KD": 0.0709196271641664, "Blue KD": 0.0393152589502954, "Red KD differential": 0.0709196271641664, "Blue KD differential": 0.0393152589502954, "Red Sig. str.": 6.032139469572847, "Blue Sig. str.": 3.894384326460527, "Red Sig. str. differential": 6.032139469572847, "Blue Sig. str. differential": 3.894384326460527, "Red Total str.": 6.510081443123484, "Blue Total str.": 6.485106770724059, "Red Total str. differential": 6.510081443123484, "Blue Total str. differential": 6.485106770724059, "Red Td": 0.0393947859354918, "Blue Td": 0.0991071428571428, "Red Td differential": 0.0393947859354918, "Blue Td differential": 0.0991071428571428, "Red Sub. att": 0.0097711904144917, "Blue Sub. att": 0.0312200208550573, "Red Sub. att differential": 0.0097711904144917, "Blue Sub. att differential": 0.0312200208550573, "Red Rev.": 0.0209425091622552, "Blue Rev.": 0.0, "Red Rev. differential": 0.0209425091622552, "Blue Rev. differential": 0.0, "Red Ctrl": 0.0661427426976033, "Blue Ctrl": 0.2978826852891634, "Red Ctrl differential": 0.0661427426976033, "Blue Ctrl differential": 0.2978826852891634, "Red Head": 4.854710550408108, "Blue Head": 2.775427541045252, "Red Head differential": 4.854710550408108, "Blue Head differential": 2.775427541045252, "Red Body": 0.8442096834271272, "Blue Body": 0.5004501247468881, "Red Body differential": 0.8442096834271272, "Blue Body differential": 0.5004501247468881, "Red Leg": 0.3332192357376111, "Blue Leg": 0.6185066606683876, "Red Leg differential": 0.3332192357376111, "Blue Leg differential": 0.6185066606683876, "Red Distance": 5.133116584997117, "Blue Distance": 1.4195747625451238, "Red Distance differential": 5.133116584997117, "Blue Distance differential": 1.4195747625451238, "Red Clinch": 0.2802963998277791, "Blue Clinch": 1.2418959386112671, "Red Clinch differential": 0.2802963998277791, "Blue Clinch differential": 1.2418959386112671, "Red Ground": 0.6187264847479511, "Blue Ground": 1.2329136253041362, "Red Ground differential": 0.6187264847479511, "Blue Ground differential": 1.2329136253041362, "Red Sig. str.%": 0.0550762485959748, "Blue Sig. str.%": 0.0613398555916085, "Red Sig. str.% differential": 0.0550762485959748, "Blue Sig. str.% differential": 0.0613398555916085, "Red Sig. str.% defense": 51007.0, "Blue Sig. str.% defense": 804.0, "Red Total str.% differential": 0.0567081844292574, "Blue Total str.% differential": 0.081314298333434, "Red Td%": 0.0176043873242284, "Blue Td%": 0.0151332199546485, "Red Td% differential": 0.0176043873242284, "Blue Td% differential": 0.0151332199546485, "Red Td% defense": 83809.0, "Blue Td% defense": 1522.0, "Red Head% differential": 0.0522365032244798, "Blue Head% differential": 0.0358609228985927, "Red Body%": 0.0721435952577104, "Blue Body%": 0.0524217945657278, "Red Body% differential": 0.0721435952577104, "Blue Body% differential": 0.0524217945657278, "Red Body% defense": 9729.0, "Blue Body% defense": 609.0, "Red Leg%": 0.0835379813343458, "Blue Leg%": 0.0779399307066397, "Red Leg% differential": 0.0835379813343458, "Blue Leg% differential": 0.0779399307066397, "Red Leg% defense": 1488.0, "Blue Leg% defense": 316.0, "Red Distance% differential": 0.051084559825907, "Blue Distance% differential": 0.043013651540264, "Red Clinch%": 0.0719146736016486, "Blue Clinch%": 0.0618824143500034, "Red Clinch% differential": 0.0719146736016486, "Blue Clinch% differential": 0.0618824143500034, "Red Clinch% defense": 58852.0, "Blue Clinch% defense": 572.0, "Red Ground%": 0.0629497857758626, "Blue Ground%": 0.0325392631195902, "Red Ground% differential": 0.0629497857758626, "Blue Ground% differential": 0.0325392631195902, "Red Ground% defense": 35986.0, "Blue Ground% defense": 414.0, "totalfights oppdiff": 10.0, "elo oppdiff": 96.33229606689495, "losestreak oppdiff": 1.0, "winstreak oppdiff": 0.0, "titlewins oppdiff": 0.0, "oppelo oppdiff": 10998.234157977322, "wins oppdiff": 8.0, "losses oppdiff": 2.0, "KD oppdiff": 0.0316043682138709, "KD differential oppdiff": 0.0316043682138709, "Sig. str. oppdiff": 2.13775514311232, "Sig. str. differential oppdiff": 2.13775514311232, "Total str. oppdiff": 0.0249746723994253, "Total str. differential oppdiff": 0.0249746723994253, "Td oppdiff": -0.059712356921651, "Td differential oppdiff": -0.059712356921651, "Sub. att oppdiff": -0.0214488304405655, "Sub. att differential oppdiff": -0.0214488304405655, "Rev. oppdiff": 0.0209425091622552, "Rev. differential oppdiff": 0.0209425091622552, "Ctrl oppdiff": -0.2317399425915601, "Ctrl differential oppdiff": -0.2317399425915601, "Head oppdiff": 2.079283009362857, "Head differential oppdiff": 2.079283009362857, "Body oppdiff": 0.3437595586802391, "Body differential oppdiff": 0.3437595586802391, "Leg oppdiff": -0.2852874249307764, "Leg differential oppdiff": -0.2852874249307764, "Distance oppdiff": 3.713541822451993, "Distance differential oppdiff": 3.713541822451993, "Clinch oppdiff": -0.961599538783488, "Clinch differential oppdiff": -0.961599538783488, "Ground oppdiff": -0.6141871405561851, "Ground differential oppdiff": -0.6141871405561851, "Sig. str.% oppdiff": -0.0062636069956337, "Sig. str.% differential oppdiff": -0.0062636069956337, "Sig. str.% defense oppdiff": 50203.0, "Total str.% differential oppdiff": -0.0246061139041765, "Td% oppdiff": 0.0024711673695799, "Td% differential oppdiff": 0.0024711673695799, "Td% defense oppdiff": 82287.0, "Head% differential oppdiff": 0.0163755803258871, "Body% oppdiff": 0.0197218006919826, "Body% differential oppdiff": 0.0197218006919826, "Body% defense oppdiff": 9120.0, "Leg% oppdiff": 0.005598050627706, "Leg% differential oppdiff": 0.005598050627706, "Leg% defense oppdiff": 1172.0, "Distance% differential oppdiff": 0.008070908285643, "Clinch% oppdiff": 0.0100322592516452, "Clinch% differential oppdiff": 0.0100322592516452, "Ground% oppdiff": 0.0304105226562724, "Ground% differential oppdiff": 0.0304105226562724, "Ground% defense oppdiff": 35572.0, "predicted_result": "win", "probability_draw": 0.00392149885728675, "probability_loss": 0.4279167722890911, "probability_win": 0.5681617288536221}, {"Result": "unknown", "Red age": 43, "Blue age": 37, "age oppdiff": 6, "Red totalfights": 7, "Blue totalfights": 17, "Red elo": 957.0755311530264, "Blue elo": 1053.4078272199213, "Red losestreak": 1, "Blue losestreak": 2, "Red winstreak": 0, "Blue winstreak": 0, "Red titlewins": 0, "Blue titlewins": 0, "Red oppelo": 6972.706621727348, "Blue oppelo": 17970.94077970467, "Red wins": 2, "Blue wins": 10, "Red losses": 5, "Blue losses": 7, "Red KD": 0.0393152589502954, "Blue KD": 0.0709196271641664, "Red KD differential": 0.0393152589502954, "Blue KD differential": 0.0709196271641664, "Red Sig. str.": 3.894384326460527, "Blue Sig. str.": 6.032139469572847, "Red Sig. str. differential": 3.894384326460527, "Blue Sig. str. differential": 6.032139469572847, "Red Total str.": 6.485106770724059, "Blue Total str.": 6.510081443123484, "Red Total str. differential": 6.485106770724059, "Blue Total str. differential": 6.510081443123484, "Red Td": 0.0991071428571428, "Blue Td": 0.0393947859354918, "Red Td differential": 0.0991071428571428, "Blue Td differential": 0.0393947859354918, "Red Sub. att": 0.0312200208550573, "Blue Sub. att": 0.0097711904144917, "Red Sub. att differential": 0.0312200208550573, "Blue Sub. att differential": 0.0097711904144917, "Red Rev.": 0.0, "Blue Rev.": 0.0209425091622552, "Red Rev. differential": 0.0, "Blue Rev. differential": 0.0209425091622552, "Red Ctrl": 0.2978826852891634, "Blue Ctrl": 0.0661427426976033,