{"predict_data": [{"Result": "unknown", "Red age": 37, "Blue age": 36, "age oppdiff": 1, "Red totalfights": 23, "Blue totalfights": 14, "Red elo": 1260.8141346403952, "Blue elo": 1101.823991978811, "Red losestreak": 0, "Blue losestreak": 2, "Red winstreak": 18, "Blue winstreak": 0, "Red titlewins": 15, "Blue titlewins": 3, "Red oppelo": 24741.710356951186, "Blue oppelo": 15295.556689645677, "Red wins": 21, "Blue wins": 10, "Red losses": 1, "Blue losses": 4, "Red KD": 0.011537418488634, "Blue KD": 0.5009472073407195, "Red KD differential": 0.011537418488634, "Blue KD differential": 0.5009472073407195, "Red Sig. str.": 4.25152006833592, "Blue Sig. str.": 9.05464884245172, "Red Sig. str. differential": 4.25152006833592, "Blue Sig. str. differential": 9.05464884245172, "Red Total str.": 5.349705080447714, "Blue Total str.": 11.078505451398687, "Red Total str. differential": 5.349705080447714, "Blue Total str. differential": 11.078505451398687, "Red Td": 0.2175438058022872, "Blue Td": 0.0032224121175563, "Red Td differential": 0.2175438058022872, "Blue Td differential": 0.0032224121175563, "Red Sub. att": 0.0741260002861726, "Blue Sub. att": 0.0386206896551724, "Red Sub. att differential": 0.0741260002861726, "Blue Sub. att differential": 0.0386206896551724, "Red Rev.": 0.0, "Blue Rev.": 0.0068537159991432, "Red Rev. differential": 0.0, "Blue Rev. differential": 0.0068537159991432, "Red Ctrl": 0.2528880279226629, "Blue Ctrl": 0.1074433312478089, "Red Ctrl differential": 0.2528880279226629, "Blue Ctrl differential": 0.1074433312478089, "Red Head": 1.8253778528845317, "Blue Head": 7.513592769973004, "Red Head differential": 1.8253778528845317, "Blue Head differential": 7.513592769973004, "Red Body": 1.0100484076619256, "Blue Body": 0.7559461064637131, "Red Body differential": 1.0100484076619256, "Blue Body differential": 0.7559461064637131, "Red Leg": 1.4160938077894625, "Blue Leg": 0.7851099660150029, "Red Leg differential": 1.4160938077894625, "Blue Leg differential": 0.7851099660150029, "Red Distance": 2.9850259345798498, "Blue Distance": 4.303851228085582, "Red Distance differential": 2.9850259345798498, "Blue Distance differential": 4.303851228085582, "Red Clinch": 0.5412465986475936, "Blue Clinch": 0.9669045645032752, "Red Clinch differential": 0.5412465986475936, "Blue Clinch differential": 0.9669045645032752, "Red Ground": 0.7252475351084761, "Blue Ground": 3.783893049862861, "Red Ground differential": 0.7252475351084761, "Blue Ground differential": 3.783893049862861, "Red Sig. str.%": 0.0676172337322685, "Blue Sig. str.%": 0.399859596019602, "Red Sig. str.% differential": 0.0676172337322685, "Blue Sig. str.% differential": 0.399859596019602, "Red Sig. str.% defense": 454080.0, "Blue Sig. str.% defense": 26306.0, "Red Total str.% differential": 0.0739294643814896, "Blue Total str.% differential": 0.4105663706585546, "Red Td%": 0.0846902584435081, "Blue Td%": 0.0023816896216614, "Red Td% differential": 0.0846902584435081, "Blue Td% differential": 0.0023816896216614, "Red Td% defense": 2146441.0, "Blue Td% defense": 27164.0, "Red Head% differential": 0.0552883272030879, "Blue Head% differential": 0.4367687729593823, "Red Body%": 0.044928100450414, "Blue Body%": 0.0773437574706383, "Red Body% differential": 0.044928100450414, "Blue Body% differential": 0.0773437574706383, "Red Body% defense": 132189.0, "Blue Body% defense": 42629.0, "Red Leg%": 0.082689510189, "Blue Leg%": 0.3026274852179346, "Red Leg% differential": 0.082689510189, "Blue Leg% differential": 0.3026274852179346, "Red Leg% defense": 72550.0, "Blue Leg% defense": 14642.0, "Red Distance% differential": 0.0570494986166188, "Blue Distance% differential": 0.3120615766214252, "Red Clinch%": 0.0386256318320889, "Blue Clinch%": 0.2907420389544721, "Red Clinch% differential": 0.0386256318320889, "Blue Clinch% differential": 0.2907420389544721, "Red Clinch% defense": 249357.0, "Blue Clinch% defense": 72281.0, "Red Ground%": 0.0388990813688152, "Blue Ground%": 0.4601949914528371, "Red Ground% differential": 0.0388990813688152, "Blue Ground% differential": 0.4601949914528371, "Red Ground% defense": 1897174.0, "Blue Ground% defense": 20484.0, "totalfights oppdiff": 9.0, "elo oppdiff": 158.9901426615843, "losestreak oppdiff": -2.0, "winstreak oppdiff": 18.0, "titlewins oppdiff": 12.0, "oppelo oppdiff": 9446.153667305509, "wins oppdiff": 11.0, "losses oppdiff": -3.0, "KD oppdiff": -0.4894097888520855, "KD differential oppdiff": -0.4894097888520855, "Sig. str. oppdiff": -4.803128774115799, "Sig. str. differential oppdiff": -4.803128774115799, "Total str. oppdiff": -5.728800370950973, "Total str. differential oppdiff": -5.728800370950973, "Td oppdiff": 0.2143213936847308, "Td differential oppdiff": 0.2143213936847308, "Sub. att oppdiff": 0.0355053106310002, "Sub. att differential oppdiff": 0.0355053106310002, "Rev. oppdiff": -0.0068537159991432, "Rev. differential oppdiff": -0.0068537159991432, "Ctrl oppdiff": 0.145444696674854, "Ctrl differential oppdiff": 0.145444696674854, "Head oppdiff": -5.688214917088472, "Head differential oppdiff": -5.688214917088472, "Body oppdiff": 0.2541023011982125, "Body differential oppdiff": 0.2541023011982125, "Leg oppdiff": 0.6309838417744593, "Leg differential oppdiff": 0.6309838417744593, "Distance oppdiff": -1.3188252935057323, "Distance differential oppdiff": -1.3188252935057323, "Clinch oppdiff": -0.4256579658556816, "Clinch differential oppdiff": -0.4256579658556816, "Ground oppdiff": -3.058645514754385, "Ground differential oppdiff": -3.058645514754385, "Sig. str.% oppdiff": -0.3322423622873335, "Sig. str.% differential oppdiff": -0.3322423622873335, "Sig. str.% defense oppdiff": 427774.0, "Total str.% differential oppdiff": -0.336636906277065, "Td% oppdiff": 0.0823085688218466, "Td% differential oppdiff": 0.0823085688218466, "Td% defense oppdiff": 2119277.0, "Head% differential oppdiff": -0.3814804457562944, "Body% oppdiff": -0.0324156570202242, "Body% differential oppdiff": -0.0324156570202242, "Body% defense oppdiff": 89560.0, "Leg% oppdiff": -0.2199379750289346, "Leg% differential oppdiff": -0.2199379750289346, "Leg% defense oppdiff": 57908.0, "Distance% differential oppdiff": -0.2550120780048064, "Clinch% oppdiff": -0.2521164071223832, "Clinch% differential oppdiff": -0.2521164071223832, "Ground% oppdiff": -0.4212959100840219, "Ground% differential oppdiff": -0.4212959100840219, "Ground% defense oppdiff": 1876690.0, "predicted_result": "loss", "probability_draw": 0.006289837771339165, "probability_loss": 0.5730005824409696, "probability_win": 0.4207095797876913}, {"Result": "unknown", "Red age": 36, "Blue age": 37, "age oppdiff": -1, "Red totalfights": 14, "Blue totalfights": 23, "Red elo": 1101.823991978811, "Blue elo": 1260.8141346403952, "Red losestreak": 2, "Blue losestreak": 0, "Red winstreak": 0, "Blue winstreak": 18, "Red titlewins": 3, "Blue titlewins": 15, "Red oppelo": 15295.556689645677, "Blue oppelo": 24741.710356951186, "Red wins": 10, "Blue wins": 21, "Red losses": 4, "Blue losses": 1, "Red KD": 0.5009472073407195, "Blue KD": 0.011537418488634, "Red KD differential": 0.5009472073407195, "Blue KD differential": 0.011537418488634, "Red Sig. str.": 9.05464884245172, "Blue Sig. str.": 4.25152006833592, "Red Sig. str. differential": 9.05464884245172, "Blue Sig. str. differential": 4.25152006833592, "Red Total str.": 11.078505451398687, "Blue Total str.": 5.349705080447714, "Red Total str. differential": 11.078505451398687, "Blue Total str. differential": 5.349705080447714, "Red Td": 0.0032224121175563, "Blue Td": 0.2175438058022872, "Red Td differential": 0.0032224121175563, "Blue Td differential": 0.2175438058022872, "Red Sub. att": 0.0386206896551724, "Blue Sub. att": 0.0741260002861726, "Red Sub. att differential": 0.0386206896551724, "Blue Sub. att differential": 0.0741260002861726, "Red Rev.": 0.0068537159991432, "Blue Rev.": 0.0, "Red Rev. differential": 0.0068537159991432, "Blue Rev. differential": 0.0, "Red Ctrl": 0.1074433312478089,