{"predict_data": [{"Red Fighter": "Conor McGregor", "Blue Fighter": "Islam Makhachev", "Probability Win": 0.48741320698165397, "Probability Lose": 0.5062762051605827, "Probability Draw": 0.006310587857763385}, {"Red Fighter": "Islam Makhachev", "Blue Fighter": "Conor McGregor", "Probability Win": 0.5743403873531284, "Probability Lose": 0.4053056706124763, "Probability Draw": 0.02035394203439526}], "class_probabilities": {"Win": [0.48741320698165397, 0.5743403873531284], "Lose": [0.5062762051605827, 0.4053056706124763], "Draw": [0.006310587857763385, 0.02035394203439526]}}