Red Fighter,Blue Fighter,Probability Win,Probability Lose
Rob Font,Matt Grice,0.5681617288536221,0.4279167722890911
Matt Grice,Rob Font,0.4842998645777425,0.5082422217432381
