{"predict_data": [{"Result": "unknown", "Red dob": 1985, "Blue dob": 1984, "Red totalfights": 3, "Blue totalfights": 2, "Red elo": 982.630975124144, "Blue elo": 968.6092961630152, "Red losestreak": 2, "Blue losestreak": 2, "Red winstreak": 0, "Blue winstreak": 0, "Red titlewins": 1, "Blue titlewins": 0, "Red oppelo": 2985.486211262152, "Blue oppelo": 1997.237099200404, "Red wins": 1, "Blue wins": 0, "Red losses": 2, "Blue losses": 2, "Red KD": 0.0, "Blue KD": 0.0, "Red KD differential": 0.0, "Blue KD differential": 0.0, "Red Sig. str.": 2.958714748035136, "Blue Sig. str.": 0.396694214876033, "Red Sig. str. differential": 2.958714748035136, "Blue Sig. str. differential": 0.396694214876033, "Red Total str.": 4.088164586222838, "Blue Total str.": 0.4958677685950413, "Red Total str. differential": 4.088164586222838, "Blue Total str. differential": 0.4958677685950413, "Red Td": 0.0650023116042533, "Blue Td": 0.0, "Red Td differential": 0.0650023116042533, "Blue Td differential": 0.0, "Red Sub. att": 0.0, "Blue Sub. att": 0.0, "Red Sub. att differential": 0.0, "Blue Sub. att differential": 0.0, "Red Rev.": 0.0047619047619047, "Blue Rev.": 0.0, "Red Rev. differential": 0.0047619047619047, "Blue Rev. differential": 0.0, "Red Ctrl": 0.1580258899676375, "Blue Ctrl": 0.0462809917355371, "Red Ctrl differential": 0.1580258899676375, "Blue Ctrl differential": 0.0462809917355371, "Red Head": 1.867036523347203, "Blue Head": 0.0, "Red Head differential": 1.867036523347203, "Blue Head differential": 0.0, "Red Body": 0.0563106796116504, "Blue Body": 0.1983471074380165, "Red Body differential": 0.0563106796116504, "Blue Body differential": 0.1983471074380165, "Red Leg": 1.035367545076283, "Blue Leg": 0.1983471074380165, "Red Leg differential": 1.035367545076283, "Blue Leg differential": 0.1983471074380165, "Red Distance": 2.611558021266759, "Blue Distance": 0.0, "Red Distance differential": 2.611558021266759, "Blue Distance differential": 0.0, "Red Clinch": 0.2314378178455848, "Blue Clinch": 0.396694214876033, "Red Clinch differential": 0.2314378178455848, "Blue Clinch differential": 0.396694214876033, "Red Ground": 0.1157189089227924, "Blue Ground": 0.0, "Red Ground differential": 0.1157189089227924, "Blue Ground differential": 0.0, "Red Sig. str.%": 0.3223418523018473, "Blue Sig. str.%": 0.0566706021251475, "Red Sig. str.% differential": 0.3223418523018473, "Blue Sig. str.% differential": 0.0566706021251475, "Red Sig. str.% defense": 9.0, "Blue Sig. str.% defense": 0.0, "Red Total str.% differential": 0.3274827477395749, "Blue Total str.% differential": 0.0619834710743801, "Red Td%": 0.0101094159346586, "Blue Td%": 0.0, "Red Td% differential": 0.0101094159346586, "Blue Td% differential": 0.0, "Red Td% defense": 32.0, "Blue Td% defense": 6.0, "Red Head% differential": 0.2997974904442838, "Blue Head% differential": 0.0, "Red Body%": 0.0079288025889967, "Blue Body%": 0.0661157024793388, "Red Body% differential": 0.0079288025889967, "Blue Body% differential": 0.0661157024793388, "Red Body% defense": 0.0, "Blue Body% defense": 5.0, "Red Leg%": 0.7391459673013071, "Blue Leg%": 0.0991735537190082, "Red Leg% differential": 0.7391459673013071, "Blue Leg% differential": 0.0991735537190082, "Red Leg% defense": 14.0, "Blue Leg% defense": 0.0, "Red Distance% differential": 0.3177158394079337, "Blue Distance% differential": 0.0, "Red Clinch%": 0.0265618739405147, "Blue Clinch%": 0.0793388429752066, "Red Clinch% differential": 0.0265618739405147, "Blue Clinch% differential": 0.0793388429752066, "Red Clinch% defense": 21.0, "Blue Clinch% defense": 0.0, "Red Ground%": 0.0232547387887193, "Blue Ground%": 0.0, "Red Ground% differential": 0.0232547387887193, "Blue Ground% differential": 0.0, "Red Ground% defense": 4.0, "Blue Ground% defense": 0.0, "dob oppdiff": 1.0, "totalfights oppdiff": 1.0, "elo oppdiff": 14.02167896112894, "losestreak oppdiff": 0.0, "winstreak oppdiff": 0.0, "titlewins oppdiff": 1.0, "oppelo oppdiff": 988.2491120617484, "wins oppdiff": 1.0, "losses oppdiff": 0.0, "KD oppdiff": 0.0, "KD differential oppdiff": 0.0, "Sig. str. oppdiff": 2.562020533159103, "Sig. str. differential oppdiff": 2.562020533159103, "Total str. oppdiff": 3.5922968176277967, "Total str. differential oppdiff": 3.5922968176277967, "Td oppdiff": 0.0650023116042533, "Td differential oppdiff": 0.0650023116042533, "Sub. att oppdiff": 0.0, "Sub. att differential oppdiff": 0.0, "Rev. oppdiff": 0.0047619047619047, "Rev. differential oppdiff": 0.0047619047619047, "Ctrl oppdiff": 0.1117448982321003, "Ctrl differential oppdiff": 0.1117448982321003, "Head oppdiff": 1.867036523347203, "Head differential oppdiff": 1.867036523347203, "Body oppdiff": -0.142036427826366, "Body differential oppdiff": -0.142036427826366, "Leg oppdiff": 0.8370204376382664, "Leg differential oppdiff": 0.8370204376382664, "Distance oppdiff": 2.611558021266759, "Distance differential oppdiff": 2.611558021266759, "Clinch oppdiff": -0.1652563970304482, "Clinch differential oppdiff": -0.1652563970304482, "Ground oppdiff": 0.1157189089227924, "Ground differential oppdiff": 0.1157189089227924, "Sig. str.% oppdiff": 0.2656712501766998, "Sig. str.% differential oppdiff": 0.2656712501766998, "Sig. str.% defense oppdiff": 9.0, "Total str.% differential oppdiff": 0.2654992766651947, "Td% oppdiff": 0.0101094159346586, "Td% differential oppdiff": 0.0101094159346586, "Td% defense oppdiff": 26.0, "Head% differential oppdiff": 0.2997974904442838, "Body% oppdiff": -0.058186899890342, "Body% differential oppdiff": -0.058186899890342, "Body% defense oppdiff": -5.0, "Leg% oppdiff": 0.6399724135822988, "Leg% differential oppdiff": 0.6399724135822988, "Leg% defense oppdiff": 14.0, "Distance% differential oppdiff": 0.3177158394079337, "Clinch% oppdiff": -0.0527769690346919, "Clinch% differential oppdiff": -0.0527769690346919, "Ground% oppdiff": 0.0232547387887193, "Ground% differential oppdiff": 0.0232547387887193, "Ground% defense oppdiff": 4.0, "predicted_result": "win", "probability_draw": 0.0062991188666356715, "probability_loss": 0.3778698052987167, "probability_win": 0.6158310758346477}, {"Result": "unknown", "Red dob": 1984, "Blue dob": 1985, "Red totalfights": 2, "Blue totalfights": 3, "Red elo": 968.6092961630152, "Blue elo": 982.630975124144, "Red losestreak": 2, "Blue losestreak": 2, "Red winstreak": 0, "Blue winstreak": 0, "Red titlewins": 0, "Blue titlewins": 1, "Red oppelo": 1997.237099200404, "Blue oppelo": 2985.486211262152, "Red wins": 0, "Blue wins": 1, "Red losses": 2, "Blue losses": 2, "Red KD": 0.0, "Blue KD": 0.0, "Red KD differential": 0.0, "Blue KD differential": 0.0, "Red Sig. str.": 0.396694214876033, "Blue Sig. str.": 2.958714748035136, "Red Sig. str. differential": 0.396694214876033, "Blue Sig. str. differential": 2.958714748035136, "Red Total str.": 0.4958677685950413, "Blue Total str.": 4.088164586222838, "Red Total str. differential": 0.4958677685950413, "Blue Total str. differential": 4.088164586222838, "Red Td": 0.0, "Blue Td": 0.0650023116042533, "Red Td differential": 0.0, "Blue Td differential": 0.0650023116042533, "Red Sub. att": 0.0, "Blue Sub. att": 0.0, "Red Sub. att differential": 0.0, "Blue Sub. att differential": 0.0, "Red Rev.": 0.0, "Blue Rev.": 0.0047619047619047, "Red Rev. differential": 0.0, "Blue Rev. differential": 0.0047619047619047, "Red Ctrl": 0.0462809917355371, "Blue Ctrl": 0.1580258899676375, "Red Ctrl differential": 0.0462809917355371, "Blue Ctrl differential": 0.1580258899676375, "Red Head": 0.0, "Blue Head": 1.867036523347203, "Red Head differential": 0.0, "Blue Head differential": 1.867036523347203, "Red Body": 0.1983471074380165, "Blue Body": 0.0563106796116504, "Red Body differential": 0.1983471074380165, "Blue Body differential": 0.0563106796116504, "Red Leg": 0.1983471074380165, "Blue Leg": 1.035367545076283, "Red Leg differential": 0.1983471074380165, "Blue Leg differential": 1.035367545076283, "Red Distance": 0.0, "Blue Distance": 2.611558021266759, "Red Distance differential": 0.0,