Red Fighter,Blue Fighter,Probability Win,Probability Lose
<<<<<<< HEAD
Ilia Topuria,Arnold Allen,0.5843174175484759,0.41033240932062515
Arnold Allen,Ilia Topuria,0.5070014484487807,0.4894261699245792
=======
Conor McGregor,Jon Jones,0.5969109049845046,0.4004211504070221
Jon Jones,Conor McGregor,0.508026245050245,0.4791886073468946
>>>>>>> 3d00b11134701c611dc7fda3f8e647440d6edcf7
