{"predict_data": [{"Result": "unknown", "Red dob": 1992, "Blue dob": 1993, "Red totalfights": 22, "Blue totalfights": 12, "Red elo": 1118.0111567976471, "Blue elo": 1064.3455468417235, "Red losestreak": 0, "Blue losestreak": 3, "Red winstreak": 1, "Blue winstreak": 0, "Red titlewins": 0, "Blue titlewins": 2, "Red oppelo": 22738.295511944994, "Blue oppelo": 12828.867818803345, "Red wins": 15, "Blue wins": 8, "Red losses": 7, "Blue losses": 4, "Red KD": 0.0653489544665879, "Blue KD": 0.0347798351625566, "Red KD differential": 0.0653489544665879, "Blue KD differential": 0.0347798351625566, "Red Sig. str.": 5.245011374903528, "Blue Sig. str.": 4.285705238582894, "Red Sig. str. differential": 5.245011374903528, "Blue Sig. str. differential": 4.285705238582894, "Red Total str.": 6.022060341359773, "Blue Total str.": 5.805809190395169, "Red Total str. differential": 6.022060341359773, "Blue Total str. differential": 5.805809190395169, "Red Td": 0.0322516636336816, "Blue Td": 0.1422562093361689, "Red Td differential": 0.0322516636336816, "Blue Td differential": 0.1422562093361689, "Red Sub. att": 0.0544877517305178, "Blue Sub. att": 0.0063692307692307, "Red Sub. att differential": 0.0544877517305178, "Blue Sub. att differential": 0.0063692307692307, "Red Rev.": 0.0050768555116381, "Blue Rev.": 0.0053948717948717, "Red Rev. differential": 0.0050768555116381, "Blue Rev. differential": 0.0053948717948717, "Red Ctrl": 0.0879506063897373, "Blue Ctrl": 0.1826639068928971, "Red Ctrl differential": 0.0879506063897373, "Blue Ctrl differential": 0.1826639068928971, "Red Head": 3.0657518936373918, "Blue Head": 2.6032793385780235, "Red Head differential": 3.0657518936373918, "Blue Head differential": 2.6032793385780235, "Red Body": 0.955210794024379, "Blue Body": 0.9166928002247472, "Red Body differential": 0.955210794024379, "Blue Body differential": 0.9166928002247472, "Red Leg": 1.224048687241757, "Blue Leg": 0.7657330997801235, "Red Leg differential": 1.224048687241757, "Blue Leg differential": 0.7657330997801235, "Red Distance": 4.163098977933322, "Blue Distance": 3.205210285881635, "Red Distance differential": 4.163098977933322, "Blue Distance differential": 3.205210285881635, "Red Clinch": 0.4708564814601381, "Blue Clinch": 0.4579012368487935, "Red Clinch differential": 0.4708564814601381, "Blue Clinch differential": 0.4579012368487935, "Red Ground": 0.6110559155100673, "Blue Ground": 0.6225937158524655, "Red Ground differential": 0.6110559155100673, "Blue Ground differential": 0.6225937158524655, "Red Sig. str.%": 0.0568145731870874, "Blue Sig. str.%": 0.029391991007598, "Red Sig. str.% differential": 0.0568145731870874, "Blue Sig. str.% differential": 0.029391991007598, "Red Sig. str.% defense": 237668.0, "Blue Sig. str.% defense": 9174.0, "Red Total str.% differential": 0.0595099636458957, "Blue Total str.% differential": 0.0324785259362532, "Red Td%": 0.0166016029807304, "Blue Td%": 0.0218821846850018, "Red Td% differential": 0.0166016029807304, "Blue Td% differential": 0.0218821846850018, "Red Td% defense": 793491.0, "Blue Td% defense": 40169.0, "Red Head% differential": 0.0501775422850882, "Blue Head% differential": 0.0230533675776151, "Red Body%": 0.0460452928735888, "Blue Body%": 0.0428738846899727, "Red Body% differential": 0.0460452928735888, "Blue Body% differential": 0.0428738846899727, "Red Body% defense": 47760.0, "Blue Body% defense": 2652.0, "Red Leg%": 0.0818060925505724, "Blue Leg%": 0.0483515254011561, "Red Leg% differential": 0.0818060925505724, "Blue Leg% differential": 0.0483515254011561, "Red Leg% defense": 728.0, "Blue Leg% defense": 336.0, "Red Distance% differential": 0.0493234568915449, "Blue Distance% differential": 0.0268822907712843, "Red Clinch%": 0.0509262400336897, "Blue Clinch%": 0.0419017108029333, "Red Clinch% differential": 0.0509262400336897, "Blue Clinch% differential": 0.0419017108029333, "Red Clinch% defense": 140178.0, "Blue Clinch% defense": 1004.0, "Red Ground%": 0.0592144789711343, "Blue Ground%": 0.0319570790283958, "Red Ground% differential": 0.0592144789711343, "Blue Ground% differential": 0.0319570790283958, "Red Ground% defense": 281448.0, "Blue Ground% defense": 23796.0, "dob oppdiff": -1.0, "totalfights oppdiff": 10.0, "elo oppdiff": 53.665609955923856, "losestreak oppdiff": -3.0, "winstreak oppdiff": 1.0, "titlewins oppdiff": -2.0, "oppelo oppdiff": 9909.427693141652, "wins oppdiff": 7.0, "losses oppdiff": 3.0, "KD oppdiff": 0.0305691193040312, "KD differential oppdiff": 0.0305691193040312, "Sig. str. oppdiff": 0.9593061363206336, "Sig. str. differential oppdiff": 0.9593061363206336, "Total str. oppdiff": 0.2162511509646041, "Total str. differential oppdiff": 0.2162511509646041, "Td oppdiff": -0.1100045457024872, "Td differential oppdiff": -0.1100045457024872, "Sub. att oppdiff": 0.048118520961287, "Sub. att differential oppdiff": 0.048118520961287, "Rev. oppdiff": -0.0003180162832336, "Rev. differential oppdiff": -0.0003180162832336, "Ctrl oppdiff": -0.0947133005031598, "Ctrl differential oppdiff": -0.0947133005031598, "Head oppdiff": 0.4624725550593678, "Head differential oppdiff": 0.4624725550593678, "Body oppdiff": 0.0385179937996317, "Body differential oppdiff": 0.0385179937996317, "Leg oppdiff": 0.4583155874616336, "Leg differential oppdiff": 0.4583155874616336, "Distance oppdiff": 0.9578886920516868, "Distance differential oppdiff": 0.9578886920516868, "Clinch oppdiff": 0.0129552446113446, "Clinch differential oppdiff": 0.0129552446113446, "Ground oppdiff": -0.0115378003423981, "Ground differential oppdiff": -0.0115378003423981, "Sig. str.% oppdiff": 0.0274225821794894, "Sig. str.% differential oppdiff": 0.0274225821794894, "Sig. str.% defense oppdiff": 228494.0, "Total str.% differential oppdiff": 0.0270314377096424, "Td% oppdiff": -0.0052805817042714, "Td% differential oppdiff": -0.0052805817042714, "Td% defense oppdiff": 753322.0, "Head% differential oppdiff": 0.027124174707473, "Body% oppdiff": 0.003171408183616, "Body% differential oppdiff": 0.003171408183616, "Body% defense oppdiff": 45108.0, "Leg% oppdiff": 0.0334545671494162, "Leg% differential oppdiff": 0.0334545671494162, "Leg% defense oppdiff": 392.0, "Distance% differential oppdiff": 0.0224411661202605, "Clinch% oppdiff": 0.0090245292307563, "Clinch% differential oppdiff": 0.0090245292307563, "Ground% oppdiff": 0.0272573999427385, "Ground% differential oppdiff": 0.0272573999427385, "Ground% defense oppdiff": 257652.0, "predicted_result": "win", "probability_draw": 0.016449747755405888, "probability_loss": 0.46176208196760016, "probability_win": 0.5217881702769939}, {"Result": "unknown", "Red dob": 1993, "Blue dob": 1992, "Red totalfights": 12, "Blue totalfights": 22, "Red elo": 1064.3455468417235, "Blue elo": 1118.0111567976471, "Red losestreak": 3, "Blue losestreak": 0, "Red winstreak": 0, "Blue winstreak": 1, "Red titlewins": 2, "Blue titlewins": 0, "Red oppelo": 12828.867818803345, "Blue oppelo": 22738.295511944994, "Red wins": 8, "Blue wins": 15, "Red losses": 4, "Blue losses": 7, "Red KD": 0.0347798351625566, "Blue KD": 0.0653489544665879, "Red KD differential": 0.0347798351625566, "Blue KD differential": 0.0653489544665879, "Red Sig. str.": 4.285705238582894, "Blue Sig. str.": 5.245011374903528, "Red Sig. str. differential": 4.285705238582894, "Blue Sig. str. differential": 5.245011374903528, "Red Total str.": 5.805809190395169, "Blue Total str.": 6.022060341359773, "Red Total str. differential": 5.805809190395169, "Blue Total str. differential": 6.022060341359773, "Red Td": 0.1422562093361689, "Blue Td": 0.0322516636336816, "Red Td differential": 0.1422562093361689, "Blue Td differential": 0.0322516636336816, "Red Sub. att": 0.0063692307692307, "Blue Sub. att": 0.0544877517305178, "Red Sub. att differential": 0.0063692307692307, "Blue Sub. att differential": 0.0544877517305178, "Red Rev.": 0.0053948717948717, "Blue Rev.": 0.0050768555116381, "Red Rev. differential": 0.0053948717948717, "Blue Rev. differential": 0.0050768555116381,