Red Fighter,Blue Fighter,Probability Win,Probability Lose
Benito Lopez,Matt Grice,0.6274101909048179,0.3698831379303089
Matt Grice,Benito Lopez,0.43141416690962636,0.5622479348978732
