Red Fighter,Blue Fighter,Probability Win,Probability Lose
Marlon Vera,Petr Yan,0.5217881702769939,0.46176208196760016
Petr Yan,Marlon Vera,0.5096280841884262,0.48049728027837796
