{"predict_data": [{"Result": "unknown", "Red age": 37, "Blue age": 30, "age oppdiff": 7, "Red totalfights": 17, "Blue totalfights": 19, "Red elo": 1053.4078272199213, "Blue elo": 1059.7096825322328, "Red losestreak": 2, "Blue losestreak": 1, "Red winstreak": 0, "Blue winstreak": 0, "Red titlewins": 0, "Blue titlewins": 0, "Red oppelo": 17970.94077970467, "Blue oppelo": 19428.20354353816, "Red wins": 10, "Blue wins": 12, "Red losses": 7, "Blue losses": 7, "Red KD": 0.0709196271641664, "Blue KD": 0.0282299303351934, "Red KD differential": 0.0709196271641664, "Blue KD differential": 0.0282299303351934, "Red Sig. str.": 6.032139469572847, "Blue Sig. str.": 3.975967575223313, "Red Sig. str. differential": 6.032139469572847, "Blue Sig. str. differential": 3.975967575223313, "Red Total str.": 6.510081443123484, "Blue Total str.": 5.1148036528424425, "Red Total str. differential": 6.510081443123484, "Blue Total str. differential": 5.1148036528424425, "Red Td": 0.0393947859354918, "Blue Td": 0.0631494201387965, "Red Td differential": 0.0393947859354918, "Blue Td differential": 0.0631494201387965, "Red Sub. att": 0.0097711904144917, "Blue Sub. att": 0.0479879561964499, "Red Sub. att differential": 0.0097711904144917, "Blue Sub. att differential": 0.0479879561964499, "Red Rev.": 0.0209425091622552, "Blue Rev.": 0.0060562190567616, "Red Rev. differential": 0.0209425091622552, "Blue Rev. differential": 0.0060562190567616, "Red Ctrl": 0.0661427426976033, "Blue Ctrl": 0.1537382301936988, "Red Ctrl differential": 0.0661427426976033, "Blue Ctrl differential": 0.1537382301936988, "Red Head": 4.854710550408108, "Blue Head": 2.829106570481436, "Red Head differential": 4.854710550408108, "Blue Head differential": 2.829106570481436, "Red Body": 0.8442096834271272, "Blue Body": 0.7217351213560078, "Red Body differential": 0.8442096834271272, "Blue Body differential": 0.7217351213560078, "Red Leg": 0.3332192357376111, "Blue Leg": 0.4251258833858699, "Red Leg differential": 0.3332192357376111, "Blue Leg differential": 0.4251258833858699, "Red Distance": 5.133116584997117, "Blue Distance": 3.2078545454378533, "Red Distance differential": 5.133116584997117, "Blue Distance differential": 3.2078545454378533, "Red Clinch": 0.2802963998277791, "Blue Clinch": 0.2362769726177046, "Red Clinch differential": 0.2802963998277791, "Blue Clinch differential": 0.2362769726177046, "Red Ground": 0.6187264847479511, "Blue Ground": 0.5318360571677554, "Red Ground differential": 0.6187264847479511, "Blue Ground differential": 0.5318360571677554, "Red Sig. str.%": 0.0550762485959748, "Blue Sig. str.%": 0.047739328110551, "Red Sig. str.% differential": 0.0550762485959748, "Blue Sig. str.% differential": 0.047739328110551, "Red Sig. str.% defense": 51007.0, "Blue Sig. str.% defense": 160127.0, "Red Total str.% differential": 0.0567081844292574, "Blue Total str.% differential": 0.053349960603087, "Red Td%": 0.0176043873242284, "Blue Td%": 0.0277254317929133, "Red Td% differential": 0.0176043873242284, "Blue Td% differential": 0.0277254317929133, "Red Td% defense": 83809.0, "Blue Td% defense": 301714.0, "Red Head% differential": 0.0522365032244798, "Blue Head% differential": 0.0416586201206686, "Red Body%": 0.0721435952577104, "Blue Body%": 0.0743813940137409, "Red Body% differential": 0.0721435952577104, "Blue Body% differential": 0.0743813940137409, "Red Body% defense": 9729.0, "Blue Body% defense": 22685.0, "Red Leg%": 0.0835379813343458, "Blue Leg%": 0.0584186423338817, "Red Leg% differential": 0.0835379813343458, "Blue Leg% differential": 0.0584186423338817, "Red Leg% defense": 1488.0, "Blue Leg% defense": 14512.0, "Red Distance% differential": 0.051084559825907, "Blue Distance% differential": 0.0453035459542638, "Red Clinch%": 0.0719146736016486, "Blue Clinch%": 0.0677111360438698, "Red Clinch% differential": 0.0719146736016486, "Blue Clinch% differential": 0.0677111360438698, "Red Clinch% defense": 58852.0, "Blue Clinch% defense": 94998.0, "Red Ground%": 0.0629497857758626, "Blue Ground%": 0.0562734574459191, "Red Ground% differential": 0.0629497857758626, "Blue Ground% differential": 0.0562734574459191, "Red Ground% defense": 35986.0, "Blue Ground% defense": 199561.0, "totalfights oppdiff": -2.0, "elo oppdiff": -6.301855312311545, "losestreak oppdiff": 1.0, "winstreak oppdiff": 0.0, "titlewins oppdiff": 0.0, "oppelo oppdiff": -1457.2627638334889, "wins oppdiff": -2.0, "losses oppdiff": 0.0, "KD oppdiff": 0.0426896968289729, "KD differential oppdiff": 0.0426896968289729, "Sig. str. oppdiff": 2.0561718943495344, "Sig. str. differential oppdiff": 2.0561718943495344, "Total str. oppdiff": 1.3952777902810416, "Total str. differential oppdiff": 1.3952777902810416, "Td oppdiff": -0.0237546342033047, "Td differential oppdiff": -0.0237546342033047, "Sub. att oppdiff": -0.0382167657819581, "Sub. att differential oppdiff": -0.0382167657819581, "Rev. oppdiff": 0.0148862901054935, "Rev. differential oppdiff": 0.0148862901054935, "Ctrl oppdiff": -0.0875954874960955, "Ctrl differential oppdiff": -0.0875954874960955, "Head oppdiff": 2.025603979926672, "Head differential oppdiff": 2.025603979926672, "Body oppdiff": 0.1224745620711194, "Body differential oppdiff": 0.1224745620711194, "Leg oppdiff": -0.0919066476482588, "Leg differential oppdiff": -0.0919066476482588, "Distance oppdiff": 1.9252620395592637, "Distance differential oppdiff": 1.9252620395592637, "Clinch oppdiff": 0.0440194272100744, "Clinch differential oppdiff": 0.0440194272100744, "Ground oppdiff": 0.0868904275801957, "Ground differential oppdiff": 0.0868904275801957, "Sig. str.% oppdiff": 0.0073369204854238, "Sig. str.% differential oppdiff": 0.0073369204854238, "Sig. str.% defense oppdiff": -109120.0, "Total str.% differential oppdiff": 0.0033582238261704, "Td% oppdiff": -0.0101210444686849, "Td% differential oppdiff": -0.0101210444686849, "Td% defense oppdiff": -217905.0, "Head% differential oppdiff": 0.0105778831038111, "Body% oppdiff": -0.0022377987560304, "Body% differential oppdiff": -0.0022377987560304, "Body% defense oppdiff": -12956.0, "Leg% oppdiff": 0.0251193390004641, "Leg% differential oppdiff": 0.0251193390004641, "Leg% defense oppdiff": -13024.0, "Distance% differential oppdiff": 0.0057810138716431, "Clinch% oppdiff": 0.0042035375577788, "Clinch% differential oppdiff": 0.0042035375577788, "Ground% oppdiff": 0.0066763283299435, "Ground% differential oppdiff": 0.0066763283299435, "Ground% defense oppdiff": -163575.0, "predicted_result": "win", "probability_draw": 0.002188210161752608, "probability_loss": 0.4968156469263484, "probability_win": 0.5009961429118991}, {"Result": "unknown", "Red age": 30, "Blue age": 37, "age oppdiff": -7, "Red totalfights": 19, "Blue totalfights": 17, "Red elo": 1059.7096825322328, "Blue elo": 1053.4078272199213, "Red losestreak": 1, "Blue losestreak": 2, "Red winstreak": 0, "Blue winstreak": 0, "Red titlewins": 0, "Blue titlewins": 0, "Red oppelo": 19428.20354353816, "Blue oppelo": 17970.94077970467, "Red wins": 12, "Blue wins": 10, "Red losses": 7, "Blue losses": 7, "Red KD": 0.0282299303351934, "Blue KD": 0.0709196271641664, "Red KD differential": 0.0282299303351934, "Blue KD differential": 0.0709196271641664, "Red Sig. str.": 3.975967575223313, "Blue Sig. str.": 6.032139469572847, "Red Sig. str. differential": 3.975967575223313, "Blue Sig. str. differential": 6.032139469572847, "Red Total str.": 5.1148036528424425, "Blue Total str.": 6.510081443123484, "Red Total str. differential": 5.1148036528424425, "Blue Total str. differential": 6.510081443123484, "Red Td": 0.0631494201387965, "Blue Td": 0.0393947859354918, "Red Td differential": 0.0631494201387965, "Blue Td differential": 0.0393947859354918, "Red Sub. att": 0.0479879561964499, "Blue Sub. att": 0.0097711904144917, "Red Sub. att differential": 0.0479879561964499, "Blue Sub. att differential": 0.0097711904144917, "Red Rev.": 0.0060562190567616, "Blue Rev.": 0.0209425091622552, "Red Rev. differential": 0.0060562190567616,