{"predict_data": [{"Result": "unknown", "Red age": 30, "Blue age": 43, "age oppdiff": -13, "Red totalfights": 4, "Blue totalfights": 7, "Red elo": 1001.0148368678936, "Blue elo": 957.0755311530264, "Red losestreak": 1, "Blue losestreak": 1, "Red winstreak": 0, "Blue winstreak": 0, "Red titlewins": 0, "Blue titlewins": 0, "Red oppelo": 4053.819253318456, "Blue oppelo": 6972.706621727348, "Red wins": 2, "Blue wins": 2, "Red losses": 2, "Blue losses": 5, "Red KD": 0.0022222222222222, "Blue KD": 0.0393152589502954, "Red KD differential": 0.0022222222222222, "Blue KD differential": 0.0393152589502954, "Red Sig. str.": 3.399969765684051, "Blue Sig. str.": 3.894384326460527, "Red Sig. str. differential": 3.399969765684051, "Blue Sig. str. differential": 3.894384326460527, "Red Total str.": 3.5715041572184427, "Blue Total str.": 6.485106770724059, "Red Total str. differential": 3.5715041572184427, "Blue Total str. differential": 6.485106770724059, "Red Td": 0.0, "Blue Td": 0.0991071428571428, "Red Td differential": 0.0, "Blue Td differential": 0.0991071428571428, "Red Sub. att": 0.0022222222222222, "Blue Sub. att": 0.0312200208550573, "Red Sub. att differential": 0.0022222222222222, "Blue Sub. att differential": 0.0312200208550573, "Red Rev.": 0.0, "Blue Rev.": 0.0, "Red Rev. differential": 0.0, "Blue Rev. differential": 0.0, "Red Ctrl": 0.0435855379188712, "Blue Ctrl": 0.2978826852891634, "Red Ctrl differential": 0.0435855379188712, "Blue Ctrl differential": 0.2978826852891634, "Red Head": 1.022267573696145, "Blue Head": 2.775427541045252, "Red Head differential": 1.022267573696145, "Blue Head differential": 2.775427541045252, "Red Body": 0.4310204081632652, "Blue Body": 0.5004501247468881, "Red Body differential": 0.4310204081632652, "Blue Body differential": 0.5004501247468881, "Red Leg": 1.9466817838246409, "Blue Leg": 0.6185066606683876, "Red Leg differential": 1.9466817838246409, "Blue Leg differential": 0.6185066606683876, "Red Distance": 2.7440665154950867, "Blue Distance": 1.4195747625451238, "Red Distance differential": 2.7440665154950867, "Blue Distance differential": 1.4195747625451238, "Red Clinch": 0.2205291005291005, "Blue Clinch": 1.2418959386112671, "Red Clinch differential": 0.2205291005291005, "Blue Clinch differential": 1.2418959386112671, "Red Ground": 0.4353741496598639, "Blue Ground": 1.2329136253041362, "Red Ground differential": 0.4353741496598639, "Blue Ground differential": 1.2329136253041362, "Red Sig. str.%": 0.1078136978697202, "Blue Sig. str.%": 0.0613398555916085, "Red Sig. str.% differential": 0.1078136978697202, "Blue Sig. str.% differential": 0.0613398555916085, "Red Sig. str.% defense": 15.0, "Blue Sig. str.% defense": 804.0, "Red Total str.% differential": 0.1122297588710962, "Blue Total str.% differential": 0.081314298333434, "Red Td%": 0.0, "Blue Td%": 0.0151332199546485, "Red Td% differential": 0.0, "Blue Td% differential": 0.0151332199546485, "Red Td% defense": 8.0, "Blue Td% defense": 1522.0, "Red Head% differential": 0.0655508298076325, "Blue Head% differential": 0.0358609228985927, "Red Body%": 0.1171188062321702, "Blue Body%": 0.0524217945657278, "Red Body% differential": 0.1171188062321702, "Blue Body% differential": 0.0524217945657278, "Red Body% defense": 1.0, "Blue Body% defense": 609.0, "Red Leg%": 0.1676530612244898, "Blue Leg%": 0.0779399307066397, "Red Leg% differential": 0.1676530612244898, "Blue Leg% differential": 0.0779399307066397, "Red Leg% defense": 4.0, "Blue Leg% defense": 316.0, "Red Distance% differential": 0.0907099526827417, "Blue Distance% differential": 0.043013651540264, "Red Clinch%": 0.0365432098765432, "Blue Clinch%": 0.0618824143500034, "Red Clinch% differential": 0.0365432098765432, "Blue Clinch% differential": 0.0618824143500034, "Red Clinch% defense": 71.0, "Blue Clinch% defense": 572.0, "Red Ground%": 0.1088435374149659, "Blue Ground%": 0.0325392631195902, "Red Ground% differential": 0.1088435374149659, "Blue Ground% differential": 0.0325392631195902, "Red Ground% defense": 3.0, "Blue Ground% defense": 414.0, "totalfights oppdiff": -3.0, "elo oppdiff": 43.93930571486737, "losestreak oppdiff": 0.0, "winstreak oppdiff": 0.0, "titlewins oppdiff": 0.0, "oppelo oppdiff": -2918.887368408892, "wins oppdiff": 0.0, "losses oppdiff": -3.0, "KD oppdiff": -0.0370930367280732, "KD differential oppdiff": -0.0370930367280732, "Sig. str. oppdiff": -0.4944145607764763, "Sig. str. differential oppdiff": -0.4944145607764763, "Total str. oppdiff": -2.913602613505616, "Total str. differential oppdiff": -2.913602613505616, "Td oppdiff": -0.0991071428571428, "Td differential oppdiff": -0.0991071428571428, "Sub. att oppdiff": -0.0289977986328351, "Sub. att differential oppdiff": -0.0289977986328351, "Rev. oppdiff": 0.0, "Rev. differential oppdiff": 0.0, "Ctrl oppdiff": -0.2542971473702921, "Ctrl differential oppdiff": -0.2542971473702921, "Head oppdiff": -1.7531599673491065, "Head differential oppdiff": -1.7531599673491065, "Body oppdiff": -0.0694297165836228, "Body differential oppdiff": -0.0694297165836228, "Leg oppdiff": 1.3281751231562533, "Leg differential oppdiff": 1.3281751231562533, "Distance oppdiff": 1.324491752949963, "Distance differential oppdiff": 1.324491752949963, "Clinch oppdiff": -1.0213668380821666, "Clinch differential oppdiff": -1.0213668380821666, "Ground oppdiff": -0.7975394756442723, "Ground differential oppdiff": -0.7975394756442723, "Sig. str.% oppdiff": 0.0464738422781117, "Sig. str.% differential oppdiff": 0.0464738422781117, "Sig. str.% defense oppdiff": -789.0, "Total str.% differential oppdiff": 0.0309154605376622, "Td% oppdiff": -0.0151332199546485, "Td% differential oppdiff": -0.0151332199546485, "Td% defense oppdiff": -1514.0, "Head% differential oppdiff": 0.0296899069090397, "Body% oppdiff": 0.0646970116664424, "Body% differential oppdiff": 0.0646970116664424, "Body% defense oppdiff": -608.0, "Leg% oppdiff": 0.08971313051785, "Leg% differential oppdiff": 0.08971313051785, "Leg% defense oppdiff": -312.0, "Distance% differential oppdiff": 0.0476963011424777, "Clinch% oppdiff": -0.0253392044734601, "Clinch% differential oppdiff": -0.0253392044734601, "Ground% oppdiff": 0.0763042742953757, "Ground% differential oppdiff": 0.0763042742953757, "Ground% defense oppdiff": -411.0, "predicted_result": "win", "probability_draw": 0.0027066711648731792, "probability_loss": 0.3698831379303089, "probability_win": 0.6274101909048179}, {"Result": "unknown", "Red age": 43, "Blue age": 30, "age oppdiff": 13, "Red totalfights": 7, "Blue totalfights": 4, "Red elo": 957.0755311530264, "Blue elo": 1001.0148368678936, "Red losestreak": 1, "Blue losestreak": 1, "Red winstreak": 0, "Blue winstreak": 0, "Red titlewins": 0, "Blue titlewins": 0, "Red oppelo": 6972.706621727348, "Blue oppelo": 4053.819253318456, "Red wins": 2, "Blue wins": 2, "Red losses": 5, "Blue losses": 2, "Red KD": 0.0393152589502954, "Blue KD": 0.0022222222222222, "Red KD differential": 0.0393152589502954, "Blue KD differential": 0.0022222222222222, "Red Sig. str.": 3.894384326460527, "Blue Sig. str.": 3.399969765684051, "Red Sig. str. differential": 3.894384326460527, "Blue Sig. str. differential": 3.399969765684051, "Red Total str.": 6.485106770724059, "Blue Total str.": 3.5715041572184427, "Red Total str. differential": 6.485106770724059, "Blue Total str. differential": 3.5715041572184427, "Red Td": 0.0991071428571428, "Blue Td": 0.0, "Red Td differential": 0.0991071428571428, "Blue Td differential": 0.0, "Red Sub. att": 0.0312200208550573, "Blue Sub. att": 0.0022222222222222, "Red Sub. att differential": 0.0312200208550573, "Blue Sub. att differential": 0.0022222222222222, "Red Rev.": 0.0, "Blue Rev.": 0.0, "Red Rev. differential": 0.0, "Blue Rev. differential": 0.0, "Red Ctrl": 0.2978826852891634, "Blue Ctrl": 0.0435855379188712, "Red Ctrl differential": 0.2978826852891634, "Blue Ctrl differential": 0.0435855379188712, "Red Head": 2.775427541045252, "Blue Head": 1.022267573696145,