{"predict_data": [{"Result": "unknown", "Red age": 37, "Blue age": 32, "age oppdiff": 5, "Red totalfights": 17, "Blue totalfights": 13, "Red elo": 1053.4078272199213, "Blue elo": 1122.8189015312164, "Red losestreak": 2, "Blue losestreak": 0, "Red winstreak": 0, "Blue winstreak": 3, "Red titlewins": 0, "Blue titlewins": 0, "Red oppelo": 17970.94077970467, "Blue oppelo": 14107.407788639322, "Red wins": 10, "Blue wins": 10, "Red losses": 7, "Blue losses": 3, "Red KD": 0.0709196271641664, "Blue KD": 0.1806042842080264, "Red KD differential": 0.0709196271641664, "Blue KD differential": 0.1806042842080264, "Red Sig. str.": 6.032139469572847, "Blue Sig. str.": 4.34792335976186, "Red Sig. str. differential": 6.032139469572847, "Blue Sig. str. differential": 4.34792335976186, "Red Total str.": 6.510081443123484, "Blue Total str.": 6.10016386779184, "Red Total str. differential": 6.510081443123484, "Blue Total str. differential": 6.10016386779184, "Red Td": 0.0393947859354918, "Blue Td": 0.0970161311393539, "Red Td differential": 0.0393947859354918, "Blue Td differential": 0.0970161311393539, "Red Sub. att": 0.0097711904144917, "Blue Sub. att": 0.0184596867061322, "Red Sub. att differential": 0.0097711904144917, "Blue Sub. att differential": 0.0184596867061322, "Red Rev.": 0.0209425091622552, "Blue Rev.": 0.007057757057757, "Red Rev. differential": 0.0209425091622552, "Blue Rev. differential": 0.007057757057757, "Red Ctrl": 0.0661427426976033, "Blue Ctrl": 0.2565958847239355, "Red Ctrl differential": 0.0661427426976033, "Blue Ctrl differential": 0.2565958847239355, "Red Head": 4.854710550408108, "Blue Head": 2.861526676655612, "Red Head differential": 4.854710550408108, "Blue Head differential": 2.861526676655612, "Red Body": 0.8442096834271272, "Blue Body": 0.6127392791675429, "Red Body differential": 0.8442096834271272, "Blue Body differential": 0.6127392791675429, "Red Leg": 0.3332192357376111, "Blue Leg": 0.8736574039387053, "Red Leg differential": 0.3332192357376111, "Blue Leg differential": 0.8736574039387053, "Red Distance": 5.133116584997117, "Blue Distance": 3.828857283243437, "Red Distance differential": 5.133116584997117, "Blue Distance differential": 3.828857283243437, "Red Clinch": 0.2802963998277791, "Blue Clinch": 0.0739797239797239, "Red Clinch differential": 0.2802963998277791, "Blue Clinch differential": 0.0739797239797239, "Red Ground": 0.6187264847479511, "Blue Ground": 0.4450863525386996, "Red Ground differential": 0.6187264847479511, "Blue Ground differential": 0.4450863525386996, "Red Sig. str.%": 0.0550762485959748, "Blue Sig. str.%": 0.102765994826991, "Red Sig. str.% differential": 0.0550762485959748, "Blue Sig. str.% differential": 0.102765994826991, "Red Sig. str.% defense": 51007.0, "Blue Sig. str.% defense": 19265.0, "Red Total str.% differential": 0.0567081844292574, "Blue Total str.% differential": 0.1058466962288488, "Red Td%": 0.0176043873242284, "Blue Td%": 0.0137062271964099, "Red Td% differential": 0.0176043873242284, "Blue Td% differential": 0.0137062271964099, "Red Td% defense": 83809.0, "Blue Td% defense": 21801.0, "Red Head% differential": 0.0522365032244798, "Blue Head% differential": 0.0720242953472163, "Red Body%": 0.0721435952577104, "Blue Body%": 0.066984061322668, "Red Body% differential": 0.0721435952577104, "Blue Body% differential": 0.066984061322668, "Red Body% defense": 9729.0, "Blue Body% defense": 5995.0, "Red Leg%": 0.0835379813343458, "Blue Leg%": 0.1286656318601927, "Red Leg% differential": 0.0835379813343458, "Blue Leg% differential": 0.1286656318601927, "Red Leg% defense": 1488.0, "Blue Leg% defense": 820.0, "Red Distance% differential": 0.051084559825907, "Blue Distance% differential": 0.1008568500848281, "Red Clinch%": 0.0719146736016486, "Blue Clinch%": 0.0195041154132063, "Red Clinch% differential": 0.0719146736016486, "Blue Clinch% differential": 0.0195041154132063, "Red Clinch% defense": 58852.0, "Blue Clinch% defense": 12669.0, "Red Ground%": 0.0629497857758626, "Blue Ground%": 0.0259217541362578, "Red Ground% differential": 0.0629497857758626, "Blue Ground% differential": 0.0259217541362578, "Red Ground% defense": 35986.0, "Blue Ground% defense": 32622.0, "totalfights oppdiff": 4.0, "elo oppdiff": -69.41107431129512, "losestreak oppdiff": 2.0, "winstreak oppdiff": -3.0, "titlewins oppdiff": 0.0, "oppelo oppdiff": 3863.5329910653472, "wins oppdiff": 0.0, "losses oppdiff": 4.0, "KD oppdiff": -0.10968465704386, "KD differential oppdiff": -0.10968465704386, "Sig. str. oppdiff": 1.6842161098109871, "Sig. str. differential oppdiff": 1.6842161098109871, "Total str. oppdiff": 0.4099175753316437, "Total str. differential oppdiff": 0.4099175753316437, "Td oppdiff": -0.057621345203862, "Td differential oppdiff": -0.057621345203862, "Sub. att oppdiff": -0.0086884962916404, "Sub. att differential oppdiff": -0.0086884962916404, "Rev. oppdiff": 0.0138847521044981, "Rev. differential oppdiff": 0.0138847521044981, "Ctrl oppdiff": -0.1904531420263322, "Ctrl differential oppdiff": -0.1904531420263322, "Head oppdiff": 1.9931838737524967, "Head differential oppdiff": 1.9931838737524967, "Body oppdiff": 0.2314704042595843, "Body differential oppdiff": 0.2314704042595843, "Leg oppdiff": -0.5404381682010941, "Leg differential oppdiff": -0.5404381682010941, "Distance oppdiff": 1.3042593017536803, "Distance differential oppdiff": 1.3042593017536803, "Clinch oppdiff": 0.2063166758480551, "Clinch differential oppdiff": 0.2063166758480551, "Ground oppdiff": 0.1736401322092515, "Ground differential oppdiff": 0.1736401322092515, "Sig. str.% oppdiff": -0.0476897462310161, "Sig. str.% differential oppdiff": -0.0476897462310161, "Sig. str.% defense oppdiff": 31742.0, "Total str.% differential oppdiff": -0.0491385117995913, "Td% oppdiff": 0.0038981601278184, "Td% differential oppdiff": 0.0038981601278184, "Td% defense oppdiff": 62008.0, "Head% differential oppdiff": -0.0197877921227365, "Body% oppdiff": 0.0051595339350424, "Body% differential oppdiff": 0.0051595339350424, "Body% defense oppdiff": 3734.0, "Leg% oppdiff": -0.0451276505258469, "Leg% differential oppdiff": -0.0451276505258469, "Leg% defense oppdiff": 668.0, "Distance% differential oppdiff": -0.0497722902589211, "Clinch% oppdiff": 0.0524105581884423, "Clinch% differential oppdiff": 0.0524105581884423, "Ground% oppdiff": 0.0370280316396048, "Ground% differential oppdiff": 0.0370280316396048, "Ground% defense oppdiff": 3364.0, "predicted_result": "loss", "probability_draw": 0.00817536434908194, "probability_loss": 0.5525577925184542, "probability_win": 0.43926684313246384}, {"Result": "unknown", "Red age": 32, "Blue age": 37, "age oppdiff": -5, "Red totalfights": 13, "Blue totalfights": 17, "Red elo": 1122.8189015312164, "Blue elo": 1053.4078272199213, "Red losestreak": 0, "Blue losestreak": 2, "Red winstreak": 3, "Blue winstreak": 0, "Red titlewins": 0, "Blue titlewins": 0, "Red oppelo": 14107.407788639322, "Blue oppelo": 17970.94077970467, "Red wins": 10, "Blue wins": 10, "Red losses": 3, "Blue losses": 7, "Red KD": 0.1806042842080264, "Blue KD": 0.0709196271641664, "Red KD differential": 0.1806042842080264, "Blue KD differential": 0.0709196271641664, "Red Sig. str.": 4.34792335976186, "Blue Sig. str.": 6.032139469572847, "Red Sig. str. differential": 4.34792335976186, "Blue Sig. str. differential": 6.032139469572847, "Red Total str.": 6.10016386779184, "Blue Total str.": 6.510081443123484, "Red Total str. differential": 6.10016386779184, "Blue Total str. differential": 6.510081443123484, "Red Td": 0.0970161311393539, "Blue Td": 0.0393947859354918, "Red Td differential": 0.0970161311393539, "Blue Td differential": 0.0393947859354918, "Red Sub. att": 0.0184596867061322, "Blue Sub. att": 0.0097711904144917, "Red Sub. att differential": 0.0184596867061322, "Blue Sub. att differential": 0.0097711904144917, "Red Rev.": 0.007057757057757, "Blue Rev.": 0.0209425091622552, "Red Rev. differential": 0.007057757057757, "Blue Rev. differential": 0.0209425091622552,