{"predict_data": [{"Result": "unknown", "Red age": 30, "Blue age": 43, "age oppdiff": -13, "Red totalfights": 4, "Blue totalfights": 36, "Red elo": 1001.0148368678936, "Blue elo": 1003.9005497179376, "Red losestreak": 1, "Blue losestreak": 2, "Red winstreak": 0, "Blue winstreak": 0, "Red titlewins": 0, "Blue titlewins": 0, "Red oppelo": 4053.819253318456, "Blue oppelo": 37204.81118578935, "Red wins": 2, "Blue wins": 18, "Red losses": 2, "Blue losses": 18, "Red KD": 0.0022222222222222, "Blue KD": 0.0385211540059813, "Red KD differential": 0.0022222222222222, "Blue KD differential": 0.0385211540059813, "Red Sig. str.": 3.399969765684051, "Blue Sig. str.": 3.7721550739753775, "Red Sig. str. differential": 3.399969765684051, "Blue Sig. str. differential": 3.7721550739753775, "Red Total str.": 3.5715041572184427, "Blue Total str.": 5.343034232024027, "Red Total str. differential": 3.5715041572184427, "Blue Total str. differential": 5.343034232024027, "Red Td": 0.0, "Blue Td": 0.1614328682561136, "Red Td differential": 0.0, "Blue Td differential": 0.1614328682561136, "Red Sub. att": 0.0022222222222222, "Blue Sub. att": 0.0227301972385248, "Red Sub. att differential": 0.0022222222222222, "Blue Sub. att differential": 0.0227301972385248, "Red Rev.": 0.0, "Blue Rev.": 0.0230816451810926, "Red Rev. differential": 0.0, "Blue Rev. differential": 0.0230816451810926, "Red Ctrl": 0.0435855379188712, "Blue Ctrl": 0.2949115512588574, "Red Ctrl differential": 0.0435855379188712, "Blue Ctrl differential": 0.2949115512588574, "Red Head": 1.022267573696145, "Blue Head": 2.3347001356857806, "Red Head differential": 1.022267573696145, "Blue Head differential": 2.3347001356857806, "Red Body": 0.4310204081632652, "Blue Body": 0.550923937368791, "Red Body differential": 0.4310204081632652, "Blue Body differential": 0.550923937368791, "Red Leg": 1.9466817838246409, "Blue Leg": 0.8865310009208067, "Red Leg differential": 1.9466817838246409, "Blue Leg differential": 0.8865310009208067, "Red Distance": 2.7440665154950867, "Blue Distance": 2.529403419912128, "Red Distance differential": 2.7440665154950867, "Blue Distance differential": 2.529403419912128, "Red Clinch": 0.2205291005291005, "Blue Clinch": 0.3006959720192343, "Red Clinch differential": 0.2205291005291005, "Blue Clinch differential": 0.3006959720192343, "Red Ground": 0.4353741496598639, "Blue Ground": 0.9420556820440162, "Red Ground differential": 0.4353741496598639, "Blue Ground differential": 0.9420556820440162, "Red Sig. str.%": 0.1078136978697202, "Blue Sig. str.%": 0.0979177735309636, "Red Sig. str.% differential": 0.1078136978697202, "Blue Sig. str.% differential": 0.0979177735309636, "Red Sig. str.% defense": 15.0, "Blue Sig. str.% defense": 6246300.0, "Red Total str.% differential": 0.1122297588710962, "Blue Total str.% differential": 0.1034700222799383, "Red Td%": 0.0, "Blue Td%": 0.0607112636506865, "Red Td% differential": 0.0, "Blue Td% differential": 0.0607112636506865, "Red Td% defense": 8.0, "Blue Td% defense": 20344038.0, "Red Head% differential": 0.0655508298076325, "Blue Head% differential": 0.0702625398038263, "Red Body%": 0.1171188062321702, "Blue Body%": 0.0946815685157035, "Red Body% differential": 0.1171188062321702, "Blue Body% differential": 0.0946815685157035, "Red Body% defense": 1.0, "Blue Body% defense": 3867385.0, "Red Leg%": 0.1676530612244898, "Blue Leg%": 0.2210342467621705, "Red Leg% differential": 0.1676530612244898, "Blue Leg% differential": 0.2210342467621705, "Red Leg% defense": 4.0, "Blue Leg% defense": 673362.0, "Red Distance% differential": 0.0907099526827417, "Blue Distance% differential": 0.0904595582227706, "Red Clinch%": 0.0365432098765432, "Blue Clinch%": 0.0496692136916989, "Red Clinch% differential": 0.0365432098765432, "Blue Clinch% differential": 0.0496692136916989, "Red Clinch% defense": 71.0, "Blue Clinch% defense": 1698600.0, "Red Ground%": 0.1088435374149659, "Blue Ground%": 0.0694182179159691, "Red Ground% differential": 0.1088435374149659, "Blue Ground% differential": 0.0694182179159691, "Red Ground% defense": 3.0, "Blue Ground% defense": 6987768.0, "totalfights oppdiff": -32.0, "elo oppdiff": -2.885712850043774, "losestreak oppdiff": -1.0, "winstreak oppdiff": 0.0, "titlewins oppdiff": 0.0, "oppelo oppdiff": -33150.9919324709, "wins oppdiff": -16.0, "losses oppdiff": -16.0, "KD oppdiff": -0.036298931783759, "KD differential oppdiff": -0.036298931783759, "Sig. str. oppdiff": -0.3721853082913275, "Sig. str. differential oppdiff": -0.3721853082913275, "Total str. oppdiff": -1.7715300748055842, "Total str. differential oppdiff": -1.7715300748055842, "Td oppdiff": -0.1614328682561136, "Td differential oppdiff": -0.1614328682561136, "Sub. att oppdiff": -0.0205079750163026, "Sub. att differential oppdiff": -0.0205079750163026, "Rev. oppdiff": -0.0230816451810926, "Rev. differential oppdiff": -0.0230816451810926, "Ctrl oppdiff": -0.2513260133399861, "Ctrl differential oppdiff": -0.2513260133399861, "Head oppdiff": -1.3124325619896355, "Head differential oppdiff": -1.3124325619896355, "Body oppdiff": -0.1199035292055257, "Body differential oppdiff": -0.1199035292055257, "Leg oppdiff": 1.060150782903834, "Leg differential oppdiff": 1.060150782903834, "Distance oppdiff": 0.2146630955829587, "Distance differential oppdiff": 0.2146630955829587, "Clinch oppdiff": -0.0801668714901338, "Clinch differential oppdiff": -0.0801668714901338, "Ground oppdiff": -0.5066815323841524, "Ground differential oppdiff": -0.5066815323841524, "Sig. str.% oppdiff": 0.0098959243387566, "Sig. str.% differential oppdiff": 0.0098959243387566, "Sig. str.% defense oppdiff": -6246285.0, "Total str.% differential oppdiff": 0.0087597365911579, "Td% oppdiff": -0.0607112636506865, "Td% differential oppdiff": -0.0607112636506865, "Td% defense oppdiff": -20344030.0, "Head% differential oppdiff": -0.0047117099961938, "Body% oppdiff": 0.0224372377164667, "Body% differential oppdiff": 0.0224372377164667, "Body% defense oppdiff": -3867384.0, "Leg% oppdiff": -0.0533811855376807, "Leg% differential oppdiff": -0.0533811855376807, "Leg% defense oppdiff": -673358.0, "Distance% differential oppdiff": 0.0002503944599711, "Clinch% oppdiff": -0.0131260038151556, "Clinch% differential oppdiff": -0.0131260038151556, "Ground% oppdiff": 0.0394253194989968, "Ground% differential oppdiff": 0.0394253194989968, "Ground% defense oppdiff": -6987765.0, "predicted_result": "win", "probability_draw": 0.0059684857427701075, "probability_loss": 0.3576519732192112, "probability_win": 0.6363795410380187}, {"Result": "unknown", "Red age": 43, "Blue age": 30, "age oppdiff": 13, "Red totalfights": 36, "Blue totalfights": 4, "Red elo": 1003.9005497179376, "Blue elo": 1001.0148368678936, "Red losestreak": 2, "Blue losestreak": 1, "Red winstreak": 0, "Blue winstreak": 0, "Red titlewins": 0, "Blue titlewins": 0, "Red oppelo": 37204.81118578935, "Blue oppelo": 4053.819253318456, "Red wins": 18, "Blue wins": 2, "Red losses": 18, "Blue losses": 2, "Red KD": 0.0385211540059813, "Blue KD": 0.0022222222222222, "Red KD differential": 0.0385211540059813, "Blue KD differential": 0.0022222222222222, "Red Sig. str.": 3.7721550739753775, "Blue Sig. str.": 3.399969765684051, "Red Sig. str. differential": 3.7721550739753775, "Blue Sig. str. differential": 3.399969765684051, "Red Total str.": 5.343034232024027, "Blue Total str.": 3.5715041572184427, "Red Total str. differential": 5.343034232024027, "Blue Total str. differential": 3.5715041572184427, "Red Td": 0.1614328682561136, "Blue Td": 0.0, "Red Td differential": 0.1614328682561136, "Blue Td differential": 0.0, "Red Sub. att": 0.0227301972385248, "Blue Sub. att": 0.0022222222222222, "Red Sub. att differential": 0.0227301972385248, "Blue Sub. att differential": 0.0022222222222222, "Red Rev.": 0.0230816451810926, "Blue Rev.": 0.0, "Red Rev. differential": 0.0230816451810926, "Blue Rev. differential": 0.0, "Red Ctrl": 0.2949115512588574, "Blue Ctrl": 0.0435855379188712,