{"predict_data": [{"Result": "unknown", "Red dob": 1981, "Blue dob": 1994, "Red totalfights": 15, "Blue totalfights": 6, "Red elo": 982.1402205529027, "Blue elo": 972.2510445755456, "Red losestreak": 2, "Blue losestreak": 2, "Red winstreak": 0, "Blue winstreak": 0, "Red titlewins": 0, "Blue titlewins": 0, "Red oppelo": 15159.511826076836, "Blue oppelo": 6052.487204062608, "Red wins": 6, "Blue wins": 2, "Red losses": 8, "Blue losses": 4, "Red KD": 0.0090860215053763, "Blue KD": 0.0, "Red KD differential": 0.0090860215053763, "Blue KD differential": 0.0, "Red Sig. str.": 2.074151510409868, "Blue Sig. str.": 2.433192448577064, "Red Sig. str. differential": 2.074151510409868, "Blue Sig. str. differential": 2.433192448577064, "Red Total str.": 3.174017932371469, "Blue Total str.": 4.152493660185968, "Red Total str. differential": 3.174017932371469, "Blue Total str. differential": 4.152493660185968, "Red Td": 0.1509392628076064, "Blue Td": 0.1172724711186249, "Red Td differential": 0.1509392628076064, "Blue Td differential": 0.1172724711186249, "Red Sub. att": 0.044302184074836, "Blue Sub. att": 0.0197802197802197, "Red Sub. att differential": 0.044302184074836, "Blue Sub. att differential": 0.0197802197802197, "Red Rev.": 0.006505376344086, "Blue Rev.": 0.0912933220625528, "Red Rev. differential": 0.006505376344086, "Blue Rev. differential": 0.0912933220625528, "Red Ctrl": 0.1576607480634501, "Blue Ctrl": 0.2672987696064619, "Red Ctrl differential": 0.1576607480634501, "Blue Ctrl differential": 0.2672987696064619, "Red Head": 1.2087767452945006, "Blue Head": 1.510284587207664, "Red Head differential": 1.2087767452945006, "Blue Head differential": 1.510284587207664, "Red Body": 0.3058749319938607, "Blue Body": 0.7495632572555649, "Red Body differential": 0.3058749319938607, "Blue Body differential": 0.7495632572555649, "Red Leg": 0.5594998331215053, "Blue Leg": 0.1733446041138349, "Red Leg differential": 0.5594998331215053, "Blue Leg differential": 0.1733446041138349, "Red Distance": 1.5559110093736417, "Blue Distance": 1.9200338123415048, "Red Distance differential": 1.5559110093736417, "Blue Distance differential": 1.9200338123415048, "Red Clinch": 0.3869133268663097, "Blue Clinch": 0.0985629754860524, "Red Clinch differential": 0.3869133268663097, "Blue Clinch differential": 0.0985629754860524, "Red Ground": 0.1313271741699161, "Blue Ground": 0.4145956607495069, "Red Ground differential": 0.1313271741699161, "Blue Ground differential": 0.4145956607495069, "Red Sig. str.%": 0.2920706435963799, "Blue Sig. str.%": 0.0434272300175377, "Red Sig. str.% differential": 0.2920706435963799, "Blue Sig. str.% differential": 0.0434272300175377, "Red Sig. str.% defense": 21321.0, "Blue Sig. str.% defense": 70.0, "Red Total str.% differential": 0.21436168822672, "Blue Total str.% differential": 0.0471229792650839, "Red Td%": 0.0233620759335061, "Blue Td%": 0.022007809040776, "Red Td% differential": 0.0233620759335061, "Blue Td% differential": 0.022007809040776, "Red Td% defense": 84683.0, "Blue Td% defense": 302.0, "Red Head% differential": 0.2811855945800158, "Blue Head% differential": 0.038758538390521, "Red Body%": 0.0626244450312038, "Blue Body%": 0.0556019999889256, "Red Body% differential": 0.0626244450312038, "Blue Body% differential": 0.0556019999889256, "Red Body% defense": 7281.0, "Blue Body% defense": 22.0, "Red Leg%": 0.3161700289228572, "Blue Leg%": 0.0586885641830696, "Red Leg% differential": 0.3161700289228572, "Blue Leg% differential": 0.0586885641830696, "Red Leg% defense": 8434.0, "Blue Leg% defense": 122.0, "Red Distance% differential": 0.2855865381020327, "Blue Distance% differential": 0.0432205979283673, "Red Clinch%": 0.061401192270788, "Blue Clinch%": 0.0455878025108794, "Red Clinch% differential": 0.061401192270788, "Blue Clinch% differential": 0.0455878025108794, "Red Clinch% defense": 15014.0, "Blue Clinch% defense": 74.0, "Red Ground%": 0.0141729753221688, "Blue Ground%": 0.0361165899627438, "Red Ground% differential": 0.0141729753221688, "Blue Ground% differential": 0.0361165899627438, "Red Ground% defense": 8420.0, "Blue Ground% defense": 74.0, "dob oppdiff": -13.0, "totalfights oppdiff": 9.0, "elo oppdiff": 9.889175977357354, "losestreak oppdiff": 0.0, "winstreak oppdiff": 0.0, "titlewins oppdiff": 0.0, "oppelo oppdiff": 9107.024622014227, "wins oppdiff": 4.0, "losses oppdiff": 4.0, "KD oppdiff": 0.0090860215053763, "KD differential oppdiff": 0.0090860215053763, "Sig. str. oppdiff": -0.3590409381671966, "Sig. str. differential oppdiff": -0.3590409381671966, "Total str. oppdiff": -0.9784757278144988, "Total str. differential oppdiff": -0.9784757278144988, "Td oppdiff": 0.0336667916889815, "Td differential oppdiff": 0.0336667916889815, "Sub. att oppdiff": 0.0245219642946162, "Sub. att differential oppdiff": 0.0245219642946162, "Rev. oppdiff": -0.0847879457184668, "Rev. differential oppdiff": -0.0847879457184668, "Ctrl oppdiff": -0.1096380215430117, "Ctrl differential oppdiff": -0.1096380215430117, "Head oppdiff": -0.3015078419131634, "Head differential oppdiff": -0.3015078419131634, "Body oppdiff": -0.4436883252617042, "Body differential oppdiff": -0.4436883252617042, "Leg oppdiff": 0.3861552290076704, "Leg differential oppdiff": 0.3861552290076704, "Distance oppdiff": -0.3641228029678633, "Distance differential oppdiff": -0.3641228029678633, "Clinch oppdiff": 0.2883503513802573, "Clinch differential oppdiff": 0.2883503513802573, "Ground oppdiff": -0.2832684865795908, "Ground differential oppdiff": -0.2832684865795908, "Sig. str.% oppdiff": 0.2486434135788422, "Sig. str.% differential oppdiff": 0.2486434135788422, "Sig. str.% defense oppdiff": 21251.0, "Total str.% differential oppdiff": 0.167238708961636, "Td% oppdiff": 0.0013542668927301, "Td% differential oppdiff": 0.0013542668927301, "Td% defense oppdiff": 84381.0, "Head% differential oppdiff": 0.2424270561894948, "Body% oppdiff": 0.0070224450422782, "Body% differential oppdiff": 0.0070224450422782, "Body% defense oppdiff": 7259.0, "Leg% oppdiff": 0.2574814647397875, "Leg% differential oppdiff": 0.2574814647397875, "Leg% defense oppdiff": 8312.0, "Distance% differential oppdiff": 0.2423659401736654, "Clinch% oppdiff": 0.0158133897599085, "Clinch% differential oppdiff": 0.0158133897599085, "Ground% oppdiff": -0.0219436146405749, "Ground% differential oppdiff": -0.0219436146405749, "Ground% defense oppdiff": 8346.0, "predicted_result": "loss", "probability_draw": 0.004023438732500728, "probability_loss": 0.5589394225206029, "probability_win": 0.4370371387468964}, {"Result": "unknown", "Red dob": 1994, "Blue dob": 1981, "Red totalfights": 6, "Blue totalfights": 15, "Red elo": 972.2510445755456, "Blue elo": 982.1402205529027, "Red losestreak": 2, "Blue losestreak": 2, "Red winstreak": 0, "Blue winstreak": 0, "Red titlewins": 0, "Blue titlewins": 0, "Red oppelo": 6052.487204062608, "Blue oppelo": 15159.511826076836, "Red wins": 2, "Blue wins": 6, "Red losses": 4, "Blue losses": 8, "Red KD": 0.0, "Blue KD": 0.0090860215053763, "Red KD differential": 0.0, "Blue KD differential": 0.0090860215053763, "Red Sig. str.": 2.433192448577064, "Blue Sig. str.": 2.074151510409868, "Red Sig. str. differential": 2.433192448577064, "Blue Sig. str. differential": 2.074151510409868, "Red Total str.": 4.152493660185968, "Blue Total str.": 3.174017932371469, "Red Total str. differential": 4.152493660185968, "Blue Total str. differential": 3.174017932371469, "Red Td": 0.1172724711186249, "Blue Td": 0.1509392628076064, "Red Td differential": 0.1172724711186249, "Blue Td differential": 0.1509392628076064, "Red Sub. att": 0.0197802197802197, "Blue Sub. att": 0.044302184074836, "Red Sub. att differential": 0.0197802197802197, "Blue Sub. att differential": 0.044302184074836, "Red Rev.": 0.0912933220625528, "Blue Rev.": 0.006505376344086, "Red Rev. differential": 0.0912933220625528, "Blue Rev. differential": 0.006505376344086, "Red Ctrl": 0.2672987696064619, "Blue Ctrl": 0.1576607480634501,