Red Fighter,Blue Fighter,Probability Win,Probability Lose
Rob Font,Jake Matthews,0.5009961429118991,0.4968156469263484
Jake Matthews,Rob Font,0.6695935370125256,0.3270057129189587
