{"predict_data": [{"Result": "unknown", "Red dob": 1994, "Blue dob": 1981, "Red totalfights": 11, "Blue totalfights": 18, "Red elo": 1048.1990283348175, "Blue elo": 1109.5713291067584, "Red losestreak": 0, "Blue losestreak": 1, "Red winstreak": 2, "Blue winstreak": 0, "Red titlewins": 0, "Blue titlewins": 0, "Red oppelo": 11181.707212557849, "Blue oppelo": 18523.979792137357, "Red wins": 7, "Blue wins": 13, "Red losses": 4, "Blue losses": 4, "Red KD": 0.0525397963893671, "Blue KD": 0.0250657589932944, "Red KD differential": 0.0525397963893671, "Blue KD differential": 0.0250657589932944, "Red Sig. str.": 3.945124200689768, "Blue Sig. str.": 2.2220832666709445, "Red Sig. str. differential": 3.945124200689768, "Blue Sig. str. differential": 2.2220832666709445, "Red Total str.": 4.313144861327684, "Blue Total str.": 9.784845394176868, "Red Total str. differential": 4.313144861327684, "Blue Total str. differential": 9.784845394176868, "Red Td": 0.1034250092926276, "Blue Td": 0.1546329839210312, "Red Td differential": 0.1034250092926276, "Blue Td differential": 0.1546329839210312, "Red Sub. att": 0.0, "Blue Sub. att": 0.0200809842656615, "Red Sub. att differential": 0.0, "Blue Sub. att differential": 0.0200809842656615, "Red Rev.": 0.0, "Blue Rev.": 0.00164374901217, "Red Rev. differential": 0.0, "Blue Rev. differential": 0.00164374901217, "Red Ctrl": 0.0756420171540475, "Blue Ctrl": 0.3687968928142568, "Red Ctrl differential": 0.0756420171540475, "Blue Ctrl differential": 0.3687968928142568, "Red Head": 2.1905439838942478, "Blue Head": 1.6577225564171638, "Red Head differential": 2.1905439838942478, "Blue Head differential": 1.6577225564171638, "Red Body": 1.2551905540346422, "Blue Body": 0.4164130014808571, "Red Body differential": 1.2551905540346422, "Blue Body differential": 0.4164130014808571, "Red Leg": 0.4993896627608781, "Blue Leg": 0.1479477087729235, "Red Leg differential": 0.4993896627608781, "Blue Leg differential": 0.1479477087729235, "Red Distance": 3.5456870340834024, "Blue Distance": 0.7924170406153245, "Red Distance differential": 3.5456870340834024, "Blue Distance differential": 0.7924170406153245, "Red Clinch": 0.1640448803175073, "Blue Clinch": 0.6493822246919474, "Red Clinch differential": 0.1640448803175073, "Blue Clinch differential": 0.6493822246919474, "Red Ground": 0.2353922862888581, "Blue Ground": 0.7802840013636728, "Red Ground differential": 0.2353922862888581, "Blue Ground differential": 0.7802840013636728, "Red Sig. str.%": 0.0307527940875612, "Blue Sig. str.%": 0.1483920929888912, "Red Sig. str.% differential": 0.0307527940875612, "Blue Sig. str.% differential": 0.1483920929888912, "Red Sig. str.% defense": 8046.0, "Blue Sig. str.% defense": 110205.0, "Red Total str.% differential": 0.0323152752737458, "Blue Total str.% differential": 0.2039105752054592, "Red Td%": 0.0264018757455228, "Blue Td%": 0.0472427184057293, "Red Td% differential": 0.0264018757455228, "Blue Td% differential": 0.0472427184057293, "Red Td% defense": 15411.0, "Blue Td% defense": 306837.0, "Red Head% differential": 0.0217216553109978, "Blue Head% differential": 0.0998842780883667, "Red Body%": 0.0598431058701306, "Blue Body%": 0.1696660222127438, "Red Body% differential": 0.0598431058701306, "Blue Body% differential": 0.1696660222127438, "Red Body% defense": 1362.0, "Blue Body% defense": 68306.0, "Red Leg%": 0.0722897358348434, "Blue Leg%": 0.0816237788373783, "Red Leg% differential": 0.0722897358348434, "Blue Leg% differential": 0.0816237788373783, "Red Leg% defense": 1020.0, "Blue Leg% defense": 20351.0, "Red Distance% differential": 0.0299769774205342, "Blue Distance% differential": 0.0675539531854503, "Red Clinch%": 0.0354186108027017, "Blue Clinch%": 0.2102017212083206, "Red Clinch% differential": 0.0354186108027017, "Blue Clinch% differential": 0.2102017212083206, "Red Clinch% defense": 886.0, "Blue Clinch% defense": 75880.0, "Red Ground%": 0.0282420438927073, "Blue Ground%": 0.1141290757923987, "Red Ground% differential": 0.0282420438927073, "Blue Ground% differential": 0.1141290757923987, "Red Ground% defense": 12781.0, "Blue Ground% defense": 119838.0, "dob oppdiff": 13.0, "totalfights oppdiff": -7.0, "elo oppdiff": -61.37230077194067, "losestreak oppdiff": -1.0, "winstreak oppdiff": 2.0, "titlewins oppdiff": 0.0, "oppelo oppdiff": -7342.272579579507, "wins oppdiff": -6.0, "losses oppdiff": 0.0, "KD oppdiff": 0.0274740373960727, "KD differential oppdiff": 0.0274740373960727, "Sig. str. oppdiff": 1.7230409340188235, "Sig. str. differential oppdiff": 1.7230409340188235, "Total str. oppdiff": -5.471700532849184, "Total str. differential oppdiff": -5.471700532849184, "Td oppdiff": -0.0512079746284036, "Td differential oppdiff": -0.0512079746284036, "Sub. att oppdiff": -0.0200809842656615, "Sub. att differential oppdiff": -0.0200809842656615, "Rev. oppdiff": -0.00164374901217, "Rev. differential oppdiff": -0.00164374901217, "Ctrl oppdiff": -0.2931548756602092, "Ctrl differential oppdiff": -0.2931548756602092, "Head oppdiff": 0.5328214274770835, "Head differential oppdiff": 0.5328214274770835, "Body oppdiff": 0.838777552553785, "Body differential oppdiff": 0.838777552553785, "Leg oppdiff": 0.3514419539879546, "Leg differential oppdiff": 0.3514419539879546, "Distance oppdiff": 2.753269993468078, "Distance differential oppdiff": 2.753269993468078, "Clinch oppdiff": -0.4853373443744401, "Clinch differential oppdiff": -0.4853373443744401, "Ground oppdiff": -0.5448917150748147, "Ground differential oppdiff": -0.5448917150748147, "Sig. str.% oppdiff": -0.1176392989013299, "Sig. str.% differential oppdiff": -0.1176392989013299, "Sig. str.% defense oppdiff": -102159.0, "Total str.% differential oppdiff": -0.1715952999317133, "Td% oppdiff": -0.0208408426602064, "Td% differential oppdiff": -0.0208408426602064, "Td% defense oppdiff": -291426.0, "Head% differential oppdiff": -0.0781626227773688, "Body% oppdiff": -0.1098229163426131, "Body% differential oppdiff": -0.1098229163426131, "Body% defense oppdiff": -66944.0, "Leg% oppdiff": -0.0093340430025348, "Leg% differential oppdiff": -0.0093340430025348, "Leg% defense oppdiff": -19331.0, "Distance% differential oppdiff": -0.0375769757649161, "Clinch% oppdiff": -0.1747831104056188, "Clinch% differential oppdiff": -0.1747831104056188, "Ground% oppdiff": -0.0858870318996914, "Ground% differential oppdiff": -0.0858870318996914, "Ground% defense oppdiff": -107057.0, "predicted_result": "win", "probability_draw": 0.004186585267952677, "probability_loss": 0.29989321996847235, "probability_win": 0.6959201947635749}, {"Result": "unknown", "Red dob": 1981, "Blue dob": 1994, "Red totalfights": 18, "Blue totalfights": 11, "Red elo": 1109.5713291067584, "Blue elo": 1048.1990283348175, "Red losestreak": 1, "Blue losestreak": 0, "Red winstreak": 0, "Blue winstreak": 2, "Red titlewins": 0, "Blue titlewins": 0, "Red oppelo": 18523.979792137357, "Blue oppelo": 11181.707212557849, "Red wins": 13, "Blue wins": 7, "Red losses": 4, "Blue losses": 4, "Red KD": 0.0250657589932944, "Blue KD": 0.0525397963893671, "Red KD differential": 0.0250657589932944, "Blue KD differential": 0.0525397963893671, "Red Sig. str.": 2.2220832666709445, "Blue Sig. str.": 3.945124200689768, "Red Sig. str. differential": 2.2220832666709445, "Blue Sig. str. differential": 3.945124200689768, "Red Total str.": 9.784845394176868, "Blue Total str.": 4.313144861327684, "Red Total str. differential": 9.784845394176868, "Blue Total str. differential": 4.313144861327684, "Red Td": 0.1546329839210312, "Blue Td": 0.1034250092926276, "Red Td differential": 0.1546329839210312, "Blue Td differential": 0.1034250092926276, "Red Sub. att": 0.0200809842656615, "Blue Sub. att": 0.0, "Red Sub. att differential": 0.0200809842656615, "Blue Sub. att differential": 0.0, "Red Rev.": 0.00164374901217, "Blue Rev.": 0.0, "Red Rev. differential": 0.00164374901217, "Blue Rev. differential": 0.0, "Red Ctrl": 0.3687968928142568, "Blue Ctrl": 0.0756420171540475,