{"predict_data": [{"Result": "unknown", "Red dob": 1991, "Blue dob": 1989, "Red totalfights": 20, "Blue totalfights": 16, "Red elo": 1138.0589867088745, "Blue elo": 1148.0754633585602, "Red losestreak": 0, "Blue losestreak": 1, "Red winstreak": 3, "Blue winstreak": 0, "Red titlewins": 1, "Blue titlewins": 8, "Red oppelo": 20900.3651967918, "Blue oppelo": 17439.95334298639, "Red wins": 15, "Blue wins": 13, "Red losses": 5, "Blue losses": 3, "Red KD": 0.0319738872568624, "Blue KD": 0.0441683278010137, "Red KD differential": 0.0319738872568624, "Blue KD differential": 0.0441683278010137, "Red Sig. str.": 6.826709246073484, "Blue Sig. str.": 3.97789151991718, "Red Sig. str. differential": 6.826709246073484, "Blue Sig. str. differential": 3.97789151991718, "Red Total str.": 7.203821660016369, "Blue Total str.": 4.61920904732243, "Red Total str. differential": 7.203821660016369, "Blue Total str. differential": 4.61920904732243, "Red Td": 0.033916852703561, "Blue Td": 0.0059507665154011, "Red Td differential": 0.033916852703561, "Blue Td differential": 0.0059507665154011, "Red Sub. att": 0.0023065436305854, "Blue Sub. att": 0.0021657754010695, "Red Sub. att differential": 0.0023065436305854, "Blue Sub. att differential": 0.0021657754010695, "Red Rev.": 0.0, "Blue Rev.": 0.0064705882352941, "Red Rev. differential": 0.0, "Blue Rev. differential": 0.0064705882352941, "Red Ctrl": 0.0681670053228292, "Blue Ctrl": 0.0444966695807237, "Red Ctrl differential": 0.0681670053228292, "Blue Ctrl differential": 0.0444966695807237, "Red Head": 5.574551670288507, "Blue Head": 1.734029520915941, "Red Head differential": 5.574551670288507, "Blue Head differential": 1.734029520915941, "Red Body": 1.0286428582969092, "Blue Body": 0.971294167135296, "Red Body differential": 1.0286428582969092, "Blue Body differential": 0.971294167135296, "Red Leg": 0.2235147174880686, "Blue Leg": 1.2725678318659426, "Red Leg differential": 0.2235147174880686, "Blue Leg differential": 1.2725678318659426, "Red Distance": 6.310336630398512, "Blue Distance": 3.759507949657823, "Red Distance differential": 6.310336630398512, "Blue Distance differential": 3.759507949657823, "Red Clinch": 0.1920721801525583, "Blue Clinch": 0.091348266431559, "Red Clinch differential": 0.1920721801525583, "Blue Clinch differential": 0.091348266431559, "Red Ground": 0.3243004355224164, "Blue Ground": 0.1270353038277974, "Red Ground differential": 0.3243004355224164, "Blue Ground differential": 0.1270353038277974, "Red Sig. str.%": 0.0464955547501597, "Blue Sig. str.%": 0.0281823449467997, "Red Sig. str.% differential": 0.0464955547501597, "Blue Sig. str.% differential": 0.0281823449467997, "Red Sig. str.% defense": 197943.0, "Blue Sig. str.% defense": 35455.0, "Red Total str.% differential": 0.0470750834267469, "Blue Total str.% differential": 0.0294516045325892, "Red Td%": 0.0203786227694881, "Blue Td%": 0.0014876916288502, "Red Td% differential": 0.0203786227694881, "Blue Td% differential": 0.0014876916288502, "Red Td% defense": 795340.0, "Blue Td% defense": 123616.0, "Red Head% differential": 0.0422968395696134, "Blue Head% differential": 0.0196839494930372, "Red Body%": 0.0672750460860615, "Blue Body%": 0.0397072091590165, "Red Body% differential": 0.0672750460860615, "Blue Body% differential": 0.0397072091590165, "Red Body% defense": 43488.0, "Blue Body% defense": 4381.0, "Red Leg%": 0.0448016871784369, "Blue Leg%": 0.0482511661425668, "Red Leg% differential": 0.0448016871784369, "Blue Leg% differential": 0.0482511661425668, "Red Leg% defense": 6619.0, "Blue Leg% defense": 6924.0, "Red Distance% differential": 0.0454732513052877, "Blue Distance% differential": 0.0278868879643573, "Red Clinch%": 0.0309958372915988, "Blue Clinch%": 0.0209757555728894, "Red Clinch% differential": 0.0309958372915988, "Blue Clinch% differential": 0.0209757555728894, "Red Clinch% defense": 323228.0, "Blue Clinch% defense": 15187.0, "Red Ground%": 0.0184165735675802, "Blue Ground%": 0.0312195558549648, "Red Ground% differential": 0.0184165735675802, "Blue Ground% differential": 0.0312195558549648, "Red Ground% defense": 899930.0, "Blue Ground% defense": 103112.0, "dob oppdiff": 2.0, "totalfights oppdiff": 4.0, "elo oppdiff": -10.016476649685956, "losestreak oppdiff": -1.0, "winstreak oppdiff": 3.0, "titlewins oppdiff": -7.0, "oppelo oppdiff": 3460.41185380541, "wins oppdiff": 2.0, "losses oppdiff": 2.0, "KD oppdiff": -0.0121944405441513, "KD differential oppdiff": -0.0121944405441513, "Sig. str. oppdiff": 2.8488177261563044, "Sig. str. differential oppdiff": 2.8488177261563044, "Total str. oppdiff": 2.584612612693939, "Total str. differential oppdiff": 2.584612612693939, "Td oppdiff": 0.0279660861881599, "Td differential oppdiff": 0.0279660861881599, "Sub. att oppdiff": 0.0001407682295159, "Sub. att differential oppdiff": 0.0001407682295159, "Rev. oppdiff": -0.0064705882352941, "Rev. differential oppdiff": -0.0064705882352941, "Ctrl oppdiff": 0.0236703357421055, "Ctrl differential oppdiff": 0.0236703357421055, "Head oppdiff": 3.840522149372566, "Head differential oppdiff": 3.840522149372566, "Body oppdiff": 0.057348691161613, "Body differential oppdiff": 0.057348691161613, "Leg oppdiff": -1.049053114377874, "Leg differential oppdiff": -1.049053114377874, "Distance oppdiff": 2.5508286807406884, "Distance differential oppdiff": 2.5508286807406884, "Clinch oppdiff": 0.1007239137209993, "Clinch differential oppdiff": 0.1007239137209993, "Ground oppdiff": 0.1972651316946189, "Ground differential oppdiff": 0.1972651316946189, "Sig. str.% oppdiff": 0.01831320980336, "Sig. str.% differential oppdiff": 0.01831320980336, "Sig. str.% defense oppdiff": 162488.0, "Total str.% differential oppdiff": 0.0176234788941577, "Td% oppdiff": 0.0188909311406378, "Td% differential oppdiff": 0.0188909311406378, "Td% defense oppdiff": 671724.0, "Head% differential oppdiff": 0.0226128900765762, "Body% oppdiff": 0.0275678369270449, "Body% differential oppdiff": 0.0275678369270449, "Body% defense oppdiff": 39107.0, "Leg% oppdiff": -0.0034494789641299, "Leg% differential oppdiff": -0.0034494789641299, "Leg% defense oppdiff": -305.0, "Distance% differential oppdiff": 0.0175863633409304, "Clinch% oppdiff": 0.0100200817187094, "Clinch% differential oppdiff": 0.0100200817187094, "Ground% oppdiff": -0.0128029822873846, "Ground% differential oppdiff": -0.0128029822873846, "Ground% defense oppdiff": 796818.0, "predicted_result": "loss", "probability_draw": 0.006791721477192034, "probability_loss": 0.5528336167070218, "probability_win": 0.4403746618157862}, {"Result": "unknown", "Red dob": 1989, "Blue dob": 1991, "Red totalfights": 16, "Blue totalfights": 20, "Red elo": 1148.0754633585602, "Blue elo": 1138.0589867088745, "Red losestreak": 1, "Blue losestreak": 0, "Red winstreak": 0, "Blue winstreak": 3, "Red titlewins": 8, "Blue titlewins": 1, "Red oppelo": 17439.95334298639, "Blue oppelo": 20900.3651967918, "Red wins": 13, "Blue wins": 15, "Red losses": 3, "Blue losses": 5, "Red KD": 0.0441683278010137, "Blue KD": 0.0319738872568624, "Red KD differential": 0.0441683278010137, "Blue KD differential": 0.0319738872568624, "Red Sig. str.": 3.97789151991718, "Blue Sig. str.": 6.826709246073484, "Red Sig. str. differential": 3.97789151991718, "Blue Sig. str. differential": 6.826709246073484, "Red Total str.": 4.61920904732243, "Blue Total str.": 7.203821660016369, "Red Total str. differential": 4.61920904732243, "Blue Total str. differential": 7.203821660016369, "Red Td": 0.0059507665154011, "Blue Td": 0.033916852703561, "Red Td differential": 0.0059507665154011, "Blue Td differential": 0.033916852703561, "Red Sub. att": 0.0021657754010695, "Blue Sub. att": 0.0023065436305854, "Red Sub. att differential": 0.0021657754010695, "Blue Sub. att differential": 0.0023065436305854, "Red Rev.": 0.0064705882352941, "Blue Rev.": 0.0, "Red Rev. differential": 0.0064705882352941, "Blue Rev. differential": 0.0, "Red Ctrl": 0.0444966695807237, "Blue Ctrl": 0.0681670053228292,