{"predict_data": [{"Result": "unknown", "Red dob": 1977, "Blue dob": 1991, "Red totalfights": 13, "Blue totalfights": 8, "Red elo": 1080.5549680865383, "Blue elo": 1067.13372572743, "Red losestreak": 3, "Blue losestreak": 0, "Red winstreak": 0, "Blue winstreak": 1, "Red titlewins": 1, "Blue titlewins": 0, "Red oppelo": 14060.124566236134, "Blue oppelo": 8420.61646082005, "Red wins": 9, "Blue wins": 6, "Red losses": 4, "Blue losses": 2, "Red KD": 0.0521732370707509, "Blue KD": 0.0291758773818693, "Red KD differential": 0.0521732370707509, "Blue KD differential": 0.0291758773818693, "Red Sig. str.": 3.8129887416618686, "Blue Sig. str.": 5.6241831747332025, "Red Sig. str. differential": 3.8129887416618686, "Blue Sig. str. differential": 5.6241831747332025, "Red Total str.": 4.584240256914145, "Blue Total str.": 6.437445207001059, "Red Total str. differential": 4.584240256914145, "Blue Total str. differential": 6.437445207001059, "Red Td": 0.0815480105291336, "Blue Td": 0.051437908496732, "Red Td differential": 0.0815480105291336, "Blue Td differential": 0.051437908496732, "Red Sub. att": 0.0, "Blue Sub. att": 0.0, "Red Sub. att differential": 0.0, "Blue Sub. att differential": 0.0, "Red Rev.": 0.0, "Blue Rev.": 0.0, "Red Rev. differential": 0.0, "Blue Rev. differential": 0.0, "Red Ctrl": 0.0884496665684554, "Blue Ctrl": 0.1256131321821734, "Red Ctrl differential": 0.0884496665684554, "Blue Ctrl differential": 0.1256131321821734, "Red Head": 2.49675003269849, "Blue Head": 2.867777555118546, "Red Head differential": 2.49675003269849, "Blue Head differential": 2.867777555118546, "Red Body": 0.5601843160315303, "Blue Body": 2.414598332622931, "Red Body differential": 0.5601843160315303, "Blue Body differential": 2.414598332622931, "Red Leg": 0.7560543929318485, "Blue Leg": 0.3418072869917264, "Red Leg differential": 0.7560543929318485, "Blue Leg differential": 0.3418072869917264, "Red Distance": 2.9865465958745334, "Blue Distance": 4.821011789513938, "Red Distance differential": 2.9865465958745334, "Blue Distance differential": 4.821011789513938, "Red Clinch": 0.4622844887789303, "Blue Clinch": 0.3027829552555084, "Red Clinch differential": 0.4622844887789303, "Blue Clinch differential": 0.3027829552555084, "Red Ground": 0.3641576570084051, "Blue Ground": 0.5003884299637565, "Red Ground differential": 0.3641576570084051, "Blue Ground differential": 0.5003884299637565, "Red Sig. str.%": 0.0298005866743431, "Blue Sig. str.%": 0.0491991619502907, "Red Sig. str.% differential": 0.0298005866743431, "Blue Sig. str.% differential": 0.0491991619502907, "Red Sig. str.% defense": 18010.0, "Blue Sig. str.% defense": 402.0, "Red Total str.% differential": 0.032508643822653, "Blue Total str.% differential": 0.0508440814375008, "Red Td%": 0.0153281937796313, "Blue Td%": 0.0305228758169934, "Red Td% differential": 0.0153281937796313, "Blue Td% differential": 0.0305228758169934, "Red Td% defense": 78778.0, "Blue Td% defense": 3448.0, "Red Head% differential": 0.0250562389371112, "Blue Head% differential": 0.0360198520607747, "Red Body%": 0.0382566503518983, "Blue Body%": 0.0713466047852272, "Red Body% differential": 0.0382566503518983, "Blue Body% differential": 0.0713466047852272, "Red Body% defense": 7292.0, "Blue Body% defense": 38.0, "Red Leg%": 0.0477463206241259, "Blue Leg%": 0.0689097290978108, "Red Leg% differential": 0.0477463206241259, "Blue Leg% differential": 0.0689097290978108, "Red Leg% defense": 1140.0, "Blue Leg% defense": 0.0, "Red Distance% differential": 0.0269818298767812, "Blue Distance% differential": 0.0472031421120009, "Red Clinch%": 0.0423771611943358, "Blue Clinch%": 0.0497897902077899, "Red Clinch% differential": 0.0423771611943358, "Blue Clinch% differential": 0.0497897902077899, "Red Clinch% defense": 13055.0, "Blue Clinch% defense": 50.0, "Red Ground%": 0.0344098511506741, "Blue Ground%": 0.043606339577579, "Red Ground% differential": 0.0344098511506741, "Blue Ground% differential": 0.043606339577579, "Red Ground% defense": 42283.0, "Blue Ground% defense": 188.0, "dob oppdiff": -14.0, "totalfights oppdiff": 5.0, "elo oppdiff": 13.421242359108192, "losestreak oppdiff": 3.0, "winstreak oppdiff": -1.0, "titlewins oppdiff": 1.0, "oppelo oppdiff": 5639.508105416084, "wins oppdiff": 3.0, "losses oppdiff": 2.0, "KD oppdiff": 0.0229973596888815, "KD differential oppdiff": 0.0229973596888815, "Sig. str. oppdiff": -1.8111944330713337, "Sig. str. differential oppdiff": -1.8111944330713337, "Total str. oppdiff": -1.8532049500869137, "Total str. differential oppdiff": -1.8532049500869137, "Td oppdiff": 0.0301101020324016, "Td differential oppdiff": 0.0301101020324016, "Sub. att oppdiff": 0.0, "Sub. att differential oppdiff": 0.0, "Rev. oppdiff": 0.0, "Rev. differential oppdiff": 0.0, "Ctrl oppdiff": -0.037163465613718, "Ctrl differential oppdiff": -0.037163465613718, "Head oppdiff": -0.3710275224200559, "Head differential oppdiff": -0.3710275224200559, "Body oppdiff": -1.854414016591401, "Body differential oppdiff": -1.854414016591401, "Leg oppdiff": 0.414247105940122, "Leg differential oppdiff": 0.414247105940122, "Distance oppdiff": -1.8344651936394047, "Distance differential oppdiff": -1.8344651936394047, "Clinch oppdiff": 0.1595015335234219, "Clinch differential oppdiff": 0.1595015335234219, "Ground oppdiff": -0.1362307729553514, "Ground differential oppdiff": -0.1362307729553514, "Sig. str.% oppdiff": -0.0193985752759475, "Sig. str.% differential oppdiff": -0.0193985752759475, "Sig. str.% defense oppdiff": 17608.0, "Total str.% differential oppdiff": -0.0183354376148478, "Td% oppdiff": -0.0151946820373621, "Td% differential oppdiff": -0.0151946820373621, "Td% defense oppdiff": 75330.0, "Head% differential oppdiff": -0.0109636131236635, "Body% oppdiff": -0.0330899544333288, "Body% differential oppdiff": -0.0330899544333288, "Body% defense oppdiff": 7254.0, "Leg% oppdiff": -0.0211634084736849, "Leg% differential oppdiff": -0.0211634084736849, "Leg% defense oppdiff": 1140.0, "Distance% differential oppdiff": -0.0202213122352196, "Clinch% oppdiff": -0.0074126290134541, "Clinch% differential oppdiff": -0.0074126290134541, "Ground% oppdiff": -0.0091964884269048, "Ground% differential oppdiff": -0.0091964884269048, "Ground% defense oppdiff": 42095.0, "predicted_result": "loss", "probability_draw": 0.002268112319183614, "probability_loss": 0.6421011361257166, "probability_win": 0.35563075155509977}, {"Result": "unknown", "Red dob": 1991, "Blue dob": 1977, "Red totalfights": 8, "Blue totalfights": 13, "Red elo": 1067.13372572743, "Blue elo": 1080.5549680865383, "Red losestreak": 0, "Blue losestreak": 3, "Red winstreak": 1, "Blue winstreak": 0, "Red titlewins": 0, "Blue titlewins": 1, "Red oppelo": 8420.61646082005, "Blue oppelo": 14060.124566236134, "Red wins": 6, "Blue wins": 9, "Red losses": 2, "Blue losses": 4, "Red KD": 0.0291758773818693, "Blue KD": 0.0521732370707509, "Red KD differential": 0.0291758773818693, "Blue KD differential": 0.0521732370707509, "Red Sig. str.": 5.6241831747332025, "Blue Sig. str.": 3.8129887416618686, "Red Sig. str. differential": 5.6241831747332025, "Blue Sig. str. differential": 3.8129887416618686, "Red Total str.": 6.437445207001059, "Blue Total str.": 4.584240256914145, "Red Total str. differential": 6.437445207001059, "Blue Total str. differential": 4.584240256914145, "Red Td": 0.051437908496732, "Blue Td": 0.0815480105291336, "Red Td differential": 0.051437908496732, "Blue Td differential": 0.0815480105291336, "Red Sub. att": 0.0, "Blue Sub. att": 0.0, "Red Sub. att differential": 0.0, "Blue Sub. att differential": 0.0, "Red Rev.": 0.0, "Blue Rev.": 0.0, "Red Rev. differential": 0.0, "Blue Rev. differential": 0.0, "Red Ctrl": 0.1256131321821734, "Blue Ctrl": 0.0884496665684554, "Red Ctrl differential": 0.1256131321821734, "Blue Ctrl differential": 0.0884496665684554, "Red Head": 2.867777555118546, "Blue Head": 2.49675003269849, "Red Head differential": 2.867777555118546, "Blue Head differential": 2.49675003269849,