{
    "best_params": {
        "num_leaves": 55,
        "learning_rate": 0.02687657462067942,
        "min_child_samples": 78,
        "subsample": 0.6782072823547746,
        "colsample_bytree": 0.7416448086854065
    },
    "best_score": 0.6282590412111018
}